scene,degradation,channel,severity,frame,n_gt,tp,fp,fn,precision,recall,f1,mean_iou,depth_err_signed,depth_err_max,err3d,reliability,status,diagnosis1,diagnosis_all,latency_ms,monitor_ms,n_tracks,s_confidence,s_sharpness,s_exposure,s_clipping,s_noise,s_chroma,s_ood,s_temporal,s_motion,s_depth_valid,s_depth_consistency,s_geometry,s_timing,depth_err_corr,failure
multi,none,none,0.0,0,2,2,0,0,1.0,1.0,1.0,1.0,-1.244034767150879,2.1380691528320312,1.2588873292674259,0.27713335928508726,DEGRADED,Unstable tracking / temporal disagreement,Unstable tracking / temporal disagreement | Distribution shift (input unlike calibration set),57.706225000004,6.170198000006621,2,0.9505856293590424,1.0,0.9966140711386395,1.0,1.0,0.9997637354238725,0.820288995541156,0.0,1.0,0.9952380952380953,0.9907716530492656,0.9692784097154019,1.0,0.8953253289927616,0
multi,none,none,0.0,1,2,2,0,0,1.0,1.0,1.0,0.9761848982685465,-1.2448030969370976,2.1396058124044686,1.2557476548162199,0.8774680830245517,TRUSTED,Unstable tracking / temporal disagreement,Unstable tracking / temporal disagreement | Erratic object motion (large filter innovation) | Distribution shift (input unlike calibration set),43.30504300003213,6.160734999980377,2,0.9504707541692301,1.0,0.9973703120271837,1.0,1.0,0.9943964851825511,0.8234825173166942,0.6094961240310077,0.356560980663947,0.9785714285714286,0.9907593204098566,0.9601939850011313,1.0,0.894556999206543,0
multi,none,none,0.0,2,2,2,0,0,1.0,1.0,1.0,0.9699998642573293,-1.2439535182455312,2.137906655021336,1.2547880542306196,0.9177960132289191,TRUSTED,Erratic object motion (large filter innovation),Erratic object motion (large filter innovation) | Unstable tracking / temporal disagreement | Distribution shift (input unlike calibration set),43.516184000054636,6.304527999986931,2,0.9512557008308204,1.0,0.99674742137951,1.0,1.0,0.9988858796382466,0.8475438437896108,0.7393669552144184,0.543402674063275,0.9788177339901478,0.9907612360413235,0.9733092117494057,1.0,0.8954065778981093,0
multi,none,none,0.0,3,2,2,0,0,1.0,1.0,1.0,0.9513859617109259,-1.2442721905915626,2.1385439997133986,1.2541875891371248,0.9277217945999476,TRUSTED,Erratic object motion (large filter innovation),Erratic object motion (large filter innovation) | Unstable tracking / temporal disagreement | Distribution shift (input unlike calibration set),43.15662300001577,6.106023000029381,2,0.9512636775575471,1.0,0.9965702105819607,1.0,1.0,1.0,0.8131511195321126,0.8034515993435419,0.6472779075777755,0.9959183673469387,0.9907450401543308,0.9392800991546307,1.0,0.895087905552078,0
multi,none,none,0.0,4,2,2,0,0,1.0,1.0,1.0,0.9479125398216857,-1.2443457686382793,2.138691155806832,1.2532994502601982,0.9386215619932963,TRUSTED,Erratic object motion (large filter innovation),Erratic object motion (large filter innovation) | Unstable tracking / temporal disagreement | Distribution shift (input unlike calibration set),43.54660899997498,6.291775999955007,2,0.9517075535109638,1.0,0.9968192253553634,1.0,1.0,0.9977677053065849,0.8409005612923582,0.8280177310428889,0.7127342635544152,0.9783068783068782,0.9902545871008644,0.9569425680091469,1.0,0.8950143275053613,0
multi,none,none,0.0,5,2,2,0,0,1.0,1.0,1.0,0.9539891245502226,-1.2441742523856778,2.138348123301629,1.2524120637355316,0.9434161709069405,TRUSTED,Unstable tracking / temporal disagreement,Unstable tracking / temporal disagreement | Erratic object motion (large filter innovation) | Distribution shift (input unlike calibration set),43.52653599994483,6.15581499999962,2,0.9521096732173524,1.0,0.996167330146015,1.0,1.0,1.0,0.8581715729043413,0.8449522710178887,0.758079164953971,0.9967032967032967,0.9897687782621171,0.9276641177011545,1.0,0.8951858437579627,0
multi,none,none,0.0,6,2,2,0,0,1.0,1.0,1.0,0.9401802339603851,-1.2437590723452363,2.137517763220746,1.2526203748316664,0.9455778521825435,TRUSTED,Unstable tracking / temporal disagreement,Unstable tracking / temporal disagreement | Distribution shift (input unlike calibration set) | Erratic object motion (large filter innovation),43.315866999989794,6.185367999989921,2,0.9520830081098381,1.0,0.9966561631244846,1.0,1.0,0.9989509718254005,0.8567469687213646,0.852178547493122,0.7895706850438238,0.968956043956044,0.9897529023222349,0.9407158076061365,1.0,0.8956010237984042,0
multi,none,none,0.0,7,2,2,0,0,1.0,1.0,1.0,0.8626397439123228,-1.2290855076002032,2.10817063373068,1.2634012021090644,0.9347606758006484,TRUSTED,Distribution shift (input unlike calibration set),Distribution shift (input unlike calibration set) | Unstable tracking / temporal disagreement | Erratic object motion (large filter innovation),43.2025690000728,6.138409000016054,2,0.9524112277486233,1.0,0.9996712226819917,1.0,1.0,0.9742018057233197,0.82531671866967,0.8390799212815074,0.7603730249033875,0.9672371031746032,0.9917981106435225,0.9106122462410025,1.0,0.9102745885434373,0
multi,none,none,0.0,8,2,2,0,0,1.0,1.0,1.0,0.8752658159137674,-5.719565598861031,11.089130816252336,5.756496414229951,0.8365392196353111,TRUSTED,Geometric inconsistency (calibration or depth scale error),Geometric inconsistency (calibration or depth scale error) | Unstable tracking / temporal disagreement | Erratic object motion (large filter innovation),43.809799999962706,6.146513999965464,2,0.9384830621347897,0.9938330170406932,0.9996712226819917,1.0,1.0,0.9664882648616636,0.8416598118346639,0.8263248456078358,0.7262295762897812,0.9880952380952381,1.0,0.33614694788611915,1.0,-3.5802055027173907,1
multi,none,none,0.0,9,2,2,0,0,1.0,1.0,1.0,0.8867917966850737,-1.2637652106907051,2.1775300399116837,1.2640455824042591,0.9333217382699678,TRUSTED,Unstable tracking / temporal disagreement,Unstable tracking / temporal disagreement | Erratic object motion (large filter innovation) | Distribution shift (input unlike calibration set),43.20166500002642,6.097162999992634,2,0.9535653553232366,1.0,0.9984102316774734,1.0,1.0,0.9833751174433771,0.8516971218951256,0.813330312618899,0.698936957432149,0.9773291925465839,0.9913084307073914,0.925588080591658,1.0,0.8755948854529354,0
multi,none,none,0.0,10,2,2,0,0,1.0,1.0,1.0,0.8937428554739426,-1.2469516007796582,2.1439028200895898,1.2498911510445347,0.936388724510604,TRUSTED,Unstable tracking / temporal disagreement,Unstable tracking / temporal disagreement | Erratic object motion (large filter innovation) | Distribution shift (input unlike calibration set),43.26822500001981,6.181620999996085,2,0.9521057493409935,1.0,0.9945756163955712,1.0,1.0,1.0,0.8442734393949486,0.8113385147336952,0.6918026121676427,0.999025974025974,0.9897495872839543,0.950360899201503,1.0,0.8924084953639824,0
multi,none,none,0.0,11,2,2,0,0,1.0,1.0,1.0,0.913572691526894,-1.2460309733515196,2.1420615652333126,1.250478716353887,0.9346788443494374,TRUSTED,Unstable tracking / temporal disagreement,Unstable tracking / temporal disagreement | Erratic object motion (large filter innovation) | Distribution shift (input unlike calibration set),44.07028299999638,6.425445000047603,2,0.9542336928689465,1.0,0.9943142216263317,1.0,1.0,1.0,0.8648209046825233,0.8152116068723579,0.7080462481372014,0.9772727272727273,0.9887325853996777,0.9142950886115135,1.0,0.893329122792121,0
multi,none,none,0.0,12,2,2,0,0,1.0,1.0,1.0,0.9304927709401046,-1.2438257466191835,2.1376511117686405,1.2498060493294048,0.933858114028665,TRUSTED,Unstable tracking / temporal disagreement,Unstable tracking / temporal disagreement | Erratic object motion (large filter innovation) | Distribution shift (input unlike calibration set),46.591944999988755,7.890993999978946,2,0.9542635792740755,1.0,0.9933429225243944,1.0,1.0,1.0,0.8367244482932941,0.8210586173346512,0.7267338483364335,1.0,0.9877491702044789,0.9019915420029969,1.0,0.895534349524457,0
multi,none,none,0.0,13,2,2,0,0,1.0,1.0,1.0,0.8119373307146411,-1.2432169706925116,2.1364335599152966,1.2554143227436518,0.9377829714950023,TRUSTED,Unstable tracking / temporal disagreement,Unstable tracking / temporal disagreement | Erratic object motion (large filter innovation) | Distribution shift (input unlike calibration set),44.255006999947,6.187223999972957,2,0.9540330796856911,1.0,0.9960088661993043,1.0,1.0,1.0,0.863620571577709,0.8291809229003202,0.771871747743583,0.969327731092437,0.9867747141626393,0.8962267497491081,1.0,0.896143125451129,0
multi,none,none,0.0,14,1,1,0,0,1.0,1.0,1.0,0.8896911352085559,-2.1379129990287424,2.1379129990287424,2.1495226359654738,0.9103671926671446,TRUSTED,Geometric inconsistency (calibration or depth scale error),Geometric inconsistency (calibration or depth scale error) | Unstable tracking / temporal disagreement | Erratic object motion (large filter innovation),42.194671999993716,6.209911999974338,1,0.9537015839319211,1.0,0.9993231679418946,1.0,1.0,0.9713591529950519,0.8774383444845747,0.7546871784303798,0.6570511714532814,1.0,0.9726738545502717,0.7910739815733857,1.0,0.0014470971148980993,0
multi,none,none,0.0,15,1,1,0,0,1.0,1.0,1.0,0.899274993846527,-2.138255658357039,2.138255658357039,2.1506422379978125,0.9070779182519936,TRUSTED,Geometric inconsistency (calibration or depth scale error),Geometric inconsistency (calibration or depth scale error) | Unstable tracking / temporal disagreement | Erratic object motion (large filter innovation),41.78619499998604,6.190480999975989,1,0.9511065413486167,0.9904080534752324,0.998807452686751,1.0,1.0,0.9850433554298572,0.8896885765168517,0.7442008595102753,0.6541595973088355,1.0,0.9716153574264149,0.7703928236382341,1.0,0.0011044377866014088,0
multi,none,none,0.0,16,1,1,0,0,1.0,1.0,1.0,0.8958730585005164,-2.1374610610630214,2.1374610610630214,2.149508142798386,0.9109437345854856,TRUSTED,Unstable tracking / temporal disagreement,Unstable tracking / temporal disagreement | Geometric inconsistency (calibration or depth scale error) | Erratic object motion (large filter innovation),42.54426200003536,6.057403999989219,1,0.9505827415948349,1.0,0.9968209939261972,1.0,1.0,1.0,0.877772434527187,0.7375716023630804,0.6467171142794289,1.0,0.9697337351034728,0.8106291766945349,1.0,0.0018990350806191714,0
multi,none,none,0.0,17,1,1,0,0,1.0,1.0,1.0,0.8993422557506565,-2.1385490168695895,2.1385490168695895,2.150921281050911,0.9062762456800173,TRUSTED,Unstable tracking / temporal disagreement,Unstable tracking / temporal disagreement | Geometric inconsistency (calibration or depth scale error) | Erratic object motion (large filter innovation),42.22330699997201,5.9730689999923925,1,0.954184790692335,1.0,0.9942753130679876,1.0,1.0,1.0,0.8590780059282903,0.7327518420092382,0.6400602033582375,1.0,0.9678770129054551,0.7956257494914284,1.0,0.0008110792740509964,0
multi,none,none,0.0,18,2,2,0,0,1.0,1.0,1.0,0.8566706395149323,-1.2433755294136377,2.136750677357549,1.262023058650715,0.9095502462381838,TRUSTED,Unstable tracking / temporal disagreement,Unstable tracking / temporal disagreement | Erratic object motion (large filter innovation),43.453495000051134,6.135097000026235,2,0.9526435568145247,1.0,0.9889589891415058,1.0,1.0,1.0,0.8805827850150302,0.6226553476606638,0.7026634870402491,0.9583333333333333,0.982821544840411,0.9011581846915413,1.0,0.8959845667300028,0
multi,none,none,0.0,19,2,2,0,0,1.0,1.0,1.0,0.8209134127169431,-1.2431749260943867,2.136349470719047,1.2498930491281162,0.9014231511300242,TRUSTED,Unstable tracking / temporal disagreement,Unstable tracking / temporal disagreement | Erratic object motion (large filter innovation) | Distribution shift (input unlike calibration set),43.48521200000732,6.093550999992203,2,0.951392769953983,1.0,0.9798547402031346,1.0,1.0,1.0,0.8330852161619919,0.6056561053436136,0.696545796744473,1.0,0.981842856571731,0.8753324934574404,1.0,0.8961851700492538,0
multi,none,none,0.0,20,3,3,0,0,1.0,1.0,1.0,0.8288399782796597,-1.1169463102368333,2.1355925435605254,1.1237619809144532,0.8787829613128861,TRUSTED,Unstable tracking / temporal disagreement,Unstable tracking / temporal disagreement | Distribution shift (input unlike calibration set) | Geometric inconsistency (calibration or depth scale error),45.13235099994972,6.326904999980343,3,0.9305295579505528,1.0,0.9725975866436116,1.0,1.0,1.0,0.7856166634386447,0.4723903044538871,0.7635400788052564,0.9989648033126294,0.9845102873980859,0.8746380858665123,1.0,1.0224137859068072,1
multi,none,none,0.0,21,3,3,0,0,1.0,1.0,1.0,0.8639149865344526,-1.1152590184971902,2.1354192650836445,1.1245743117834954,0.8849024986333899,TRUSTED,Unstable tracking / temporal disagreement,Unstable tracking / temporal disagreement | Distribution shift (input unlike calibration set) | Geometric inconsistency (calibration or depth scale error),45.197437000013,6.234304000031443,3,0.9279348149322084,1.0,0.9677888425464378,1.0,1.0,1.0,0.772144231419027,0.5041375088247513,0.793036640534778,0.9978021978021978,0.983140478500937,0.8853810315567051,1.0,1.0241010776464503,1
multi,none,none,0.0,22,3,3,0,0,1.0,1.0,1.0,0.8820037082108932,-1.113169753033181,2.134248443271801,1.1248014124025207,0.8825483372458567,TRUSTED,Unstable tracking / temporal disagreement,Unstable tracking / temporal disagreement | Distribution shift (input unlike calibration set) | Geometric inconsistency (calibration or depth scale error),45.71105499996975,6.424779000042236,3,0.9301146301979465,1.0,0.9623621597999252,1.0,1.0,1.0,0.7075026979118366,0.5270763422735596,0.8112081628291774,0.9966490299823633,0.9811593264169566,0.8888765975321484,1.0,1.0261903431104595,1
multi,none,none,0.0,23,3,3,0,0,1.0,1.0,1.0,0.8831381282445481,-1.1105990409851074,2.1318416595458984,1.1250306180778418,0.8796499948131475,TRUSTED,Unstable tracking / temporal disagreement,Unstable tracking / temporal disagreement | Distribution shift (input unlike calibration set) | Geometric inconsistency (calibration or depth scale error),45.90654000003269,6.291298999997252,3,0.9307790489657118,1.0,0.9546296144002697,1.0,1.0,1.0,0.681252901153917,0.5419691372601786,0.8101479938691034,0.9972789115646258,0.9792656572961536,0.8751502788419387,1.0,1.028761055158533,1
multi,motion_blur,image,0.25,0,2,2,0,0,1.0,1.0,1.0,0.8616541353383459,-1.244034767150879,2.1380691528320312,1.2588873292674259,0.2654247009538355,DEGRADED,Unstable tracking / temporal disagreement,Unstable tracking / temporal disagreement | Motion blur or defocus | Distribution shift (input unlike calibration set),43.876501999932316,6.018670999992537,2,0.8995985804350336,0.7077858078783809,0.9965249351686147,1.0,1.0,0.9995493167870548,0.8551522096408373,0.0,1.0,0.8614163614163615,0.9907716530492656,0.9692784097154019,1.0,0.8953253289927616,0
multi,motion_blur,image,0.25,1,2,2,0,0,1.0,1.0,1.0,0.8547698120740173,-1.2448030969370976,2.1396058124044686,1.2543549341855866,0.8370025862711094,TRUSTED,Erratic object motion (large filter innovation),Erratic object motion (large filter innovation) | Motion blur or defocus | Unstable tracking / temporal disagreement,43.920123000020794,6.2872650000258545,2,0.8920166597729012,0.6413286293118671,0.9972242280763097,1.0,1.0,0.9939848880703541,0.847754753741825,0.6585227272727273,0.36768134250786266,0.8524440762220381,0.9907593204098566,0.9398096345862825,1.0,0.894556999206543,0
multi,motion_blur,image,0.25,2,2,2,0,0,1.0,1.0,1.0,0.8505404484362938,-1.2439535182455312,2.137906655021336,1.25447536615892,0.8565231210026555,TRUSTED,Motion blur or defocus,Motion blur or defocus | Erratic object motion (large filter innovation) | Unstable tracking / temporal disagreement,43.64798099999234,5.96153500003993,2,0.8895523004901151,0.6218498477983584,0.9966317568469778,1.0,1.0,0.9985687209459294,0.8465572767981625,0.7415872161684506,0.534563631421553,0.8470588235294118,0.9907612360413235,0.9000054010140563,1.0,0.8954065778981093,0
multi,motion_blur,image,0.25,3,2,2,0,0,1.0,1.0,1.0,0.8783577101340678,-1.2442721905915626,2.1385439997133986,1.2541787683891195,0.8605995537343363,TRUSTED,Motion blur or defocus,Motion blur or defocus | Erratic object motion (large filter innovation) | Unstable tracking / temporal disagreement,43.87559199994939,6.212533999985226,2,0.9026775578378662,0.5600850101043172,0.996525996311115,1.0,1.0,0.9997666529537164,0.8313315801860606,0.801227848921177,0.6400078005896653,0.8352028172688144,0.9907450401543308,0.8892881939136796,1.0,0.895087905552078,0
multi,motion_blur,image,0.25,4,2,2,0,0,1.0,1.0,1.0,0.8525413065458554,-1.2443457686382793,2.138691155806832,1.253349842270422,0.852467600577383,TRUSTED,Motion blur or defocus,Motion blur or defocus | Distribution shift (input unlike calibration set) | Unstable tracking / temporal disagreement,44.06177300000991,6.050740000034693,2,0.9011843267144706,0.49425027115104275,0.9966621762653196,1.0,1.0,0.9968834711372517,0.811069114175939,0.8232923690966713,0.7076113811817679,0.8447420634920635,0.9902545871008644,0.8547476694235989,1.0,0.8950143275053613,0
multi,motion_blur,image,0.25,5,2,2,0,0,1.0,1.0,1.0,0.8645282041049671,-1.2441742523856778,2.138348123301629,1.2524475988904316,0.8546588894790034,TRUSTED,Motion blur or defocus,Motion blur or defocus | Distribution shift (input unlike calibration set) | Geometric inconsistency (calibration or depth scale error),44.469107000054464,6.33813300004249,2,0.9001538381138277,0.47409971840761406,0.9960636918951529,1.0,1.0,1.0,0.8044288936339961,0.8392284073404921,0.7505422926487125,0.8630437860606703,0.9897263159661712,0.8594645071127357,1.0,0.8951858437579627,0
multi,motion_blur,image,0.25,6,2,2,0,0,1.0,1.0,1.0,0.8541193644778905,-1.242551720660666,2.1351030598516054,1.2547960000300304,0.8473850642004845,TRUSTED,Motion blur or defocus,Motion blur or defocus | Geometric inconsistency (calibration or depth scale error) | Distribution shift (input unlike calibration set),43.83498299995381,6.018186000005699,2,0.848120087923477,0.46580547907976133,0.9965182145994462,1.0,1.0,0.9972462821636122,0.8022850569592401,0.8439812409225109,0.7684552317819099,0.8829085696081556,0.989727992977166,0.8237892666340496,1.0,0.8968083754829745,0
multi,motion_blur,image,0.25,7,2,2,0,0,1.0,1.0,1.0,0.7349089444485337,-1.2314239170240313,2.112847452578336,1.2745156481747453,0.8355393971206196,TRUSTED,Motion blur or defocus,Motion blur or defocus | Geometric inconsistency (calibration or depth scale error) | Distribution shift (input unlike calibration set),44.206674999998086,6.200433999993038,2,0.8442078187678528,0.4728594039715447,0.9995141735919479,1.0,1.0,0.9723069820486042,0.7915815175194283,0.8295119123914089,0.7429728446322207,0.8321276163381426,0.9917997434533319,0.7863641834774767,1.0,0.9079361791196092,0
multi,motion_blur,image,0.25,8,2,2,0,0,1.0,1.0,1.0,0.8106265912061248,-5.719565598861031,11.089130816252336,5.756777671551996,0.7656954322652717,TRUSTED,Geometric inconsistency (calibration or depth scale error),Geometric inconsistency (calibration or depth scale error) | Motion blur or defocus | Distribution shift (input unlike calibration set),44.12400000001071,6.028447000005599,2,0.8123442908910206,0.5045126285821265,0.9996860786769958,1.0,1.0,0.9636122532409293,0.8008128360283598,0.813312662639018,0.7040982794588446,0.9105574324324325,1.0,0.3362261189960484,1.0,-3.5802055027173907,1
multi,motion_blur,image,0.25,9,2,2,0,0,1.0,1.0,1.0,0.8029337465056979,-1.2670029349949044,2.184005488520082,1.2671812819938537,0.8445705575964423,TRUSTED,Motion blur or defocus,Motion blur or defocus | Geometric inconsistency (calibration or depth scale error) | Unstable tracking / temporal disagreement,44.62354799994728,6.424068999990595,2,0.8216746913523153,0.5785774454306375,0.9982128591724184,1.0,1.0,0.9816260489751778,0.8392006276778652,0.798432720133385,0.6778261015771996,0.8867562617562618,0.9907851880799313,0.7378838623464811,1.0,0.8723571611487362,0
multi,motion_blur,image,0.25,10,2,2,0,0,1.0,1.0,1.0,0.8444614615420083,-1.2469516007796582,2.1439028200895898,1.2496744228157513,0.8654152033488232,TRUSTED,Geometric inconsistency (calibration or depth scale error),Geometric inconsistency (calibration or depth scale error) | Motion blur or defocus | Unstable tracking / temporal disagreement,43.50608600003625,6.0510800000201925,2,0.8865030220826766,0.6856143434158254,0.994437314156366,1.0,1.0,1.0,0.8813009234607905,0.7962157116832644,0.670766971492444,0.8994158667123784,0.9887793862098766,0.716558182347702,1.0,0.8924084953639824,0
multi,motion_blur,image,0.25,11,2,2,0,0,1.0,1.0,1.0,0.8363506921931526,-1.2450300921564512,2.140059802843176,1.2500066380185755,0.8784629277324931,TRUSTED,Geometric inconsistency (calibration or depth scale error),Geometric inconsistency (calibration or depth scale error) | Motion blur or defocus | Unstable tracking / temporal disagreement,44.168918999957896,6.174253999972734,2,0.9107100779390616,0.7614473895976578,0.9942735444971538,1.0,1.0,1.0,0.8926647787442231,0.8009753475811145,0.6852966896958428,0.8911240786240786,0.9882492646033707,0.7220138008437813,1.0,0.8943300039871893,0
multi,motion_blur,image,0.25,12,2,2,0,0,1.0,1.0,1.0,0.875942059324744,-1.2447860966558046,2.1395718118418827,1.250221055677212,0.8935660357982332,TRUSTED,Geometric inconsistency (calibration or depth scale error),Geometric inconsistency (calibration or depth scale error) | Unstable tracking / temporal disagreement | Erratic object motion (large filter innovation),44.38117899991312,6.094651000012163,2,0.9139342274783715,0.8865090835197412,0.9932693499777072,1.0,1.0,1.0,0.8935642748351451,0.8043283288298675,0.7058636608891299,0.8987414187643021,0.987717405314714,0.7240687927467075,1.0,0.8945739994878359,0
multi,motion_blur,image,0.25,13,2,2,0,0,1.0,1.0,1.0,0.7771636499470809,-1.2441353590592108,2.138270336648695,1.2560965868494358,0.9019549536074499,TRUSTED,Geometric inconsistency (calibration or depth scale error),Geometric inconsistency (calibration or depth scale error) | Unstable tracking / temporal disagreement | Erratic object motion (large filter innovation),44.13073999990047,6.2419049999675735,2,0.9097233742324077,0.9161165123095334,0.9959398919367848,1.0,1.0,1.0,0.898756661758356,0.808092121913119,0.749456784872208,0.9217836257309941,0.9868932549018317,0.727942475097012,1.0,0.8952247370844297,0
multi,motion_blur,image,0.25,14,1,1,0,0,1.0,1.0,1.0,0.9074849694633974,-2.136158238286555,2.136158238286555,2.1489505703724125,0.8689173268826365,TRUSTED,Motion blur or defocus,Motion blur or defocus | Unstable tracking / temporal disagreement | Erratic object motion (large filter innovation),41.22460600001432,5.935584999974708,1,0.9220770565066564,0.6281132896077108,0.9993758713527428,1.0,1.0,0.9694443489656295,0.878716054714848,0.7485158580709452,0.6277226701966312,0.96,0.9717546642382698,0.8280827216716802,1.0,0.0032018578570855993,0
multi,motion_blur,image,0.25,15,1,1,0,0,1.0,1.0,1.0,0.9273720037015654,-2.138255658357039,2.138255658357039,2.1510309095098776,0.8736572670314443,TRUSTED,Motion blur or defocus,Motion blur or defocus | Unstable tracking / temporal disagreement | Erratic object motion (large filter innovation),42.22870600000306,6.213731000002554,1,0.9209108797785307,0.6348536291021342,0.9987473212784008,1.0,1.0,0.983260671689891,0.8834495710617795,0.7392612146553411,0.6220673812162429,0.9615384615384616,0.969799275133065,0.867118531143114,1.0,0.0011044377866014088,0
multi,motion_blur,image,0.25,16,1,1,0,0,1.0,1.0,1.0,0.9648007825531518,-2.139051312985629,2.139051312985629,2.1512074002029165,0.8620838000085744,TRUSTED,Motion blur or defocus,Motion blur or defocus | Unstable tracking / temporal disagreement | Erratic object motion (large filter innovation),42.601687000058064,5.865501000016593,1,0.8838244242633264,0.5948224966517914,0.9966395385586466,1.0,1.0,0.9991990817089605,0.8732508788404731,0.7331997937265392,0.6142676025524283,0.9814814814814815,0.9696379856647057,0.8405881534552757,1.0,0.0003087831580117495,0
multi,motion_blur,image,0.25,17,1,1,1,0,0.5,1.0,0.6666666666666666,0.9510074194625386,-2.1415635813837497,2.1415635813837497,2.1539722318492984,0.8393116736197576,TRUSTED,Motion blur or defocus,Motion blur or defocus | Unstable tracking / temporal disagreement | Geometric inconsistency (calibration or depth scale error),43.07775499995614,6.265880000000834,2,0.8453638775307036,0.5367868336460947,0.9941515131096197,1.0,1.0,1.0,0.8510602087192874,0.6938839885643533,0.7372689089840312,0.8613300492610838,0.9818263817368987,0.7863848338750198,1.0,-0.00220348524010916,1
multi,motion_blur,image,0.25,18,2,2,0,0,1.0,1.0,1.0,0.7851400246025764,-1.244801272516665,2.1396021635636036,1.2634683360099266,0.8267992248065819,TRUSTED,Motion blur or defocus,Motion blur or defocus | Unstable tracking / temporal disagreement | Geometric inconsistency (calibration or depth scale error),43.996996000032595,6.21077700003525,2,0.8542793573599026,0.5142340108947947,0.988845446893974,1.0,1.0,1.0,0.8372259955529068,0.609957004651828,0.6920711136381772,0.906861209035122,0.9827046908611217,0.794837136097993,1.0,0.8945588236269755,0
multi,motion_blur,image,0.25,19,2,2,0,0,1.0,1.0,1.0,0.8666415155043509,-1.2431749260943867,2.136349470719047,1.2504382341586513,0.8291234419937668,TRUSTED,Motion blur or defocus,Motion blur or defocus | Unstable tracking / temporal disagreement | Geometric inconsistency (calibration or depth scale error),44.14826100003211,6.224120000013045,2,0.904059272039381,0.4973691084081175,0.9797143156789287,1.0,1.0,1.0,0.8061997855902318,0.5975872428748191,0.6879237124853066,0.9307891451233843,0.9817078955185543,0.8333946054733913,1.0,0.8961851700492538,0
multi,motion_blur,image,0.25,20,3,3,0,0,1.0,1.0,1.0,0.9071227406254425,-1.117607683375261,2.1343317861142364,1.1246940521161852,0.8217432521668931,TRUSTED,Unstable tracking / temporal disagreement,Unstable tracking / temporal disagreement | Motion blur or defocus | Geometric inconsistency (calibration or depth scale error),44.74318600000515,6.263176999993902,3,0.8289955589441155,0.5420545042819735,0.972485459252747,1.0,1.0,1.0,0.7991153195443881,0.5145846734707976,0.7768413479312815,0.958569894842265,0.9825758952539065,0.812422515074448,1.0,1.0217524127683795,1
multi,motion_blur,image,0.25,21,3,3,0,0,1.0,1.0,1.0,0.8966953336839155,-1.116322683251422,2.1354192650836445,1.125785323509448,0.8267829639101806,TRUSTED,Unstable tracking / temporal disagreement,Unstable tracking / temporal disagreement | Motion blur or defocus | Distribution shift (input unlike calibration set),45.50274399997534,6.332067999949231,3,0.8670147722216911,0.541391166188942,0.9677184534272516,1.0,1.0,1.0,0.7749268497530171,0.5359883414408944,0.7970378699690461,0.9197608856432385,0.9818035891674115,0.8370581648839974,1.0,1.0230374128922186,1
multi,motion_blur,image,0.25,22,3,3,0,0,1.0,1.0,1.0,0.8916181417005844,-1.11421561586684,2.134248443271801,1.1258920777691974,0.8387070321174385,TRUSTED,Unstable tracking / temporal disagreement,Unstable tracking / temporal disagreement | Motion blur or defocus | Distribution shift (input unlike calibration set),44.59123100008355,6.186480999986088,3,0.8705862604106921,0.626228614578913,0.9621888398582104,1.0,1.0,1.0,0.7607947788023013,0.5545417883177763,0.8126469185509188,0.9073434530192038,0.9804819920884206,0.8350390710395561,1.0,1.0251444802768006,1
multi,motion_blur,image,0.25,23,3,3,0,0,1.0,1.0,1.0,0.8859576835212466,-1.1099090576171875,2.1328563690185547,1.123943722363996,0.8413699744830396,TRUSTED,Unstable tracking / temporal disagreement,Unstable tracking / temporal disagreement | Motion blur or defocus | Distribution shift (input unlike calibration set),45.592339999927844,6.369176000021071,3,0.8495358461991772,0.6770855679074942,0.9545008624435671,1.0,1.0,1.0,0.7238777515994781,0.5649194601637763,0.8109993494051255,0.9213117485151384,0.9780199195548922,0.8419495189223147,1.0,1.029451038526453,1
multi,motion_blur,image,0.5,0,2,2,0,0,1.0,1.0,1.0,0.8168918918918919,-1.244034767150879,2.1380691528320312,1.2588873292674259,0.26136548204139043,DEGRADED,Unstable tracking / temporal disagreement,Unstable tracking / temporal disagreement | Motion blur or defocus | Distribution shift (input unlike calibration set),43.8905679999948,5.997059000037552,2,0.8612105222219302,0.6557857246287677,0.9964959306069401,1.0,1.0,0.9998611944530782,0.8481591644275861,0.0,1.0,0.8178067119017054,0.9907716530492656,0.9692784097154019,1.0,0.8953253289927616,0
multi,motion_blur,image,0.5,1,2,2,0,0,1.0,1.0,1.0,0.8016793873938521,-1.2448030969370976,2.1396058124044686,1.2557476548162199,0.8135112146376318,TRUSTED,Motion blur or defocus,Motion blur or defocus | Erratic object motion (large filter innovation) | Unstable tracking / temporal disagreement,44.22172899995758,6.228206999992381,2,0.8455985938400525,0.5561488610669763,0.9972482806396497,1.0,1.0,0.9928459790533044,0.8263429739591139,0.6661525295545914,0.356560980663947,0.7932486057486057,0.9907593204098566,0.919312185743311,1.0,0.894556999206543,0
multi,motion_blur,image,0.5,2,2,2,0,0,1.0,1.0,1.0,0.8009199768554514,-1.2439535182455312,2.137906655021336,1.2547880542306196,0.8301112235840361,TRUSTED,Motion blur or defocus,Motion blur or defocus | Erratic object motion (large filter innovation) | Unstable tracking / temporal disagreement,43.448214999955326,5.941666000012447,2,0.8802287429288094,0.4838957678059194,0.9965677345827932,1.0,1.0,0.9976066941533075,0.8021539641577748,0.7616550322925493,0.543402674063275,0.7934362934362934,0.9907612360413235,0.8903906968819502,1.0,0.8954065778981093,0
multi,motion_blur,image,0.5,3,2,2,0,0,1.0,1.0,1.0,0.8133254121054709,-1.2442721905915626,2.1385439997133986,1.2541875891371248,0.8150429021352517,TRUSTED,Motion blur or defocus,Motion blur or defocus | Distribution shift (input unlike calibration set) | Erratic object motion (large filter innovation),43.75402099998382,6.251908000024287,2,0.8531112773529965,0.38951928552115006,0.996354444940234,1.0,1.0,0.9992143180121215,0.7550722452114478,0.8123410270194298,0.6472779075777755,0.7812927496580027,0.9907450401543308,0.8536278872008994,1.0,0.895087905552078,0
multi,motion_blur,image,0.5,4,2,2,0,0,1.0,1.0,1.0,0.7748071503399563,-1.2443457686382793,2.138691155806832,1.2524432854047316,0.7947212833328026,TRUSTED,Motion blur or defocus,Motion blur or defocus | Geometric inconsistency (calibration or depth scale error) | Distribution shift (input unlike calibration set),43.25061099996219,5.94861399997626,2,0.8544038286621198,0.3405027539215775,0.9966243288494758,1.0,1.0,0.9978122475624238,0.7247176945612133,0.8252643928804,0.7183243076658385,0.7568630318630318,0.9902545871008644,0.7498357171421042,1.0,0.8950143275053613,0
multi,motion_blur,image,0.5,5,2,2,0,0,1.0,1.0,1.0,0.7871024966268068,-1.2441742523856778,2.138348123301629,1.2521596147547318,0.7966813064177573,TRUSTED,Motion blur or defocus,Motion blur or defocus | Geometric inconsistency (calibration or depth scale error) | Distribution shift (input unlike calibration set),43.798739999999725,6.31685500002277,2,0.8552177404357639,0.32958628248270677,0.9959688964984597,1.0,1.0,1.0,0.718561714408156,0.8368676120220402,0.7576892318515694,0.8004352837686171,0.9897263159661712,0.7350776592529764,1.0,0.8951858437579627,0
multi,motion_blur,image,0.5,6,2,2,0,0,1.0,1.0,1.0,0.790977857611306,-1.242551720660666,2.1351030598516054,1.2547305286091681,0.7845449257978605,TRUSTED,Motion blur or defocus,Motion blur or defocus | Geometric inconsistency (calibration or depth scale error) | Distribution shift (input unlike calibration set),44.06915799995659,6.106330999955389,2,0.7965060950957711,0.3141499949341778,0.9965090180311102,1.0,1.0,0.9956558275516655,0.7074684782173257,0.8402012559936849,0.7759184868837168,0.8348871840782031,0.989727992977166,0.685388671592059,1.0,0.8968083754829745,0
multi,motion_blur,image,0.5,7,2,2,0,0,1.0,1.0,1.0,0.6843771260429429,-1.2314239170240313,2.112847452578336,1.274504608364309,0.778891887600121,TRUSTED,Motion blur or defocus,Motion blur or defocus | Geometric inconsistency (calibration or depth scale error) | Distribution shift (input unlike calibration set),44.19346200000973,6.192035999958989,2,0.7843517000948392,0.32293449967099114,0.9995032084527784,1.0,1.0,0.9708916567126059,0.7043392044578238,0.8257498246132969,0.749182566414176,0.7853508771929825,0.9917997434533319,0.6917257803711319,1.0,0.9079361791196092,0
multi,motion_blur,image,0.5,8,2,2,0,0,1.0,1.0,1.0,0.7634098489774265,-5.719565598861031,11.089130816252336,5.757181599522984,0.71965540612682,CAUTION,Geometric inconsistency (calibration or depth scale error),Geometric inconsistency (calibration or depth scale error) | Motion blur or defocus | Distribution shift (input unlike calibration set),44.603214999938245,6.260508999957892,2,0.7313000665080784,0.3399746755799638,0.9998717786145476,1.0,1.0,0.9616625817562942,0.714331592987886,0.8068176027351637,0.7054448551603164,0.88321465986244,1.0,0.32637056092758476,1.0,-3.5802055027173907,1
multi,motion_blur,image,0.5,9,2,2,0,0,1.0,1.0,1.0,0.7326898202882658,-1.2670029349949044,2.184005488520082,1.2672386812574405,0.7798814206006974,TRUSTED,Motion blur or defocus,Motion blur or defocus | Geometric inconsistency (calibration or depth scale error) | Distribution shift (input unlike calibration set),44.15879900005848,6.241625000029671,2,0.7649661627017346,0.39663176202277073,0.9982330208799242,1.0,1.0,0.980797242997409,0.7609846772140495,0.7932714812834436,0.6758717085220793,0.8322429450248999,0.9907851880799313,0.5891278869891386,1.0,0.8723571611487362,0
multi,motion_blur,image,0.5,10,2,2,0,0,1.0,1.0,1.0,0.7923425361489183,-1.2490344254866894,2.1480684695036523,1.2518940932865608,0.8057490183882394,TRUSTED,Geometric inconsistency (calibration or depth scale error),Geometric inconsistency (calibration or depth scale error) | Motion blur or defocus | Unstable tracking / temporal disagreement,43.83263700003681,6.046565000019655,2,0.8333820059901687,0.5134035183496658,0.9944175061630272,1.0,1.0,1.0,0.8316362784146805,0.7899884997621014,0.6675715261523916,0.8210467739453247,0.988781254059273,0.5612765643925479,1.0,0.8903256706569511,0
multi,motion_blur,image,0.5,11,2,2,0,0,1.0,1.0,1.0,0.7990629604870048,-1.2460309733515196,2.1420615652333126,1.2503615612294168,0.8413594748792899,TRUSTED,Geometric inconsistency (calibration or depth scale error),Geometric inconsistency (calibration or depth scale error) | Motion blur or defocus | Unstable tracking / temporal disagreement,44.08875300003956,6.260548000000199,2,0.8978834129264666,0.6718663247951877,0.9941911290962975,1.0,1.0,1.0,0.8819639852872948,0.7935487359097043,0.6862078578201057,0.8334448160535117,0.9877729419771644,0.5809803260858186,1.0,0.893329122792121,0
multi,motion_blur,image,0.5,12,2,2,0,0,1.0,1.0,1.0,0.8238342760616697,-1.2447860966558046,2.1395718118418827,1.2499879166734984,0.8630120071640226,TRUSTED,Geometric inconsistency (calibration or depth scale error),Geometric inconsistency (calibration or depth scale error) | Unstable tracking / temporal disagreement | Motion blur or defocus,44.46207399996638,6.072778999964612,2,0.8947820158530418,0.8084940185330604,0.9932474196993677,1.0,1.0,1.0,0.8968140256460003,0.800865487745096,0.7071509245565325,0.8680323299888517,0.9867691390541125,0.5922144490432109,1.0,0.8945739994878359,0
multi,motion_blur,image,0.5,13,2,2,0,0,1.0,1.0,1.0,0.739707945020139,-1.2441353590592108,2.138270336648695,1.256060811260592,0.8733134573369986,TRUSTED,Geometric inconsistency (calibration or depth scale error),Geometric inconsistency (calibration or depth scale error) | Unstable tracking / temporal disagreement | Erratic object motion (large filter innovation),43.862039000089226,6.154629000036493,2,0.8759844663700859,0.8759664398976872,0.9959239747992805,1.0,1.0,1.0,0.9022198454729976,0.8030854845075083,0.7533440182399824,0.8712685560053981,0.9868932549018317,0.6019805127927732,1.0,0.8952247370844297,0
multi,motion_blur,image,0.5,14,1,1,0,0,1.0,1.0,1.0,0.8755708721130054,-2.136158238286555,2.136158238286555,2.148950568339093,0.8395980782655411,TRUSTED,Motion blur or defocus,Motion blur or defocus | Geometric inconsistency (calibration or depth scale error) | Unstable tracking / temporal disagreement,41.774252999971395,5.9350760000143055,1,0.910114223107656,0.5879656253993089,0.9994314044769248,1.0,1.0,0.9681539849422468,0.8667111215595532,0.7448087047562281,0.6331450551796488,0.9230769230769231,0.9717546642382698,0.6708007325879498,1.0,0.0032018578570855993,0
multi,motion_blur,image,0.5,15,1,1,0,0,1.0,1.0,1.0,0.8875504225473828,-2.138255658357039,2.138255658357039,2.1497717595285577,0.8333042575031239,TRUSTED,Motion blur or defocus,Motion blur or defocus | Geometric inconsistency (calibration or depth scale error) | Unstable tracking / temporal disagreement,43.898060000003625,6.479484000010416,1,0.8806425649742402,0.5382523275751236,0.998737770995898,1.0,1.0,0.9828716320426846,0.8514751301950947,0.7368639559462385,0.6239783454801351,0.9259259259259259,0.969799275133065,0.7089344360217708,1.0,0.0011044377866014088,0
multi,motion_blur,image,0.5,16,1,1,0,0,1.0,1.0,1.0,0.9277521980525536,-2.139051312985629,2.139051312985629,2.1508278349627847,0.8062988325663585,TRUSTED,Motion blur or defocus,Motion blur or defocus | Geometric inconsistency (calibration or depth scale error) | Unstable tracking / temporal disagreement,43.26604900006714,5.9409110000387955,1,0.8145537743616409,0.43366547042990444,0.9966632374078199,1.0,1.0,0.998301781185959,0.8022650293415696,0.7343982048864031,0.6191705358526562,0.9464285714285714,0.9696379856647057,0.6938147972702083,1.0,0.0003087831580117495,0
multi,motion_blur,image,0.5,17,1,1,1,0,0.5,1.0,0.6666666666666666,0.9306798646110376,-2.1415635813837497,2.1415635813837497,2.1538929546289083,0.7687324305122908,TRUSTED,Motion blur or defocus,Motion blur or defocus | Geometric inconsistency (calibration or depth scale error) | Unstable tracking / temporal disagreement,43.23838799996338,6.255582999983744,2,0.7885667584623735,0.3551598948920117,0.9941341811154483,1.0,1.0,1.0,0.7506630753540027,0.6287591001687337,0.7442873468687901,0.8037593984962406,0.9817209673719088,0.6602420543659158,1.0,-0.00220348524010916,1
multi,motion_blur,image,0.5,18,2,2,0,0,1.0,1.0,1.0,0.7339765148672827,-1.244801272516665,2.1396021635636036,1.2634624049786245,0.7595422058418887,TRUSTED,Motion blur or defocus,Motion blur or defocus | Geometric inconsistency (calibration or depth scale error) | Unstable tracking / temporal disagreement,44.616943999983505,6.01635099997111,2,0.757102436369376,0.3402119232700419,0.9889084080156583,1.0,1.0,1.0,0.7369648802932498,0.6070674565637136,0.6911918590371202,0.8608331895808177,0.9827046908611217,0.6590796195393089,1.0,0.8945588236269755,0
multi,motion_blur,image,0.5,19,2,2,0,0,1.0,1.0,1.0,0.8539460008338248,-1.2431749260943867,2.136349470719047,1.2498928278319201,0.7687919486328806,TRUSTED,Motion blur or defocus,Motion blur or defocus | Unstable tracking / temporal disagreement | Geometric inconsistency (calibration or depth scale error),45.18056600005593,6.334238999954778,2,0.8216736684693038,0.3323508948155244,0.9797178528205963,1.0,1.0,1.0,0.7153630848141512,0.5972110639473911,0.6847443938521297,0.8945425101214575,0.980847643507075,0.7191543859978258,1.0,0.8961851700492538,0
multi,motion_blur,image,0.5,20,3,3,0,0,1.0,1.0,1.0,0.8633617841404527,-1.118448188339454,2.1368533010068145,1.1256827916080823,0.7672741949581585,TRUSTED,Motion blur or defocus,Motion blur or defocus | Unstable tracking / temporal disagreement | Geometric inconsistency (calibration or depth scale error),47.33334399992373,6.3366289999748915,3,0.764824754484201,0.36521959105171925,0.9724048124227245,1.0,1.0,1.0,0.7219332626709104,0.5081602436794178,0.7698764154193678,0.929781190329383,0.9825784546517199,0.7259862749634883,1.0,1.0209119078041866,1
multi,motion_blur,image,0.5,21,3,3,0,0,1.0,1.0,1.0,0.8569908711364015,-1.1171085108881407,2.137776747993801,1.1266260389430418,0.7815220760891871,TRUSTED,Motion blur or defocus,Motion blur or defocus | Unstable tracking / temporal disagreement | Distribution shift (input unlike calibration set),45.82127799994851,6.3563289999706285,3,0.8162590769163179,0.39347337969787266,0.9675299237763657,1.0,1.0,1.0,0.7193913628786663,0.5265990221932503,0.7895375534176857,0.8677501225681473,0.9812668671941402,0.7733695045861567,1.0,1.0222515852554999,1
multi,motion_blur,image,0.5,22,3,3,0,0,1.0,1.0,1.0,0.8312171005051011,-1.1153117055478294,2.1375367123147697,1.1267614888612996,0.7892409637292335,TRUSTED,Motion blur or defocus,Motion blur or defocus | Unstable tracking / temporal disagreement | Distribution shift (input unlike calibration set),45.41898599995875,6.1605169999552345,3,0.8176607629160594,0.42418222479280765,0.9620420484790024,1.0,1.0,1.0,0.7090084792997895,0.5430940066278549,0.8034257645939108,0.8563191886135796,0.9790009816510974,0.7873418428633209,1.0,1.024048390595811,1
multi,motion_blur,image,0.5,23,3,3,0,0,1.0,1.0,1.0,0.8233231372130111,-1.111965497334798,2.1328563690185547,1.12629446634221,0.8066297344303704,TRUSTED,Motion blur or defocus,Motion blur or defocus | Unstable tracking / temporal disagreement | Distribution shift (input unlike calibration set),45.495406999975785,6.330025000011119,3,0.7877866362631326,0.526766411297402,0.9543063196518462,1.0,1.0,1.0,0.7033601470134487,0.5551555519299044,0.8027828770410466,0.8676658213547546,0.9778520091331868,0.8165632113640786,1.0,1.0273945988088424,1
multi,motion_blur,image,0.75,0,2,2,0,0,1.0,1.0,1.0,0.7400221729490022,-1.244034767150879,2.1380691528320312,1.2588873292674259,0.2563659524770324,DEGRADED,Unstable tracking / temporal disagreement,Unstable tracking / temporal disagreement | Motion blur or defocus | Missing depth returns,44.18910900000128,6.144473000006201,2,0.7969895173167205,0.624199673743183,0.9963204883802244,1.0,1.0,0.9998982195888935,0.8411233028740621,0.0,1.0,0.7426303854875284,0.9907716530492656,0.9692784097154019,1.0,0.8953253289927616,0
multi,motion_blur,image,0.75,1,2,2,0,0,1.0,1.0,1.0,0.7099561892721353,-1.2448030969370976,2.1396058124044686,1.2557476548162199,0.7914728321234509,TRUSTED,Motion blur or defocus,Motion blur or defocus | Erratic object motion (large filter innovation) | Unstable tracking / temporal disagreement,44.35793400006105,6.232707000037863,2,0.8563221894540216,0.48221682770938873,0.9970696549854332,1.0,1.0,0.9951183352431866,0.7995010594047355,0.6605467084134762,0.356560980663947,0.6959467420761165,0.9907593204098566,0.8987611202735832,1.0,0.894556999206543,0
multi,motion_blur,image,0.75,2,2,2,0,0,1.0,1.0,1.0,0.7127353822561275,-1.2439535182455312,2.137906655021336,1.2547880542306196,0.7828741854089902,TRUSTED,Motion blur or defocus,Motion blur or defocus | Erratic object motion (large filter innovation) | Distribution shift (input unlike calibration set),44.298583999989205,6.0033099999827755,2,0.8375593524840379,0.34955792442839845,0.9965585380144575,1.0,1.0,0.9989663903613321,0.7287235682652229,0.7661547111134862,0.543402674063275,0.7205726405090138,0.9907612360413235,0.8170124422127625,1.0,0.8954065778981093,0
multi,motion_blur,image,0.75,3,2,2,0,0,1.0,1.0,1.0,0.7185117814295128,-1.2442721905915626,2.1385439997133986,1.2541875891371248,0.7648111574391571,TRUSTED,Motion blur or defocus,Motion blur or defocus | Distribution shift (input unlike calibration set) | Geometric inconsistency (calibration or depth scale error),44.449304999943706,6.5100049999955445,2,0.8073743020056494,0.2866188225618789,0.9961889067101877,1.0,1.0,1.0,0.6795788174560031,0.8128055625428949,0.6472779075777755,0.7000930216825085,0.9907450401543308,0.7560611092657173,1.0,0.895087905552078,0
multi,motion_blur,image,0.75,4,2,2,0,0,1.0,1.0,1.0,0.6881632233292021,-1.2443457686382793,2.138691155806832,1.2524432854047316,0.7458774595320905,CAUTION,Motion blur or defocus,Motion blur or defocus | Geometric inconsistency (calibration or depth scale error) | Distribution shift (input unlike calibration set),45.60844699994959,6.355353000003561,2,0.7912648662372583,0.24840342604171914,0.9966009837144694,1.0,1.0,0.9979941907095438,0.6442311168662826,0.8292229841370267,0.7183243076658385,0.6870789058289059,0.9902545871008644,0.6811101749874229,1.0,0.8950143275053613,0
multi,motion_blur,image,0.75,5,2,2,0,0,1.0,1.0,1.0,0.6946155110639836,-1.2441742523856778,2.138348123301629,1.2521596147547318,0.7331376965913797,CAUTION,Motion blur or defocus,Motion blur or defocus | Geometric inconsistency (calibration or depth scale error) | Distribution shift (input unlike calibration set),44.72589300007712,6.276930000012726,2,0.7819307504840947,0.23070480920097733,0.9959929490617996,1.0,1.0,1.0,0.6257097627541077,0.8390294037569461,0.7576892318515694,0.7036065670934092,0.9897263159661712,0.6073074413940229,1.0,0.8951858437579627,0
multi,motion_blur,image,0.75,6,2,2,0,0,1.0,1.0,1.0,0.7075153085853642,-1.242551720660666,2.1351030598516054,1.2581832392051604,0.7218873109041585,CAUTION,Motion blur or defocus,Motion blur or defocus | Geometric inconsistency (calibration or depth scale error) | Distribution shift (input unlike calibration set),45.2135929999713,6.44367099999954,2,0.7326189299317428,0.2214925828407164,0.9965185683136131,1.0,1.0,0.9941922068491988,0.6157363050902256,0.8363880593706429,0.764571738966519,0.7490109890109891,0.989727992977166,0.5599712443567685,1.0,0.8968083754829745,0
multi,motion_blur,image,0.75,7,2,2,0,0,1.0,1.0,1.0,0.6051517191284138,-1.2290855076002032,2.10817063373068,1.2818055496410554,0.7077780882184741,CAUTION,Motion blur or defocus,Motion blur or defocus | Geometric inconsistency (calibration or depth scale error) | Distribution shift (input unlike calibration set),45.256712000025345,6.25819300000785,2,0.7188909711639704,0.22703033479105653,0.9994858764586068,1.0,1.0,0.9691340356172754,0.6148822240122829,0.8171384570816738,0.736562338879193,0.7043291675644616,0.9927971621592332,0.5083032240565386,1.0,0.9102745885434373,0
multi,motion_blur,image,0.75,8,2,2,0,0,1.0,1.0,1.0,0.6840601166039524,-5.719565598861031,11.089130816252336,5.7578320631636295,0.6760288511460767,CAUTION,Geometric inconsistency (calibration or depth scale error),Geometric inconsistency (calibration or depth scale error) | Motion blur or defocus | Distribution shift (input unlike calibration set),44.46690899999339,6.0520459999793275,2,0.662647244627719,0.24105493330845607,0.999842420338706,1.0,1.0,0.9595300504167653,0.6280011476150864,0.8008740445498768,0.685273271911095,0.8074612403100775,1.0,0.3213034363595104,1.0,-3.5802055027173907,1
multi,motion_blur,image,0.75,9,2,2,0,0,1.0,1.0,1.0,0.6464466640667244,-1.2691601462986153,2.188319911127504,1.2694946471552164,0.7160073785683959,CAUTION,Motion blur or defocus,Motion blur or defocus | Geometric inconsistency (calibration or depth scale error) | Distribution shift (input unlike calibration set),45.09106699993026,6.574506999982077,2,0.7152494684543351,0.2937167213006942,0.9982917374316072,1.0,1.0,0.9802035947375722,0.6872018891931364,0.7861586122077597,0.6601744768963402,0.7849797937569676,0.9898088356311622,0.4223385766967482,1.0,0.8701999498450252,0
multi,motion_blur,image,0.75,10,2,2,0,0,1.0,1.0,1.0,0.7267829783289197,-1.2479930131331738,2.145985644796621,1.2508736973413264,0.7268539128442936,CAUTION,Geometric inconsistency (calibration or depth scale error),Geometric inconsistency (calibration or depth scale error) | Motion blur or defocus | Distribution shift (input unlike calibration set),46.302891000038926,6.768361000013101,2,0.7427686311273505,0.35057492604483026,0.9943548987555098,1.0,1.0,1.0,0.7409817545669914,0.7816728912644062,0.6561981482343778,0.7538732767762459,0.9882743616996081,0.3916341404245778,1.0,0.8913670830104667,0
multi,motion_blur,image,0.75,11,2,2,0,0,1.0,1.0,1.0,0.7424835622332862,-1.2460309733515196,2.1420615652333126,1.2503180824252842,0.7786100431881138,TRUSTED,Geometric inconsistency (calibration or depth scale error),Geometric inconsistency (calibration or depth scale error) | Motion blur or defocus | Unstable tracking / temporal disagreement,50.57934599994951,6.71884799999134,2,0.856953115556293,0.5291030375761119,0.9942180113729717,1.0,1.0,1.0,0.8402341155422055,0.7844428280777034,0.6735875270554761,0.7785365853658537,0.9877124812981904,0.40218551684084747,1.0,0.893329122792121,0
multi,motion_blur,image,0.75,12,2,2,0,0,1.0,1.0,1.0,0.7718194170369657,-1.2447860966558046,2.1395718118418827,1.2506144858764467,0.8126347706200014,TRUSTED,Geometric inconsistency (calibration or depth scale error),Geometric inconsistency (calibration or depth scale error) | Motion blur or defocus | Unstable tracking / temporal disagreement,46.28068699992127,7.037133999972411,2,0.8838764082886581,0.7343790249595634,0.9932237208501944,1.0,1.0,1.0,0.8929224516714158,0.790955513478085,0.6931830914856545,0.7816135084427767,0.9867691390541125,0.4102507546093404,1.0,0.8945739994878359,0
multi,motion_blur,image,0.75,13,2,2,0,0,1.0,1.0,1.0,0.6929946007983057,-1.2441353590592108,2.138270336648695,1.2562123124731972,0.8266470387897137,TRUSTED,Geometric inconsistency (calibration or depth scale error),Geometric inconsistency (calibration or depth scale error) | Unstable tracking / temporal disagreement | Low detector confidence,45.98713300003965,6.388956000023427,2,0.8321799553721184,0.8337767130326672,0.9958274108317535,1.0,1.0,1.0,0.9038159347290937,0.7939644961508625,0.7370524100524027,0.8222673893405601,0.9868932549018317,0.41919578456193635,1.0,0.8952247370844297,0
multi,motion_blur,image,0.75,14,1,1,0,0,1.0,1.0,1.0,0.8248373584325659,-2.1379129990287424,2.1379129990287424,2.14938931557664,0.7879033555569023,TRUSTED,Geometric inconsistency (calibration or depth scale error),Geometric inconsistency (calibration or depth scale error) | Motion blur or defocus | Unstable tracking / temporal disagreement,43.152177000024494,6.250726999951439,1,0.890404966377029,0.5496631882719156,0.999415841053587,1.0,1.0,0.9672313918654186,0.8530590988197411,0.7428988009044758,0.6045763459096102,0.8571428571428571,0.9716818814192022,0.44086072420352285,1.0,0.0014470971148980993,0
multi,motion_blur,image,0.75,15,1,1,0,0,1.0,1.0,1.0,0.8385777936894089,-2.138255658357039,2.138255658357039,2.150561326576161,0.7651738595809858,TRUSTED,Geometric inconsistency (calibration or depth scale error),Geometric inconsistency (calibration or depth scale error) | Motion blur or defocus | Unstable tracking / temporal disagreement,44.68037000003733,6.449798000005558,1,0.8716141897522538,0.40477138201753565,0.9986726875892133,1.0,1.0,0.9820156485240275,0.7838588790548872,0.7378879730065843,0.602502772735818,0.8620689655172413,0.969799275133065,0.47409173683736533,1.0,0.0011044377866014088,0
multi,motion_blur,image,0.75,16,1,1,0,0,1.0,1.0,1.0,0.8770095246069155,-2.142230863156527,2.142230863156527,2.1542840570579114,0.7312918285412829,CAUTION,Motion blur or defocus,Motion blur or defocus | Geometric inconsistency (calibration or depth scale error) | Distribution shift (input unlike calibration set),45.491307000077086,6.055763000006209,1,0.7666105345920062,0.30534977303933103,0.9966062894269707,1.0,1.0,0.9970528649515787,0.7114741963741232,0.7318157868618272,0.5959929309951362,0.8835978835978836,0.9678574128114247,0.47334858627740406,1.0,-0.002870767012886688,0
multi,motion_blur,image,0.75,17,1,1,1,0,0.5,1.0,0.6666666666666666,0.8724542426587,-2.1415635813837497,2.1415635813837497,2.1539459242483305,0.6992702565474481,CAUTION,Motion blur or defocus,Motion blur or defocus | Geometric inconsistency (calibration or depth scale error) | Unstable tracking / temporal disagreement,45.96116000004713,6.3791809999997895,2,0.6964319562570982,0.2691215275315134,0.9941989108079663,1.0,1.0,1.0,0.6774189723920061,0.634684490116983,0.6705073027498231,0.7384735838779957,0.9777644548932211,0.4678941535413612,1.0,-0.00220348524010916,1
multi,motion_blur,image,0.75,18,2,1,1,1,0.5,0.5,0.5,0.8915194986968811,-2.1396021635636036,2.1396021635636036,2.1524272641413136,0.7003072379688341,CAUTION,Motion blur or defocus,Motion blur or defocus | Geometric inconsistency (calibration or depth scale error) | Unstable tracking / temporal disagreement,45.2174630000286,6.102806000001237,2,0.7411118908259201,0.2379954148489853,0.9887237692206068,1.0,1.0,1.0,0.642418180703622,0.6018435547456187,0.6829388032912234,0.7963959773170299,0.9827046908611217,0.5137382016397646,1.0,-0.00024206741996302128,1
multi,motion_blur,image,0.75,19,2,2,0,0,1.0,1.0,1.0,0.8198020848798389,-1.2445176995318867,2.139035017594047,1.251250920323601,0.7075433667938824,CAUTION,Motion blur or defocus,Motion blur or defocus | Geometric inconsistency (calibration or depth scale error) | Unstable tracking / temporal disagreement,44.627120999962244,6.431383000006008,2,0.7703757226182656,0.23527465474653042,0.9796145682839008,1.0,1.0,1.0,0.6276614192419607,0.5965858211784392,0.6769041988773482,0.8313436563436564,0.980851550915266,0.5573354464537879,1.0,0.8948423966117538,0
multi,motion_blur,image,0.75,20,3,2,1,1,0.6666666666666666,0.6666666666666666,0.6666666666666666,0.8408684358810896,-1.2434268412382705,2.1368533010068145,1.2535516391643209,0.709290361001402,CAUTION,Motion blur or defocus,Motion blur or defocus | Geometric inconsistency (calibration or depth scale error) | Unstable tracking / temporal disagreement,46.037323000064134,6.546225000022332,3,0.7076079919251986,0.26171592334560584,0.9723864192860527,1.0,1.0,1.0,0.6431301037291135,0.5133766762347813,0.724682431075185,0.868627543571316,0.9824582754304219,0.5859457301996628,1.0,0.89593325490537,1
multi,motion_blur,image,0.75,21,3,3,0,0,1.0,1.0,1.0,0.7655231599384557,-1.1192342509394102,2.137776747993801,1.1292038608635933,0.7198558986462954,CAUTION,Motion blur or defocus,Motion blur or defocus | Unstable tracking / temporal disagreement | Geometric inconsistency (calibration or depth scale error),46.4129989999833,6.37823199997456,3,0.7538191707174717,0.27325016146302533,0.9675847494722143,1.0,1.0,1.0,0.6393032101457483,0.5265146950707035,0.732035702075557,0.8229673063159894,0.9799488996226143,0.62639372542535,1.0,1.0201258452042303,1
multi,motion_blur,image,0.75,22,3,3,0,0,1.0,1.0,1.0,0.754577481160022,-1.1177670990211368,2.1386324841043205,1.128105330324103,0.7350831061618399,CAUTION,Motion blur or defocus,Motion blur or defocus | Unstable tracking / temporal disagreement | Geometric inconsistency (calibration or depth scale error),46.42836700003272,6.370201000038378,3,0.7683415918012089,0.3002290229957509,0.9620869701781818,1.0,1.0,1.0,0.6413889692222527,0.5445693070511096,0.748592187845806,0.7878799453612776,0.9786588214750066,0.6848669726518304,1.0,1.0215929971225037,1
multi,motion_blur,image,0.75,23,3,3,0,0,1.0,1.0,1.0,0.7659821469915689,-1.1153720219930012,2.1369123458862305,1.128605419006871,0.7591070963906862,TRUSTED,Motion blur or defocus,Motion blur or defocus | Unstable tracking / temporal disagreement | Distribution shift (input unlike calibration set),50.20885599992653,6.3873479999756455,3,0.7710856959226414,0.36166060829093344,0.9542847430876735,1.0,1.0,1.0,0.6477039887251659,0.5585629254426695,0.7595641532724521,0.803775186739804,0.9760880692577919,0.752345931451196,1.0,1.0239880741506393,1
multi,motion_blur,image,1.0,0,2,2,0,0,1.0,1.0,1.0,0.6991106719367588,-1.244034767150879,2.1380691528320312,1.2570421911627738,0.25388932400961034,DEGRADED,Unstable tracking / temporal disagreement,Unstable tracking / temporal disagreement | Motion blur or defocus | Missing depth returns,44.12749599993049,6.0324359999981425,2,0.7681341638120476,0.6105769471031629,0.9964616203327636,1.0,1.0,1.0,0.8381256584929111,0.0,1.0,0.702499155690645,0.9907716530492656,0.9692784097154019,1.0,0.8953253289927616,0
multi,motion_blur,image,1.0,1,2,2,0,0,1.0,1.0,1.0,0.6704176790217213,-1.2448030969370976,2.1396058124044686,1.2542903038840372,0.7802598844794904,TRUSTED,Motion blur or defocus,Motion blur or defocus | Erratic object motion (large filter innovation) | Unstable tracking / temporal disagreement,43.97115499989468,6.198038999968958,2,0.8434291619971827,0.43851230257886775,0.9972044200829708,1.0,1.0,0.9954417362461473,0.7798360569959216,0.6755152841103358,0.356560980663947,0.6582228535353536,0.9907593204098566,0.8987611202735832,1.0,0.894556999206543,0
multi,motion_blur,image,1.0,2,2,2,0,0,1.0,1.0,1.0,0.6578500700316853,-1.2439535182455312,2.137906655021336,1.254622016002155,0.7540652613956915,TRUSTED,Motion blur or defocus,Motion blur or defocus | Distribution shift (input unlike calibration set) | Geometric inconsistency (calibration or depth scale error),45.298837000018466,6.203130000017154,2,0.8085945685621942,0.3049081416604244,0.9963233180935585,1.0,1.0,0.9977767007062843,0.6945598051255577,0.7582764980833119,0.5349779964745055,0.6597593582887701,0.9907612360413235,0.7508095352980305,1.0,0.8954065778981093,0
multi,motion_blur,image,1.0,3,2,2,0,0,1.0,1.0,1.0,0.6704580259275394,-1.2442721905915626,2.1385439997133986,1.2542958845516825,0.7348324531912905,CAUTION,Motion blur or defocus,Motion blur or defocus | Distribution shift (input unlike calibration set) | Geometric inconsistency (calibration or depth scale error),45.727336999902946,6.361151999954018,2,0.7791786353800421,0.2380548241528354,0.9962508066893716,1.0,1.0,0.9995814340691502,0.6313218082171987,0.8097143169938755,0.6435685887749956,0.6620108760034498,0.9907450401543308,0.6998025062778673,1.0,0.895087905552078,0
multi,motion_blur,image,1.0,4,2,2,0,0,1.0,1.0,1.0,0.6324108514628255,-1.2443457686382793,2.138691155806832,1.2534227367733823,0.709068154712265,CAUTION,Motion blur or defocus,Motion blur or defocus | Geometric inconsistency (calibration or depth scale error) | Distribution shift (input unlike calibration set),44.48768399998926,6.206202000043959,2,0.752751831068736,0.21045423079337267,0.9965249351686147,1.0,1.0,0.9973164292226758,0.6000684553165196,0.8230302990156532,0.7122973761360708,0.6232080200501253,0.9902545871008644,0.5867577988212902,1.0,0.8950143275053613,0
multi,motion_blur,image,1.0,5,2,2,0,0,1.0,1.0,1.0,0.6374396392520993,-1.2441742523856778,2.138348123301629,1.2524977141456959,0.6986445792092938,CAUTION,Motion blur or defocus,Motion blur or defocus | Geometric inconsistency (calibration or depth scale error) | Distribution shift (input unlike calibration set),44.46275399999422,6.193904000042494,2,0.7472044399789065,0.20368135121856476,0.9959027519492747,1.0,1.0,1.0,0.5927018796036705,0.8308806638076602,0.7593840755681234,0.6382435897435897,0.9897263159661712,0.5058264690383624,1.0,0.8951858437579627,0
multi,motion_blur,image,1.0,6,2,2,0,0,1.0,1.0,1.0,0.6479647626134141,-1.2449664240298066,2.1399324665898867,1.262732016590128,0.6825509483201664,CAUTION,Motion blur or defocus,Motion blur or defocus | Geometric inconsistency (calibration or depth scale error) | Distribution shift (input unlike calibration set),44.07432099998232,5.951742999968701,2,0.6934958742811165,0.1850296376632337,0.9963565672252346,1.0,1.0,0.9927268408864469,0.5676724308700738,0.8298374505386232,0.7633444150559949,0.7006327919156867,0.9887585476234639,0.4598886482233762,1.0,0.8943936721138339,0
multi,motion_blur,image,1.0,7,2,2,0,0,1.0,1.0,1.0,0.5578335791403244,-1.2290855076002032,2.10817063373068,1.2881138462783623,0.669630711878704,CAUTION,Motion blur or defocus,Motion blur or defocus | Geometric inconsistency (calibration or depth scale error) | Distribution shift (input unlike calibration set),44.11649800010764,6.176571999958469,2,0.6874290224192038,0.18990165672143075,0.999494365598609,1.0,1.0,0.9693687258824829,0.5674651616263555,0.8094620048509502,0.7361470810910976,0.6591659841659842,0.9927971621592332,0.4150464321650292,1.0,0.9102745885434373,0
multi,motion_blur,image,1.0,8,2,2,0,0,1.0,1.0,1.0,0.5551646036437383,-5.719565598861031,11.089130816252336,5.741815530470838,0.6546673895891317,CAUTION,Geometric inconsistency (calibration or depth scale error),Geometric inconsistency (calibration or depth scale error) | Motion blur or defocus | Distribution shift (input unlike calibration set),43.944471000031626,6.172420999973838,2,0.6423764717683518,0.21162879484976024,0.9998279180578685,1.0,1.0,0.957469514401213,0.5941753817636137,0.7625616193807567,0.5998117546733507,0.7939438765962377,1.0,0.32323236216352974,1.0,-3.5802055027173907,1
multi,motion_blur,image,1.0,9,2,2,0,0,1.0,1.0,1.0,0.6607549757728826,-1.2616056152012032,2.17321084893268,1.2641264684078146,0.6668929594947074,CAUTION,Geometric inconsistency (calibration or depth scale error),Geometric inconsistency (calibration or depth scale error) | Motion blur or defocus | Distribution shift (input unlike calibration set),43.971284999997806,6.139625000059823,2,0.6874886196944098,0.2280940398465883,0.9981771340415753,1.0,1.0,0.9801715689805817,0.6209813914819988,0.7598389649282298,0.6116983282750715,0.7216082317073171,0.9923254990807375,0.34501371129335745,1.0,0.8777544809424374,0
multi,motion_blur,image,1.0,10,2,2,0,0,1.0,1.0,1.0,0.6654670732419038,-1.2511172501937207,2.1522341189177148,1.2526920568613014,0.6901128959849496,CAUTION,Geometric inconsistency (calibration or depth scale error),Geometric inconsistency (calibration or depth scale error) | Motion blur or defocus | Distribution shift (input unlike calibration set),43.84805699999106,6.180698999969536,2,0.7190431312894476,0.30749972954067056,0.9942286227979746,1.0,1.0,1.0,0.7073677800318809,0.7519086041276519,0.5975479927202056,0.7243742368742369,0.9897537313435478,0.3220492591099567,1.0,0.8882428459499199,0
multi,motion_blur,image,1.0,11,2,2,0,0,1.0,1.0,1.0,0.6826353924100055,-1.2450300921564512,2.140059802843176,1.2499329391726393,0.7324424239884042,CAUTION,Geometric inconsistency (calibration or depth scale error),Geometric inconsistency (calibration or depth scale error) | Motion blur or defocus | Unstable tracking / temporal disagreement,44.27792300009514,6.24521999998251,2,0.8397355295337559,0.44102608977065966,0.9941401942562833,1.0,1.0,1.0,0.7991092955024737,0.7538685672974664,0.6164053999813576,0.7279202279202279,0.9877439778570061,0.32034360154198777,1.0,0.8943300039871893,0
multi,motion_blur,image,1.0,12,2,2,0,0,1.0,1.0,1.0,0.7165608359151134,-1.2438257466191835,2.1376511117686405,1.2503593635994767,0.7674304474739368,TRUSTED,Geometric inconsistency (calibration or depth scale error),Geometric inconsistency (calibration or depth scale error) | Motion blur or defocus | Unstable tracking / temporal disagreement,44.11207800012562,6.096126999977969,2,0.8119408945940197,0.7026454467322901,0.9932463585568674,1.0,1.0,1.0,0.8889822553878085,0.7578175393833968,0.6396605508328445,0.7347176079734219,0.9872391863644916,0.30494235062625397,1.0,0.895534349524457,0
multi,motion_blur,image,1.0,13,2,2,0,0,1.0,1.0,1.0,0.6465202530669165,-1.2432169706925116,2.1364335599152966,1.255803943860685,0.7817527916738044,TRUSTED,Geometric inconsistency (calibration or depth scale error),Geometric inconsistency (calibration or depth scale error) | Unstable tracking / temporal disagreement | Low detector confidence,43.85759399997369,6.115697999916847,2,0.7838400478922276,0.816344091545093,0.9958348388292555,1.0,1.0,1.0,0.9039691135827435,0.757629716249655,0.6762363296286453,0.7793546617144305,0.9867747141626393,0.30239009991415927,1.0,0.896143125451129,0
multi,motion_blur,image,1.0,14,1,1,0,0,1.0,1.0,1.0,0.7846223130448255,-2.1379129990287424,2.1379129990287424,2.150038295624852,0.7377279445430573,CAUTION,Geometric inconsistency (calibration or depth scale error),Geometric inconsistency (calibration or depth scale error) | Motion blur or defocus | Unstable tracking / temporal disagreement,41.480058999809444,6.0050009999486065,1,0.8678118032351818,0.4994952475848672,0.9993857753494121,1.0,1.0,0.9663746120458748,0.8321672660712892,0.6878947226651532,0.49366854826557255,0.8275862068965517,0.9716818814192022,0.32920775444835404,1.0,0.0014470971148980993,0
multi,motion_blur,image,1.0,15,1,1,0,0,1.0,1.0,1.0,0.8100213024916062,-2.138255658357039,2.138255658357039,2.1496788884287246,0.7071742815027574,CAUTION,Geometric inconsistency (calibration or depth scale error),Geometric inconsistency (calibration or depth scale error) | Motion blur or defocus | Unstable tracking / temporal disagreement,43.31292800020492,6.13824700008081,1,0.8110836285226601,0.33129050578670804,0.9987041681500555,1.0,1.0,0.9814082888527987,0.7322021142173489,0.680168984244054,0.48708615429388596,0.8333333333333334,0.969799275133065,0.37228120101105533,1.0,0.0011044377866014088,0
multi,motion_blur,image,1.0,16,1,1,0,0,1.0,1.0,1.0,0.8472335225396916,-2.142230863156527,2.142230863156527,2.1541026984044462,0.6836643799306019,CAUTION,Geometric inconsistency (calibration or depth scale error),Geometric inconsistency (calibration or depth scale error) | Motion blur or defocus | Distribution shift (input unlike calibration set),43.19527099994502,6.2213649999876,1,0.7426566156676092,0.2643281822501172,0.9966398922728135,1.0,1.0,0.9965991824701731,0.672859178213632,0.6777361279600047,0.4829499911319646,0.8283730158730159,0.9678574128114247,0.38300259202909775,1.0,-0.002870767012886688,0
multi,motion_blur,image,1.0,17,1,1,1,0,0.5,1.0,0.6666666666666666,0.8426129137571209,-2.1415635813837497,2.1415635813837497,2.1539741211436185,0.6573074097517329,CAUTION,Motion blur or defocus,Motion blur or defocus | Geometric inconsistency (calibration or depth scale error) | Distribution shift (input unlike calibration set),43.44814600005975,6.235372999981337,2,0.6960017112857713,0.21456033534381178,0.9939693503137357,1.0,1.0,1.0,0.6161172653138884,0.6309004681511381,0.6190762059621144,0.6862575333163569,0.9777644548932211,0.3811739648586475,1.0,-0.00220348524010916,1
multi,motion_blur,image,1.0,18,2,1,1,1,0.5,0.5,0.5,0.8517902732102611,-2.1396021635636036,2.1396021635636036,2.1524966830606713,0.6621393200588982,CAUTION,Motion blur or defocus,Motion blur or defocus | Geometric inconsistency (calibration or depth scale error) | Unstable tracking / temporal disagreement,44.24696599994604,6.012064000060491,2,0.708846596705464,0.20763701239620838,0.9886809698064283,1.0,1.0,1.0,0.6056200535863072,0.5722887304507354,0.6247756451926962,0.769514505709338,0.9827046908611217,0.41877703207995065,1.0,-0.00024206741996302128,1
multi,motion_blur,image,1.0,19,2,2,0,0,1.0,1.0,1.0,0.7880080590711179,-1.2445176995318867,2.139035017594047,1.2512646516434536,0.6655395657576821,CAUTION,Motion blur or defocus,Motion blur or defocus | Geometric inconsistency (calibration or depth scale error) | Unstable tracking / temporal disagreement,44.349546000034934,6.280649000018457,2,0.7354944247117713,0.1945192507669511,0.9796464025589098,1.0,1.0,1.0,0.5777923426074438,0.568957511603653,0.6197944135668259,0.7871419744913721,0.980851550915266,0.4679056271140165,1.0,0.8948423966117538,0
multi,motion_blur,image,1.0,20,3,2,1,1,0.6666666666666666,0.6666666666666666,0.6666666666666666,0.7922411550345474,-1.2434268412382705,2.1368533010068145,1.2535689297047452,0.6799559406049114,CAUTION,Motion blur or defocus,Motion blur or defocus | Geometric inconsistency (calibration or depth scale error) | Unstable tracking / temporal disagreement,45.35547600016798,6.177962000037951,3,0.6940190099202891,0.22331030291172016,0.972336191874372,1.0,1.0,1.0,0.6033598326385643,0.4918997455392677,0.6978671178144803,0.8390955690364358,0.979814484366683,0.5269005160340497,1.0,0.89593325490537,1
multi,motion_blur,image,1.0,21,3,3,0,0,1.0,1.0,1.0,0.7193488486387306,-1.1192342509394102,2.137776747993801,1.1296371440162358,0.6897267682983574,CAUTION,Motion blur or defocus,Motion blur or defocus | Geometric inconsistency (calibration or depth scale error) | Unstable tracking / temporal disagreement,46.21976199985056,6.326213999955144,3,0.7259512183906037,0.2343607156893377,0.9673965735354952,1.0,1.0,1.0,0.6022641286243866,0.5001314700074376,0.6838830730844819,0.7923761959665284,0.9799488996226143,0.5778784863968199,1.0,1.0201258452042303,1
multi,motion_blur,image,1.0,22,3,3,0,0,1.0,1.0,1.0,0.7082766352615578,-1.1177670990211368,2.1386324841043205,1.1290936283387383,0.7087743692479523,CAUTION,Motion blur or defocus,Motion blur or defocus | Unstable tracking / temporal disagreement | Geometric inconsistency (calibration or depth scale error),49.97641099987504,6.5810579999379115,3,0.7390606404747945,0.26121326542231854,0.96193734908564,1.0,1.0,1.0,0.6105106182786935,0.5231222955600607,0.7150734236088403,0.7578583453583455,0.9786588214750066,0.6435675892569704,1.0,1.0215929971225037,1
multi,motion_blur,image,1.0,23,3,3,0,0,1.0,1.0,1.0,0.7267531331062385,-1.1153720219930012,2.1369123458862305,1.1292865177061013,0.7344211262250608,CAUTION,Motion blur or defocus,Motion blur or defocus | Unstable tracking / temporal disagreement | Distribution shift (input unlike calibration set),46.36782600005063,6.404851999946004,3,0.7499812663883042,0.310490552752147,0.9541970219743159,1.0,1.0,1.0,0.6193459055509518,0.5425629431732836,0.7300868751551306,0.7714944963009853,0.9760880692577919,0.7198935359975194,1.0,1.0239880741506393,1
multi,low_light,image,0.25,0,2,2,0,0,1.0,1.0,1.0,1.0,-1.244034767150879,2.1380691528320312,1.2588873292674259,0.25722186846393597,DEGRADED,Unstable tracking / temporal disagreement,Unstable tracking / temporal disagreement | Distribution shift (input unlike calibration set) | Poor illumination (under-exposed),43.51545999998052,5.9357229999932315,2,0.926005419155186,0.9371961534841524,0.7607316436053873,1.0,1.0,0.9268982338264863,0.5139012014731699,0.0,1.0,0.9952380952380953,0.9907716530492656,0.9692784097154019,1.0,0.8953253289927616,0
multi,low_light,image,0.25,1,2,2,0,0,1.0,1.0,1.0,0.9761848982685465,-1.2448030969370976,2.1396058124044686,1.2557476548162199,0.8130324733750204,TRUSTED,Distribution shift (input unlike calibration set),Distribution shift (input unlike calibration set) | Unstable tracking / temporal disagreement | Erratic object motion (large filter innovation),44.27486999998109,6.5191329999834124,2,0.9259156985793485,0.9290958879902145,0.7601444780885569,1.0,1.0,0.9225002952317337,0.5111253610949902,0.6094961240310077,0.356560980663947,0.9785714285714286,0.9907593204098566,0.9601939850011313,1.0,0.894556999206543,0
multi,low_light,image,0.25,2,2,2,0,0,1.0,1.0,1.0,0.9699998642573293,-1.2439535182455312,2.137906655021336,1.2547880542306196,0.837775893078766,TRUSTED,Distribution shift (input unlike calibration set),Distribution shift (input unlike calibration set) | Erratic object motion (large filter innovation) | Unstable tracking / temporal disagreement,43.73099800000091,5.950860999973884,2,0.926605398533463,0.8059188243546059,0.7606241144986906,1.0,1.0,0.9260384384829877,0.5142047438856194,0.7393669552144184,0.543402674063275,0.9788177339901478,0.9907612360413235,0.9733092117494057,1.0,0.8954065778981093,0
multi,low_light,image,0.25,3,2,2,0,0,1.0,1.0,1.0,0.9513859617109259,-1.2442721905915626,2.1385439997133986,1.2541875891371248,0.8660612741419479,TRUSTED,Distribution shift (input unlike calibration set),Distribution shift (input unlike calibration set) | Erratic object motion (large filter innovation) | Unstable tracking / temporal disagreement,43.805810999856476,6.348140999989482,2,0.9266133752601897,0.995763727728792,0.7607677224503974,1.0,1.0,0.9274030175856691,0.5108581528375999,0.8034515993435419,0.6472779075777755,0.9959183673469387,0.9907450401543308,0.9392800991546307,1.0,0.895087905552078,0
multi,low_light,image,0.25,4,2,2,0,0,1.0,1.0,1.0,0.9479125398216857,-1.2443457686382793,2.138691155806832,1.2532994502601982,0.8628432643607423,TRUSTED,Distribution shift (input unlike calibration set),Distribution shift (input unlike calibration set) | Poor illumination (under-exposed) | Erratic object motion (large filter innovation),43.87541899995995,5.95342700000856,2,0.927023315983751,0.8677413192959118,0.7605898042245144,1.0,1.0,0.9253480020414574,0.5119526695272227,0.8280177310428889,0.7127342635544152,0.9783068783068782,0.9902545871008644,0.9569425680091469,1.0,0.8950143275053613,0
multi,low_light,image,0.25,5,2,2,0,0,1.0,1.0,1.0,0.9539891245502226,-1.2441742523856778,2.138348123301629,1.2524120637355316,0.8583766126080157,TRUSTED,Distribution shift (input unlike calibration set),Distribution shift (input unlike calibration set) | Motion blur or defocus | Poor illumination (under-exposed),43.98145699985889,6.16991100002906,2,0.9273745544769223,0.7863154655645056,0.7610864189146528,1.0,1.0,0.9295838729540713,0.5136588559900006,0.8449522710178887,0.758079164953971,0.9967032967032967,0.9897687782621171,0.9276641177011545,1.0,0.8951858437579627,0
multi,low_light,image,0.25,6,2,2,0,0,1.0,1.0,1.0,0.9401802339603851,-1.2437590723452363,2.137517763220746,1.2526203748316664,0.86240227681227,TRUSTED,Distribution shift (input unlike calibration set),Distribution shift (input unlike calibration set) | Poor illumination (under-exposed) | Motion blur or defocus,44.01382100002138,6.066607999969165,2,0.9273674407857597,0.8120562758752817,0.760710774469548,1.0,1.0,0.9262902574550288,0.5109365026117527,0.852178547493122,0.7895706850438238,0.968956043956044,0.9897529023222349,0.9407158076061365,1.0,0.8956010237984042,0
multi,low_light,image,0.25,7,2,2,0,0,1.0,1.0,1.0,0.8626397439123228,-1.2290855076002032,2.10817063373068,1.2634012021090644,0.8612552041246302,TRUSTED,Distribution shift (input unlike calibration set),Distribution shift (input unlike calibration set) | Poor illumination (under-exposed) | Unstable tracking / temporal disagreement,44.51088799976333,6.169002999968143,2,0.9276371318323577,0.8879079345229565,0.7583723701130629,1.0,1.0,0.9064843440413956,0.5048910707716792,0.8390799212815074,0.7603730249033875,0.9672371031746032,0.9917981106435225,0.9106122462410025,1.0,0.9102745885434373,0
multi,low_light,image,0.25,8,2,2,0,0,1.0,1.0,1.0,0.8752658159137674,-5.719565598861031,11.089130816252336,5.756496414229951,0.7592533192695028,TRUSTED,Geometric inconsistency (calibration or depth scale error),Geometric inconsistency (calibration or depth scale error) | Distribution shift (input unlike calibration set) | Motion blur or defocus,44.02621799999906,5.861269000092761,2,0.9134846793043478,0.7659056009622239,0.7578715108529234,1.0,1.0,0.9001417952384131,0.5030891303270437,0.8263248456078358,0.7262295762897812,0.9880952380952381,1.0,0.33614694788611915,1.0,-3.5802055027173907,1
multi,low_light,image,0.25,9,2,2,0,0,1.0,1.0,1.0,0.8867917966850737,-1.2637652106907051,2.1775300399116837,1.2640455824042591,0.8500693245265075,TRUSTED,Distribution shift (input unlike calibration set),Distribution shift (input unlike calibration set) | Motion blur or defocus | Poor illumination (under-exposed),43.4325500000341,6.162388000007013,2,0.928684943480317,0.8037101225902892,0.7593514509266691,1.0,1.0,0.9136757462185444,0.5064885426337726,0.813330312618899,0.698936957432149,0.9773291925465839,0.9913084307073914,0.925588080591658,1.0,0.8755948854529354,0
multi,low_light,image,0.25,10,2,2,0,0,1.0,1.0,1.0,0.8937428554739426,-1.2469516007796582,2.1439028200895898,1.2498911510445347,0.8662347680575163,TRUSTED,Distribution shift (input unlike calibration set),Distribution shift (input unlike calibration set) | Poor illumination (under-exposed) | Unstable tracking / temporal disagreement,43.137788000080945,5.9535310000455866,2,0.9271646536872571,0.9244043180933353,0.7623452876341704,1.0,1.0,0.9401911865290615,0.5111901033939661,0.8113385147336952,0.6918026121676427,0.999025974025974,0.9897495872839543,0.950360899201503,1.0,0.8924084953639824,0
multi,low_light,image,0.25,11,2,2,0,0,1.0,1.0,1.0,0.913572691526894,-1.2460309733515196,2.1420615652333126,1.250478716353887,0.8555674659753593,TRUSTED,Distribution shift (input unlike calibration set),Distribution shift (input unlike calibration set) | Poor illumination (under-exposed) | Unstable tracking / temporal disagreement,43.89473200001248,6.067024999993009,2,0.9292940883323308,0.8405254448412965,0.7625511492792277,1.0,1.0,0.9419271393618162,0.5118946290579505,0.8152116068723579,0.7080462481372014,0.9772727272727273,0.9887325853996777,0.9142950886115135,1.0,0.893329122792121,0
multi,low_light,image,0.25,12,2,2,0,0,1.0,1.0,1.0,0.9304927709401046,-1.2438257466191835,2.1376511117686405,1.2498060493294048,0.8697207697788271,TRUSTED,Distribution shift (input unlike calibration set),Distribution shift (input unlike calibration set) | Poor illumination (under-exposed) | Unstable tracking / temporal disagreement,43.936026999972455,5.9404349999567785,2,0.9293036427961159,0.9806586827594382,0.7632889970311002,1.0,1.0,0.9494558951680507,0.5101606618971919,0.8210586173346512,0.7267338483364335,1.0,0.9877491702044789,0.9019915420029969,1.0,0.895534349524457,0
multi,low_light,image,0.25,13,2,2,0,0,1.0,1.0,1.0,0.8119373307146411,-1.2432169706925116,2.1364335599152966,1.2554143227436518,0.8599352015646926,TRUSTED,Distribution shift (input unlike calibration set),Distribution shift (input unlike calibration set) | Poor illumination (under-exposed) | Unstable tracking / temporal disagreement,43.70737800002189,6.078657999978532,2,0.9289692145914676,0.8842806174456571,0.7612466514321975,1.0,1.0,0.9331903696658994,0.4996896053376735,0.8291809229003202,0.771871747743583,0.969327731092437,0.9867747141626393,0.8962267497491081,1.0,0.896143125451129,0
multi,low_light,image,0.25,14,1,1,0,0,1.0,1.0,1.0,0.8896911352085559,-2.1379129990287424,2.1379129990287424,2.1495226359654738,0.8232559088830737,TRUSTED,Distribution shift (input unlike calibration set),Distribution shift (input unlike calibration set) | Geometric inconsistency (calibration or depth scale error) | Unstable tracking / temporal disagreement,42.227162000017415,6.255472000020745,1,0.9320417240705335,0.8118062995480013,0.7576614046378648,1.0,1.0,0.9048903859776988,0.47631815057897253,0.7546871784303798,0.6570511714532814,1.0,0.9726738545502717,0.7910739815733857,1.0,0.0014470971148980993,0
multi,low_light,image,0.25,15,1,1,0,0,1.0,1.0,1.0,0.899274993846527,-2.138255658357039,2.138255658357039,2.1506422379978125,0.8160885517163746,TRUSTED,Distribution shift (input unlike calibration set),Distribution shift (input unlike calibration set) | Geometric inconsistency (calibration or depth scale error) | Unstable tracking / temporal disagreement,42.905811000082394,6.340953000062655,1,0.9295161943332859,0.7652623844330434,0.7591095104366017,1.0,1.0,0.9159722280610502,0.47920276485773705,0.7442008595102753,0.6541595973088355,1.0,0.9716153574264149,0.7703928236382341,1.0,0.0011044377866014088,0
multi,low_light,image,0.25,16,1,1,0,0,1.0,1.0,1.0,0.8958730585005164,-2.1374610610630214,2.1374610610630214,2.149508142798386,0.8266961269012433,TRUSTED,Distribution shift (input unlike calibration set),Distribution shift (input unlike calibration set) | Unstable tracking / temporal disagreement | Geometric inconsistency (calibration or depth scale error),45.28691199993773,6.003545999988091,1,0.9290078736894202,0.8319540079573785,0.7606463984911969,1.0,1.0,0.9286075865631989,0.4818358968037546,0.7375716023630804,0.6467171142794289,1.0,0.9697337351034728,0.8106291766945349,1.0,0.0018990350806191714,0
multi,low_light,image,0.25,17,1,1,0,0,1.0,1.0,1.0,0.8993422557506565,-2.1385490168695895,2.1385490168695895,2.150921281050911,0.8316882022721404,TRUSTED,Distribution shift (input unlike calibration set),Distribution shift (input unlike calibration set) | Unstable tracking / temporal disagreement | Geometric inconsistency (calibration or depth scale error),43.59163599997373,6.124656999986655,1,0.9320149650434731,0.9040581360575256,0.7626126955442449,1.0,1.0,0.9448109957493726,0.4838384376059237,0.7327518420092382,0.6400602033582375,1.0,0.9678770129054551,0.7956257494914284,1.0,0.0008110792740509964,0
multi,low_light,image,0.25,18,2,2,0,0,1.0,1.0,1.0,0.8566706395149323,-1.2433755294136377,2.136750677357549,1.262023058650715,0.8263081470219195,TRUSTED,Distribution shift (input unlike calibration set),Distribution shift (input unlike calibration set) | Unstable tracking / temporal disagreement | Motion blur or defocus,49.51075899998614,9.24019700005374,2,0.927703952277909,0.777439576817075,0.7667299284453926,1.0,1.0,0.9817960867864962,0.5015442051582053,0.6226553476606638,0.7026634870402491,0.9583333333333333,0.982821544840411,0.9011581846915413,1.0,0.8959845667300028,0
multi,low_light,image,0.25,19,2,2,0,0,1.0,1.0,1.0,0.8209134127169431,-1.2431749260943867,2.136349470719047,1.2498930491281162,0.836648233592731,TRUSTED,Distribution shift (input unlike calibration set),Distribution shift (input unlike calibration set) | Unstable tracking / temporal disagreement | Erratic object motion (large filter innovation),56.36243699984789,9.07343000005767,2,0.9266361086735009,0.8694220370609907,0.7737525695123502,1.0,1.0,1.0,0.5232547542956101,0.6056561053436136,0.696545796744473,1.0,0.981842856571731,0.8753324934574404,1.0,0.8961851700492538,0
multi,low_light,image,0.25,20,3,3,0,0,1.0,1.0,1.0,0.8288399782796597,-1.1169463102368333,2.1355925435605254,1.1237619809144532,0.8323027909916043,TRUSTED,Unstable tracking / temporal disagreement,Unstable tracking / temporal disagreement | Distribution shift (input unlike calibration set) | Poor illumination (under-exposed),57.15855299990835,7.506408999915948,3,0.9083715029934333,1.0,0.7793759173355843,1.0,1.0,1.0,0.5284735762435548,0.4723903044538871,0.7635400788052564,0.9989648033126294,0.9845102873980859,0.8746380858665123,1.0,1.0224137859068072,1
multi,low_light,image,0.25,21,3,3,0,0,1.0,1.0,1.0,0.8639149865344526,-1.1152590184971902,2.1354192650836445,1.1245743117834954,0.8356755456163124,TRUSTED,Unstable tracking / temporal disagreement,Unstable tracking / temporal disagreement | Distribution shift (input unlike calibration set) | Poor illumination (under-exposed),46.89709399985986,6.452003999925182,3,0.9055333149525936,0.9441677483005289,0.7830877938016191,1.0,1.0,1.0,0.5289363640839158,0.5041375088247513,0.793036640534778,0.9978021978021978,0.983140478500937,0.8853810315567051,1.0,1.0241010776464503,1
multi,low_light,image,0.25,22,3,3,0,0,1.0,1.0,1.0,0.8820037082108932,-1.113169753033181,2.134248443271801,1.1248014124025207,0.8431508760072861,TRUSTED,Distribution shift (input unlike calibration set),Distribution shift (input unlike calibration set) | Unstable tracking / temporal disagreement | Poor illumination (under-exposed),47.13292799988267,6.502240999907372,3,0.9077269364135209,1.0,0.7872690489669512,1.0,1.0,1.0,0.5151294517780842,0.5270763422735596,0.8112081628291774,0.9966490299823633,0.9811593264169566,0.8888765975321484,1.0,1.0261903431104595,1
multi,low_light,image,0.25,23,3,3,0,0,1.0,1.0,1.0,0.8831381282445481,-1.1105990409851074,2.1318416595458984,1.1250306180778418,0.8442719901245719,TRUSTED,Distribution shift (input unlike calibration set),Distribution shift (input unlike calibration set) | Unstable tracking / temporal disagreement | Poor illumination (under-exposed),48.42231300006006,6.441300000005867,3,0.9083049967520539,1.0,0.7932878492286289,1.0,1.0,1.0,0.5153992533625644,0.5419691372601786,0.8101479938691034,0.9972789115646258,0.9792656572961536,0.8751502788419387,1.0,1.028761055158533,1
multi,low_light,image,0.5,0,2,2,0,0,1.0,1.0,1.0,1.0,-1.244034767150879,2.1380691528320312,1.2588873292674259,0.18317164051126789,DEGRADED,Unstable tracking / temporal disagreement,Unstable tracking / temporal disagreement | Distribution shift (input unlike calibration set) | Poor illumination (under-exposed),45.09369900006277,6.2108859999625565,2,0.8891667668274607,0.6485589831454573,0.5448715601960495,1.0,1.0,0.6354700961535914,0.030252188839993366,0.0,1.0,0.9952380952380953,0.9907716530492656,0.9692784097154019,1.0,0.8953253289927616,0
multi,low_light,image,0.5,1,2,2,0,0,1.0,1.0,1.0,0.9761848982685465,-1.2448030969370976,2.1396058124044686,1.2557476548162199,0.5752348703507096,CAUTION,Distribution shift (input unlike calibration set),Distribution shift (input unlike calibration set) | Unstable tracking / temporal disagreement | Erratic object motion (large filter innovation),44.98054199996204,6.266589999995631,2,0.889100336480938,0.6404616318532145,0.5444541774792666,1.0,1.0,0.6320052888153198,0.02813981853423042,0.6094961240310077,0.356560980663947,0.9785714285714286,0.9907593204098566,0.9601939850011313,1.0,0.894556999206543,0
multi,low_light,image,0.5,2,2,2,0,0,1.0,1.0,1.0,0.9699998642573293,-1.2439535182455312,2.137906655021336,1.2547880542306196,0.5871404866547321,CAUTION,Distribution shift (input unlike calibration set),Distribution shift (input unlike calibration set) | Motion blur or defocus | Poor illumination (under-exposed),46.558745000083945,6.56176500001493,2,0.8897064214384682,0.5534020006960112,0.5447834853685251,1.0,1.0,0.6347968547745741,0.025594349030651053,0.7393669552144184,0.543402674063275,0.9788177339901478,0.9907612360413235,0.9733092117494057,1.0,0.8954065778981093,0
multi,low_light,image,0.5,3,2,2,0,0,1.0,1.0,1.0,0.9513859617109259,-1.2442721905915626,2.1385439997133986,1.2541875891371248,0.6174844929296447,CAUTION,Distribution shift (input unlike calibration set),Distribution shift (input unlike calibration set) | Poor illumination (under-exposed) | Motion blur or defocus,45.428118000018,6.441866000045593,2,0.8897143981651949,0.6883061026135727,0.5448949053310561,1.0,1.0,0.6356052619197148,0.030519318334526147,0.8034515993435419,0.6472779075777755,0.9959183673469387,0.9907450401543308,0.9392800991546307,1.0,0.895087905552078,0
multi,low_light,image,0.5,4,2,2,0,0,1.0,1.0,1.0,0.9479125398216857,-1.2443457686382793,2.138691155806832,1.2532994502601982,0.6074290449132037,CAUTION,Distribution shift (input unlike calibration set),Distribution shift (input unlike calibration set) | Motion blur or defocus | Poor illumination (under-exposed),45.22485199993298,6.016422000016064,2,0.8900936591867663,0.5980524924082645,0.5447657996601868,1.0,1.0,0.6340391353847691,0.026680977434092035,0.8280177310428889,0.7127342635544152,0.9783068783068782,0.9902545871008644,0.9569425680091469,1.0,0.8950143275053613,0
multi,low_light,image,0.5,5,2,2,0,0,1.0,1.0,1.0,0.9539891245502226,-1.2441742523856778,2.138348123301629,1.2524120637355316,0.5997795410966614,CAUTION,Distribution shift (input unlike calibration set),Distribution shift (input unlike calibration set) | Motion blur or defocus | Poor illumination (under-exposed),45.93278000004375,6.215634000000136,2,0.8903995361025085,0.53969072343624,0.5451025355469473,1.0,1.0,0.637268218702466,0.02475100212924841,0.8449522710178887,0.758079164953971,0.9967032967032967,0.9897687782621171,0.9276641177011545,1.0,0.8951858437579627,0
multi,low_light,image,0.5,6,2,2,0,0,1.0,1.0,1.0,0.9401802339603851,-1.2437590723452363,2.137517763220746,1.2526203748316664,0.6012463166075612,CAUTION,Distribution shift (input unlike calibration set),Distribution shift (input unlike calibration set) | Motion blur or defocus | Poor illumination (under-exposed),45.06193199995323,6.10387400001855,2,0.8904125852334465,0.5565899103546504,0.5448337127802058,1.0,1.0,0.6345105051313851,0.024065539636835553,0.852178547493122,0.7895706850438238,0.968956043956044,0.9897529023222349,0.9407158076061365,1.0,0.8956010237984042,0
multi,low_light,image,0.5,7,2,2,0,0,1.0,1.0,1.0,0.8626397439123228,-1.2290855076002032,2.10817063373068,1.2634012021090644,0.5978792424549207,CAUTION,Distribution shift (input unlike calibration set),Distribution shift (input unlike calibration set) | Motion blur or defocus | Poor illumination (under-exposed),45.16170099998362,6.1154969999961395,2,0.890630120994718,0.6117773576662497,0.5432363396030938,1.0,1.0,0.6199927826553451,0.022586550473714162,0.8390799212815074,0.7603730249033875,0.9672371031746032,0.9917981106435225,0.9106122462410025,1.0,0.9102745885434373,0
multi,low_light,image,0.5,8,2,2,0,0,1.0,1.0,1.0,0.8752658159137674,-5.719565598861031,11.089130816252336,5.756496414229951,0.513407477842919,CAUTION,Distribution shift (input unlike calibration set),Distribution shift (input unlike calibration set) | Geometric inconsistency (calibration or depth scale error) | Motion blur or defocus,45.12423099993157,6.338472000038564,2,0.8765440491127166,0.5274134458490976,0.5428921757188312,1.0,1.0,0.6154295140661725,0.016881540151954755,0.8263248456078358,0.7262295762897812,0.9880952380952381,1.0,0.33614694788611915,1.0,-3.5802055027173907,1
multi,low_light,image,0.5,9,2,2,0,0,1.0,1.0,1.0,0.8867917966850737,-1.2637652106907051,2.1775300399116837,1.2640455824042591,0.5854821849477518,CAUTION,Distribution shift (input unlike calibration set),Distribution shift (input unlike calibration set) | Motion blur or defocus | Poor illumination (under-exposed),43.95917099986946,6.193135999978949,2,0.8915847409675443,0.5528591156441309,0.5439034445216131,1.0,1.0,0.6250548898240166,0.02081010579258047,0.813330312618899,0.698936957432149,0.9773291925465839,0.9913084307073914,0.925588080591658,1.0,0.8755948854529354,0
multi,low_light,image,0.5,10,2,2,0,0,1.0,1.0,1.0,0.8937428554739426,-1.2469516007796582,2.1439028200895898,1.2498911510445347,0.6148663816097142,CAUTION,Distribution shift (input unlike calibration set),Distribution shift (input unlike calibration set) | Poor illumination (under-exposed) | Motion blur or defocus,44.8731559999942,5.930493000050774,2,0.8900104609152801,0.6384857388197575,0.545975502110524,1.0,1.0,0.6445414360444461,0.029108077151037026,0.8113385147336952,0.6918026121676427,0.999025974025974,0.9897495872839543,0.950360899201503,1.0,0.8924084953639824,0
multi,low_light,image,0.5,11,2,2,0,0,1.0,1.0,1.0,0.913572691526894,-1.2460309733515196,2.1420615652333126,1.250478716353887,0.6021629505409014,CAUTION,Distribution shift (input unlike calibration set),Distribution shift (input unlike calibration set) | Motion blur or defocus | Poor illumination (under-exposed),44.40605599995706,6.185040999980629,2,0.8921429876525847,0.5792542040874374,0.5461113283505619,1.0,1.0,0.6458329839119666,0.026605223036979098,0.8152116068723579,0.7080462481372014,0.9772727272727273,0.9887325853996777,0.9142950886115135,1.0,0.893329122792121,0
multi,low_light,image,0.5,12,2,2,0,0,1.0,1.0,1.0,0.9304927709401046,-1.2438257466191835,2.1376511117686405,1.2498060493294048,0.6206707995987991,CAUTION,Distribution shift (input unlike calibration set),Distribution shift (input unlike calibration set) | Poor illumination (under-exposed) | Motion blur or defocus,44.829563999996935,6.067582000014227,2,0.8921649256384274,0.67611679541371,0.5466157247523691,1.0,1.0,0.6511263739811823,0.03086761107569791,0.8210586173346512,0.7267338483364335,1.0,0.9877491702044789,0.9019915420029969,1.0,0.895534349524457,0
multi,low_light,image,0.5,13,2,2,0,0,1.0,1.0,1.0,0.8119373307146411,-1.2432169706925116,2.1364335599152966,1.2554143227436518,0.5930436144595993,CAUTION,Distribution shift (input unlike calibration set),Distribution shift (input unlike calibration set) | Motion blur or defocus | Poor illumination (under-exposed),45.710498000062216,6.438737000053152,2,0.8918870028517139,0.6099881290229058,0.5451831823769697,1.0,1.0,0.6380719428365507,0.020774817416563174,0.8291809229003202,0.771871747743583,0.969327731092437,0.9867747141626393,0.8962267497491081,1.0,0.896143125451129,0
multi,low_light,image,0.5,14,1,1,0,0,1.0,1.0,1.0,0.8896911352085559,-2.1379129990287424,2.1379129990287424,2.1495226359654738,0.47657579406879075,CAUTION,Distribution shift (input unlike calibration set),Distribution shift (input unlike calibration set) | Motion blur or defocus | Poor illumination (under-exposed),43.252692999999454,6.354455000064263,1,0.8874314203350054,0.5561204425128118,0.5426534186562646,1.0,1.0,0.6162386488001301,0.0029384609514239157,0.7546871784303798,0.6570511714532814,1.0,0.9726738545502717,0.7910739815733857,1.0,0.0014470971148980993,0
multi,low_light,image,0.5,15,1,1,0,0,1.0,1.0,1.0,0.899274993846527,-2.138255658357039,2.138255658357039,2.1506422379978125,0.47768695103582104,CAUTION,Distribution shift (input unlike calibration set),Distribution shift (input unlike calibration set) | Motion blur or defocus | Poor illumination (under-exposed),47.49702399999478,6.7985939999744005,1,0.8848635536225878,0.522830798340857,0.5436572594615444,1.0,1.0,0.6243672461475129,0.003347070784290751,0.7442008595102753,0.6541595973088355,1.0,0.9716153574264149,0.7703928236382341,1.0,0.0011044377866014088,0
multi,low_light,image,0.5,16,1,1,0,0,1.0,1.0,1.0,0.8958730585005164,-2.1374610610630214,2.1374610610630214,2.149508142798386,0.5230736256418896,CAUTION,Distribution shift (input unlike calibration set),Distribution shift (input unlike calibration set) | Motion blur or defocus | Poor illumination (under-exposed),43.26059000004534,5.809676000012587,1,0.8843458050612438,0.5662413387500885,0.5447042533951696,1.0,1.0,0.633530767657026,0.007951272479288285,0.7375716023630804,0.6467171142794289,1.0,0.9697337351034728,0.8106291766945349,1.0,0.0018990350806191714,0
multi,low_light,image,0.5,17,1,1,0,0,1.0,1.0,1.0,0.8993422557506565,-2.1385490168695895,2.1385490168695895,2.150921281050911,0.5499352919761057,CAUTION,Distribution shift (input unlike calibration set),Distribution shift (input unlike calibration set) | Motion blur or defocus | Poor illumination (under-exposed),44.932750999919335,6.603884000014659,1,0.8877151839766663,0.6221106350495195,0.5460681752222165,1.0,1.0,0.6455972174238476,0.012803113537911304,0.7327518420092382,0.6400602033582375,1.0,0.9678770129054551,0.7956257494914284,1.0,0.0008110792740509964,0
multi,low_light,image,0.5,18,2,2,0,0,1.0,1.0,1.0,0.8566706395149323,-1.2433755294136377,2.136750677357549,1.262023058650715,0.5684246536261643,CAUTION,Distribution shift (input unlike calibration set),Distribution shift (input unlike calibration set) | Motion blur or defocus | Unstable tracking / temporal disagreement,46.05474700008472,6.517900000062582,2,0.8905528515981629,0.5331000127921005,0.5489467011113522,1.0,1.0,0.6732729163307234,0.020377192111353692,0.6226553476606638,0.7026634870402491,0.9583333333333333,0.982821544840411,0.9011581846915413,1.0,0.8959845667300028,0
multi,low_light,image,0.5,19,2,2,0,0,1.0,1.0,1.0,0.8209134127169431,-1.2431749260943867,2.136349470719047,1.2498930491281162,0.6110910200351621,CAUTION,Distribution shift (input unlike calibration set),Distribution shift (input unlike calibration set) | Motion blur or defocus | Unstable tracking / temporal disagreement,46.247698999877684,6.422444000008909,2,0.8896881206693479,0.5989433816318813,0.5538505943193859,1.0,1.0,0.717893666458288,0.03980650339179903,0.6056561053436136,0.696545796744473,1.0,0.981842856571731,0.8753324934574404,1.0,0.8961851700492538,0
multi,low_light,image,0.5,20,3,3,0,0,1.0,1.0,1.0,0.8288399782796597,-1.1169463102368333,2.1355925435605254,1.1237619809144532,0.6223778925808516,CAUTION,Distribution shift (input unlike calibration set),Distribution shift (input unlike calibration set) | Unstable tracking / temporal disagreement | Poor illumination (under-exposed),46.0357770000428,6.087020999984816,3,0.8690328421919217,0.6941797307494751,0.5576781353179527,1.0,1.0,0.7484203743618792,0.05059211847949785,0.4723903044538871,0.7635400788052564,0.9989648033126294,0.9845102873980859,0.8746380858665123,1.0,1.0224137859068072,1
multi,low_light,image,0.5,21,3,3,0,0,1.0,1.0,1.0,0.8639149865344526,-1.1152590184971902,2.1354192650836445,1.1245743117834954,0.625921503466072,CAUTION,Distribution shift (input unlike calibration set),Distribution shift (input unlike calibration set) | Unstable tracking / temporal disagreement | Motion blur or defocus,46.49399399988852,6.479991999981394,3,0.866443609533202,0.6469383632854083,0.5602124973228259,1.0,1.0,0.77159445375655,0.05128500996789842,0.5041375088247513,0.793036640534778,0.9978021978021978,0.983140478500937,0.8853810315567051,1.0,1.0241010776464503,1
multi,low_light,image,0.5,22,3,3,0,0,1.0,1.0,1.0,0.8820037082108932,-1.113169753033181,2.134248443271801,1.1248014124025207,0.6483582536576714,CAUTION,Distribution shift (input unlike calibration set),Distribution shift (input unlike calibration set) | Unstable tracking / temporal disagreement | Poor illumination (under-exposed),47.49668599993129,6.116448000057062,3,0.8686835635965378,0.8210634965548698,0.5630733375036233,1.0,1.0,0.7982883697906401,0.054549550515748835,0.5270763422735596,0.8112081628291774,0.9966490299823633,0.9811593264169566,0.8888765975321484,1.0,1.0261903431104595,1
multi,low_light,image,0.5,23,3,3,0,0,1.0,1.0,1.0,0.8831381282445481,-1.1105990409851074,2.1318416595458984,1.1250306180778418,0.6500753183183237,CAUTION,Distribution shift (input unlike calibration set),Distribution shift (input unlike calibration set) | Unstable tracking / temporal disagreement | Poor illumination (under-exposed),46.90337200020167,6.3809450000462675,3,0.8647895386570951,0.7744357864379545,0.5671994132589401,1.0,1.0,0.8348653628161401,0.05745926448427985,0.5419691372601786,0.8101479938691034,0.9972789115646258,0.9792656572961536,0.8751502788419387,1.0,1.028761055158533,1
multi,low_light,image,0.75,0,2,2,0,0,1.0,1.0,1.0,1.0,-1.244034767150879,2.1380691528320312,1.2588873292674259,0.06235155144847844,DEGRADED,Distribution shift (input unlike calibration set),Distribution shift (input unlike calibration set) | Unstable tracking / temporal disagreement | Motion blur or defocus,44.174146999921504,5.91722099989056,2,0.7744040713489464,0.3742746116089311,0.3039918589147377,1.0,1.0,0.33627100045845615,0.0,0.0,1.0,0.9952380952380953,0.9907716530492656,0.9692784097154019,1.0,0.8953253289927616,0
multi,low_light,image,0.75,1,2,2,0,0,1.0,1.0,1.0,0.9761848982685465,-1.2448030969370976,2.1396058124044686,1.2557476548162199,0.19718036217848803,DEGRADED,Distribution shift (input unlike calibration set),Distribution shift (input unlike calibration set) | Motion blur or defocus | Poor illumination (under-exposed),44.235028000002785,6.260961999942083,2,0.7728011694623886,0.37229805223148155,0.30376017613550643,1.0,1.0,0.33392131237277906,0.0,0.6094961240310077,0.356560980663947,0.9785714285714286,0.9907593204098566,0.9601939850011313,1.0,0.894556999206543,0
multi,low_light,image,0.75,2,2,2,0,0,1.0,1.0,1.0,0.9699998642573293,-1.2439535182455312,2.137906655021336,1.2547880542306196,0.2030535465075059,DEGRADED,Distribution shift (input unlike calibration set),Distribution shift (input unlike calibration set) | Motion blur or defocus | Poor illumination (under-exposed),44.03719199990519,5.8834669999896505,2,0.7739814396750356,0.322362162588631,0.30395931721139524,1.0,1.0,0.3352465986685914,0.0,0.7393669552144184,0.543402674063275,0.9788177339901478,0.9907612360413235,0.9733092117494057,1.0,0.8954065778981093,0
multi,low_light,image,0.75,3,2,2,0,0,1.0,1.0,1.0,0.9513859617109259,-1.2442721905915626,2.1385439997133986,1.2541875891371248,0.209634791852255,DEGRADED,Distribution shift (input unlike calibration set),Distribution shift (input unlike calibration set) | Motion blur or defocus | Poor illumination (under-exposed),44.53818800016052,6.158138000046165,2,0.7587116854722038,0.39728555108522073,0.30400494633890807,1.0,1.0,0.33663564501355286,0.0,0.8034515993435419,0.6472779075777755,0.9959183673469387,0.9907450401543308,0.9392800991546307,1.0,0.895087905552078,0
multi,low_light,image,0.75,4,2,2,0,0,1.0,1.0,1.0,0.9479125398216857,-1.2443457686382793,2.138691155806832,1.2532994502601982,0.20931373790573096,DEGRADED,Distribution shift (input unlike calibration set),Distribution shift (input unlike calibration set) | Motion blur or defocus | Poor illumination (under-exposed),44.85306800006583,6.050432000051842,2,0.777604473036202,0.3473545831456417,0.3039313737922209,1.0,1.0,0.33520464016402635,0.0,0.8280177310428889,0.7127342635544152,0.9783068783068782,0.9902545871008644,0.9569425680091469,1.0,0.8950143275053613,0
multi,low_light,image,0.75,5,2,2,0,0,1.0,1.0,1.0,0.9539891245502226,-1.2441742523856778,2.138348123301629,1.2524120637355316,0.2081941574627831,DEGRADED,Distribution shift (input unlike calibration set),Distribution shift (input unlike calibration set) | Motion blur or defocus | Poor illumination (under-exposed),44.672175999949104,6.469082000080562,2,0.7799421446095982,0.31442789492211637,0.3041400651506123,1.0,1.0,0.3366433339761997,0.0,0.8449522710178887,0.758079164953971,0.9967032967032967,0.9897687782621171,0.9276641177011545,1.0,0.8951858437579627,0
multi,low_light,image,0.75,6,2,2,0,0,1.0,1.0,1.0,0.9401802339603851,-1.2437590723452363,2.137517763220746,1.2526203748316664,0.208789096422765,DEGRADED,Distribution shift (input unlike calibration set),Distribution shift (input unlike calibration set) | Motion blur or defocus | Poor illumination (under-exposed),44.58822100002635,6.343069000081414,2,0.7612823933955739,0.3243788750097997,0.30398973662973705,1.0,1.0,0.3353776264234338,0.0,0.852178547493122,0.7895706850438238,0.968956043956044,0.9897529023222349,0.9407158076061365,1.0,0.8956010237984042,0
multi,low_light,image,0.75,7,2,2,0,0,1.0,1.0,1.0,0.8626397439123228,-1.2290855076002032,2.10817063373068,1.2634012021090644,0.2086845530618044,DEGRADED,Distribution shift (input unlike calibration set),Distribution shift (input unlike calibration set) | Motion blur or defocus | Poor illumination (under-exposed),44.541070999912336,6.294657000012194,2,0.7591255886744901,0.35528634548463023,0.30304567351864065,1.0,1.0,0.3274791691543237,0.0,0.8390799212815074,0.7603730249033875,0.9672371031746032,0.9917981106435225,0.9106122462410025,1.0,0.9102745885434373,0
multi,low_light,image,0.75,8,2,2,0,0,1.0,1.0,1.0,0.8752658159137674,-5.719565598861031,11.089130816252336,5.756496414229951,0.18401176460129368,DEGRADED,Distribution shift (input unlike calibration set),Distribution shift (input unlike calibration set) | Geometric inconsistency (calibration or depth scale error) | Motion blur or defocus,44.48986500005958,5.983576000062385,2,0.7473138618652455,0.30677119415464343,0.3028479472994189,1.0,1.0,0.3242586549422241,0.0,0.8263248456078358,0.7262295762897812,0.9880952380952381,1.0,0.33614694788611915,1.0,-3.5802055027173907,1
multi,low_light,image,0.75,9,2,2,0,0,1.0,1.0,1.0,0.8867917966850737,-1.2637652106907051,2.1775300399116837,1.2640455824042591,0.20628951318620303,DEGRADED,Distribution shift (input unlike calibration set),Distribution shift (input unlike calibration set) | Motion blur or defocus | Poor illumination (under-exposed),44.21377699998175,6.133486000067023,2,0.778986833458547,0.32013014473970536,0.303448907668753,1.0,1.0,0.3299801729784784,0.0,0.813330312618899,0.698936957432149,0.9773291925465839,0.9913084307073914,0.925588080591658,1.0,0.8755948854529354,0
multi,low_light,image,0.75,10,2,2,0,0,1.0,1.0,1.0,0.8937428554739426,-1.2469516007796582,2.1439028200895898,1.2498911510445347,0.2104936863128717,DEGRADED,Distribution shift (input unlike calibration set),Distribution shift (input unlike calibration set) | Motion blur or defocus | Poor illumination (under-exposed),43.859870000005685,5.896197000083703,2,0.788426325191651,0.37071056326637325,0.30463137412824937,1.0,1.0,0.34155273519333046,0.0,0.8113385147336952,0.6918026121676427,0.999025974025974,0.9897495872839543,0.950360899201503,1.0,0.8924084953639824,0
multi,low_light,image,0.75,11,2,2,0,0,1.0,1.0,1.0,0.913572691526894,-1.2460309733515196,2.1420615652333126,1.250478716353887,0.2076714483586956,DEGRADED,Distribution shift (input unlike calibration set),Distribution shift (input unlike calibration set) | Motion blur or defocus | Poor illumination (under-exposed),45.03251800019825,6.452086000081181,2,0.784383390732211,0.3361806853554741,0.3047141432432724,1.0,1.0,0.3417731667390231,0.0,0.8152116068723579,0.7080462481372014,0.9772727272727273,0.9887325853996777,0.9142950886115135,1.0,0.893329122792121,0
multi,low_light,image,0.75,12,2,2,0,0,1.0,1.0,1.0,0.9304927709401046,-1.2438257466191835,2.1376511117686405,1.2498060493294048,0.21124998667097544,DEGRADED,Distribution shift (input unlike calibration set),Distribution shift (input unlike calibration set) | Motion blur or defocus | Poor illumination (under-exposed),43.79138499996316,5.916580999951293,2,0.7865764207784942,0.3921265458832792,0.3050148002850228,1.0,1.0,0.3453822399271256,0.0,0.8210586173346512,0.7267338483364335,1.0,0.9877491702044789,0.9019915420029969,1.0,0.895534349524457,0
multi,low_light,image,0.75,13,2,2,0,0,1.0,1.0,1.0,0.8119373307146411,-1.2432169706925116,2.1364335599152966,1.2554143227436518,0.20891401207705254,DEGRADED,Distribution shift (input unlike calibration set),Distribution shift (input unlike calibration set) | Motion blur or defocus | Poor illumination (under-exposed),43.75311299986606,6.169878000036988,2,0.7782118493561807,0.3522602555748382,0.30417649770978916,1.0,1.0,0.33696705391170406,0.0,0.8291809229003202,0.771871747743583,0.969327731092437,0.9867747141626393,0.8962267497491081,1.0,0.896143125451129,0
multi,low_light,image,0.75,14,1,1,0,0,1.0,1.0,1.0,0.8896911352085559,-2.1379129990287424,2.1379129990287424,2.1495226359654738,0.1998472949594135,DEGRADED,Distribution shift (input unlike calibration set),Distribution shift (input unlike calibration set) | Motion blur or defocus | Poor illumination (under-exposed),41.55932399999074,5.900656999983767,1,0.7433256509015422,0.3233000578419145,0.3027305141960528,1.0,1.0,0.322961376817862,0.0,0.7546871784303798,0.6570511714532814,1.0,0.9726738545502717,0.7910739815733857,1.0,0.0014470971148980993,0
multi,low_light,image,0.75,15,1,1,0,0,1.0,1.0,1.0,0.899274993846527,-2.138255658357039,2.138255658357039,2.1506422379978125,0.19825074163151032,DEGRADED,Distribution shift (input unlike calibration set),Distribution shift (input unlike calibration set) | Motion blur or defocus | Poor illumination (under-exposed),41.56787499994152,6.119255000044177,1,0.7492548109909932,0.30535794537460426,0.30331025171538106,1.0,1.0,0.32767253149398246,0.0,0.7442008595102753,0.6541595973088355,1.0,0.9716153574264149,0.7703928236382341,1.0,0.0011044377866014088,0
multi,low_light,image,0.75,16,1,1,0,0,1.0,1.0,1.0,0.8958730585005164,-2.1374610610630214,2.1374610610630214,2.149508142798386,0.2006703001200062,DEGRADED,Distribution shift (input unlike calibration set),Distribution shift (input unlike calibration set) | Motion blur or defocus | Poor illumination (under-exposed),43.011452999962785,5.857848000005106,1,0.7478599920268837,0.3308508167000101,0.30392819036471996,1.0,1.0,0.3330470092695248,0.0,0.7375716023630804,0.6467171142794289,1.0,0.9697337351034728,0.8106291766945349,1.0,0.0018990350806191714,0
multi,low_light,image,0.75,17,1,1,0,0,1.0,1.0,1.0,0.8993422557506565,-2.1385490168695895,2.1385490168695895,2.150921281050911,0.2021368156459134,DEGRADED,Distribution shift (input unlike calibration set),Distribution shift (input unlike calibration set) | Motion blur or defocus | Poor illumination (under-exposed),43.38611800005765,6.043739000006099,1,0.7599296470766687,0.3604580108106204,0.3047152043857727,1.0,1.0,0.34035606663252155,0.0,0.7327518420092382,0.6400602033582375,1.0,0.9678770129054551,0.7956257494914284,1.0,0.0008110792740509964,0
multi,low_light,image,0.75,18,2,2,0,0,1.0,1.0,1.0,0.8566706395149323,-1.2433755294136377,2.136750677357549,1.262023058650715,0.2007447425754764,DEGRADED,Distribution shift (input unlike calibration set),Distribution shift (input unlike calibration set) | Motion blur or defocus | Poor illumination (under-exposed),43.6919769999804,6.080776999965565,2,0.7761265228187733,0.31015817331625317,0.30636740325873324,1.0,1.0,0.35662323244204763,0.0,0.6226553476606638,0.7026634870402491,0.9583333333333333,0.982821544840411,0.9011581846915413,1.0,0.8959845667300028,0
multi,low_light,image,0.75,19,2,2,0,0,1.0,1.0,1.0,0.8209134127169431,-1.2431749260943867,2.136349470719047,1.2498930491281162,0.20280726668129984,DEGRADED,Distribution shift (input unlike calibration set),Distribution shift (input unlike calibration set) | Motion blur or defocus | Poor illumination (under-exposed),43.55564299987691,6.145120999917708,2,0.7615404004889448,0.34757722104214,0.3091903960236868,1.0,1.0,0.38423245412931584,0.0,0.6056561053436136,0.696545796744473,1.0,0.981842856571731,0.8753324934574404,1.0,0.8961851700492538,0
multi,low_light,image,0.75,20,3,3,0,0,1.0,1.0,1.0,0.8288399782796597,-1.1169463102368333,2.1355925435605254,1.1237619809144532,0.20201048718934592,DEGRADED,Distribution shift (input unlike calibration set),Distribution shift (input unlike calibration set) | Motion blur or defocus | Poor illumination (under-exposed),44.805231999930584,6.074865999948997,3,0.74053412185217,0.40133516869740915,0.3114421404093144,1.0,1.0,0.4026372749107147,0.0,0.4723903044538871,0.7635400788052564,0.9989648033126294,0.9845102873980859,0.8746380858665123,1.0,1.0224137859068072,1
multi,low_light,image,0.75,21,3,3,0,0,1.0,1.0,1.0,0.8639149865344526,-1.1152590184971902,2.1354192650836445,1.1245743117834954,0.2033065342543391,DEGRADED,Distribution shift (input unlike calibration set),Distribution shift (input unlike calibration set) | Motion blur or defocus | Poor illumination (under-exposed),45.4455079999434,6.260153999960494,3,0.7464361530707077,0.37774118471057483,0.31294082733389894,1.0,1.0,0.41542994086765384,0.0,0.5041375088247513,0.793036640534778,0.9978021978021978,0.983140478500937,0.8853810315567051,1.0,1.0241010776464503,1
multi,low_light,image,0.75,22,3,3,0,0,1.0,1.0,1.0,0.8820037082108932,-1.113169753033181,2.134248443271801,1.1248014124025207,0.2090561521344249,DEGRADED,Distribution shift (input unlike calibration set),Distribution shift (input unlike calibration set) | Poor illumination (under-exposed) | Motion blur or defocus,45.428807000121196,6.210175000092022,3,0.7371439840656361,0.4763210022400645,0.3146085896301971,1.0,1.0,0.4315784583930237,0.0,0.5270763422735596,0.8112081628291774,0.9966490299823633,0.9811593264169566,0.8888765975321484,1.0,1.0261903431104595,1
multi,low_light,image,0.75,23,3,3,0,0,1.0,1.0,1.0,0.8831381282445481,-1.1105990409851074,2.1318416595458984,1.1250306180778418,0.2086546164269265,DEGRADED,Distribution shift (input unlike calibration set),Distribution shift (input unlike calibration set) | Motion blur or defocus | Poor illumination (under-exposed),45.59180500007187,6.256665000023531,3,0.732381234187486,0.44972942529243914,0.3170014659683642,1.0,1.0,0.45321816456860925,0.0,0.5419691372601786,0.8101479938691034,0.9972789115646258,0.9792656572961536,0.8751502788419387,1.0,1.028761055158533,1
multi,low_light,image,1.0,0,2,0,0,2,0.0,0.0,0.0,,,,,0.00020009232033600056,DEGRADED,Geometric inconsistency (calibration or depth scale error),Geometric inconsistency (calibration or depth scale error) | Low detector confidence | Distribution shift (input unlike calibration set),38.79542399999991,5.57287100002668,0,0.0,0.10322591277668641,0.06301806966506629,1.0,1.0,0.27140823929870556,0.0,0.0,0.0,0.0,0.0,0.0,1.0,,1
multi,low_light,image,1.0,1,2,0,0,2,0.0,0.0,0.0,,,,,0.00019960429274381891,DEGRADED,Geometric inconsistency (calibration or depth scale error),Geometric inconsistency (calibration or depth scale error) | Low detector confidence | Distribution shift (input unlike calibration set),38.89882999999372,5.844109000008757,0,0.0,0.10062250821881959,0.06294449711837913,1.0,1.0,0.2712348510262952,0.0,0.0,0.0,0.0,0.0,0.0,1.0,,1
multi,low_light,image,1.0,2,2,0,0,2,0.0,0.0,0.0,,,,,0.00019748422926852937,DEGRADED,Geometric inconsistency (calibration or depth scale error),Geometric inconsistency (calibration or depth scale error) | Low detector confidence | Distribution shift (input unlike calibration set),38.827505000085694,5.7777380000061385,0,0.0,0.0894171962354372,0.06301170281006452,1.0,1.0,0.27112172597172357,0.0,0.0,0.0,0.0,0.0,0.0,1.0,,1
multi,low_light,image,1.0,3,2,0,0,2,0.0,0.0,0.0,,,,,0.00020115246698946418,DEGRADED,Geometric inconsistency (calibration or depth scale error),Geometric inconsistency (calibration or depth scale error) | Low detector confidence | Distribution shift (input unlike calibration set),39.36649800016312,5.835475000026236,0,0.0,0.10941446524531559,0.06301276395256483,1.0,1.0,0.2713953380092187,0.0,0.0,0.0,0.0,0.0,0.0,1.0,,1
multi,low_light,image,1.0,4,2,0,0,2,0.0,0.0,0.0,,,,,0.00019853903838463867,DEGRADED,Geometric inconsistency (calibration or depth scale error),Geometric inconsistency (calibration or depth scale error) | Low detector confidence | Distribution shift (input unlike calibration set),38.414637999949264,5.596517999947537,0,0.0,0.0947820384456761,0.06299720052922708,1.0,1.0,0.27135428400191935,0.0,0.0,0.0,0.0,0.0,0.0,1.0,,1
multi,low_light,image,1.0,5,2,0,0,2,0.0,0.0,0.0,,,,,0.0001970748951660761,DEGRADED,Geometric inconsistency (calibration or depth scale error),Geometric inconsistency (calibration or depth scale error) | Low detector confidence | Distribution shift (input unlike calibration set),40.02898799978993,5.944036999949276,0,0.0,0.08730853624657632,0.06306299136424542,1.0,1.0,0.27129803108675177,0.0,0.0,0.0,0.0,0.0,0.0,1.0,,1
multi,low_light,image,1.0,6,2,0,0,2,0.0,0.0,0.0,,,,,0.00019738198185406105,DEGRADED,Geometric inconsistency (calibration or depth scale error),Geometric inconsistency (calibration or depth scale error) | Low detector confidence | Distribution shift (input unlike calibration set),39.19158100018194,5.646236000075078,0,0.0,0.08893214214579602,0.06301241023839799,1.0,1.0,0.27100141093427493,0.0,0.0,0.0,0.0,0.0,0.0,1.0,,1
multi,low_light,image,1.0,7,2,0,0,2,0.0,0.0,0.0,,,,,0.00019859464992359624,DEGRADED,Geometric inconsistency (calibration or depth scale error),Geometric inconsistency (calibration or depth scale error) | Low detector confidence | Distribution shift (input unlike calibration set),39.474219999988236,5.7816870000806375,0,0.0,0.09559473294597229,0.0627358057599876,1.0,1.0,0.27039235152860047,0.0,0.0,0.0,0.0,0.0,0.0,1.0,,1
multi,low_light,image,1.0,8,2,0,0,2,0.0,0.0,0.0,,,,,0.00019601932409849177,DEGRADED,Geometric inconsistency (calibration or depth scale error),Geometric inconsistency (calibration or depth scale error) | Low detector confidence | Distribution shift (input unlike calibration set),39.220764999754465,5.804590999900938,0,0.0,0.08292049145578881,0.06268770063330753,1.0,1.0,0.2700640038468426,0.0,0.0,0.0,0.0,0.0,0.0,1.0,,1
multi,low_light,image,1.0,9,2,0,0,2,0.0,0.0,0.0,,,,,0.00019686211879504662,DEGRADED,Geometric inconsistency (calibration or depth scale error),Geometric inconsistency (calibration or depth scale error) | Low detector confidence | Distribution shift (input unlike calibration set),39.5544160001009,5.824455000038142,0,0.0,0.08664865614801155,0.06284899429335244,1.0,1.0,0.2705860148064084,0.0,0.0,0.0,0.0,0.0,0.0,1.0,,1
multi,low_light,image,1.0,10,2,0,0,2,0.0,0.0,0.0,,,,,0.00019916315349961482,DEGRADED,Geometric inconsistency (calibration or depth scale error),Geometric inconsistency (calibration or depth scale error) | Low detector confidence | Distribution shift (input unlike calibration set),39.86389400006374,5.664267000042855,0,0.0,0.09770334592889136,0.06317441132677648,1.0,1.0,0.272224720252246,0.0,0.0,0.0,0.0,0.0,0.0,1.0,,1
multi,low_light,image,1.0,11,2,0,0,2,0.0,0.0,0.0,,,,,0.00019793304372901313,DEGRADED,Geometric inconsistency (calibration or depth scale error),Geometric inconsistency (calibration or depth scale error) | Low detector confidence | Distribution shift (input unlike calibration set),39.714364000019486,6.059254999968289,0,0.0,0.09125876504677725,0.063214381027621,1.0,1.0,0.27203412778940234,0.0,0.0,0.0,0.0,0.0,0.0,1.0,,1
multi,low_light,image,1.0,12,2,0,0,2,0.0,0.0,0.0,,,,,0.00020071114276554628,DEGRADED,Geometric inconsistency (calibration or depth scale error),Geometric inconsistency (calibration or depth scale error) | Low detector confidence | Distribution shift (input unlike calibration set),39.40213299995321,5.680923999989318,0,0.0,0.10622043056464242,0.06328158671930639,1.0,1.0,0.27232904139408937,0.0,0.0,0.0,0.0,0.0,0.0,1.0,,1
multi,low_light,image,1.0,13,2,0,0,2,0.0,0.0,0.0,,,,,0.00019902260840613735,DEGRADED,Geometric inconsistency (calibration or depth scale error),Geometric inconsistency (calibration or depth scale error) | Low detector confidence | Distribution shift (input unlike calibration set),39.302538000015375,5.744520999996894,0,0.0,0.09732802175295792,0.06307607878841581,1.0,1.0,0.2710159456910148,0.0,0.0,0.0,0.0,0.0,0.0,1.0,,1
multi,low_light,image,1.0,14,1,0,0,1,0.0,0.0,0.0,,,,,0.00019684446647244794,DEGRADED,Geometric inconsistency (calibration or depth scale error),Geometric inconsistency (calibration or depth scale error) | Low detector confidence | Distribution shift (input unlike calibration set),39.12550499990175,5.579801999942902,0,0.0,0.08709868258384594,0.06268451720580659,1.0,1.0,0.26875662187605953,0.0,0.0,0.0,0.0,0.0,0.0,1.0,,1
multi,low_light,image,1.0,15,1,0,0,1,0.0,0.0,0.0,,,,,0.00019602295707656385,DEGRADED,Geometric inconsistency (calibration or depth scale error),Geometric inconsistency (calibration or depth scale error) | Low detector confidence | Distribution shift (input unlike calibration set),39.559548999932304,5.811429000004864,0,0.0,0.08289039145184864,0.06284616458001835,1.0,1.0,0.26941088904807,0.0,0.0,0.0,0.0,0.0,0.0,1.0,,1
multi,low_light,image,1.0,16,1,0,0,1,0.0,0.0,0.0,,,,,0.00019780435711296015,DEGRADED,Geometric inconsistency (calibration or depth scale error),Geometric inconsistency (calibration or depth scale error) | Low detector confidence | Distribution shift (input unlike calibration set),39.30094099996495,5.660450000050332,0,0.0,0.09124964965295271,0.06302019195006692,1.0,1.0,0.26995974767969544,0.0,0.0,0.0,0.0,0.0,0.0,1.0,,1
multi,low_light,image,1.0,17,1,0,0,1,0.0,0.0,0.0,,,,,0.0001985836797383823,DEGRADED,Geometric inconsistency (calibration or depth scale error),Geometric inconsistency (calibration or depth scale error) | Low detector confidence | Distribution shift (input unlike calibration set),39.164732000017466,5.97260400002142,0,0.0,0.09486975899980159,0.06321862559762215,1.0,1.0,0.2707855128432927,0.0,0.0,0.0,0.0,0.0,0.0,1.0,,1
multi,low_light,image,1.0,18,2,0,0,2,0.0,0.0,0.0,,,,,0.0001970741961663143,DEGRADED,Geometric inconsistency (calibration or depth scale error),Geometric inconsistency (calibration or depth scale error) | Low detector confidence | Distribution shift (input unlike calibration set),39.3962550000424,5.618852999987212,0,0.0,0.08627344785785125,0.0637109957177594,1.0,1.0,0.2729802468777812,0.0,0.0,0.0,0.0,0.0,0.0,1.0,,1
multi,low_light,image,1.0,19,2,0,0,2,0.0,0.0,0.0,,,,,0.00019903557017230967,DEGRADED,Geometric inconsistency (calibration or depth scale error),Geometric inconsistency (calibration or depth scale error) | Low detector confidence | Distribution shift (input unlike calibration set),40.338123000083215,5.872490999990987,0,0.0,0.09450958731024547,0.06447042003380443,1.0,1.0,0.2767721190693978,0.0,0.0,0.0,0.0,0.0,0.0,1.0,,1
multi,low_light,image,1.0,20,3,0,0,3,0.0,0.0,0.0,,,,,0.00020223693132682665,DEGRADED,Geometric inconsistency (calibration or depth scale error),Geometric inconsistency (calibration or depth scale error) | Low detector confidence | Distribution shift (input unlike calibration set),38.96991599992816,5.585627000073146,0,0.0,0.1112689520022702,0.06508411411314219,1.0,1.0,0.27894498967227094,0.0,0.0,0.0,0.0,0.0,0.0,1.0,,1
multi,low_light,image,1.0,21,3,0,0,3,0.0,0.0,0.0,,,,,0.00020131263193526533,DEGRADED,Geometric inconsistency (calibration or depth scale error),Geometric inconsistency (calibration or depth scale error) | Low detector confidence | Distribution shift (input unlike calibration set),39.070777000006274,5.924237000044741,0,0.0,0.104952057917207,0.06551670653909614,1.0,1.0,0.2802299071841358,0.0,0.0,0.0,0.0,0.0,0.0,1.0,,1
multi,low_light,image,1.0,22,3,0,0,3,0.0,0.0,0.0,,,,,0.00020514319973328102,DEGRADED,Geometric inconsistency (calibration or depth scale error),Geometric inconsistency (calibration or depth scale error) | Low detector confidence | Distribution shift (input unlike calibration set),38.42677399995864,5.484731000024112,0,0.0,0.12789397914677297,0.06594257839588147,1.0,1.0,0.28232059638197554,0.0,0.0,0.0,0.0,0.0,0.0,1.0,,1
multi,low_light,image,1.0,23,3,0,0,3,0.0,0.0,0.0,,,,,0.00020471508842704605,DEGRADED,Geometric inconsistency (calibration or depth scale error),Geometric inconsistency (calibration or depth scale error) | Low detector confidence | Distribution shift (input unlike calibration set),39.1162789998134,5.742602000054831,0,0.0,0.12338530598919714,0.06663019873607312,1.0,1.0,0.2844985747466274,0.0,0.0,0.0,0.0,0.0,0.0,1.0,,1
multi,noise,image,0.25,0,2,2,0,0,1.0,1.0,1.0,0.9545661063153112,-1.244034767150879,2.1380691528320312,1.2588873292674259,0.07866198171767409,DEGRADED,Distribution shift (input unlike calibration set),Distribution shift (input unlike calibration set) | Unstable tracking / temporal disagreement | Low detector confidence,47.823105000020405,8.05334300002869,2,0.8749230365916197,1.0,0.9990331223251471,1.0,0.960581290657408,1.0,0.0,0.0,1.0,0.9513888888888888,0.9907716530492656,0.902068356400683,1.0,0.8953253289927616,0
multi,noise,image,0.25,1,2,2,0,0,1.0,1.0,1.0,0.9349260271243448,-1.2448030969370976,2.1396058124044686,1.2557476548162199,0.2496115818607018,DEGRADED,Distribution shift (input unlike calibration set),Distribution shift (input unlike calibration set) | Erratic object motion (large filter innovation) | Unstable tracking / temporal disagreement,48.48915000002307,8.53297300000122,2,0.8757141150003322,1.0,0.9984523236633185,1.0,0.960581290657408,1.0,0.0,0.625,0.356560980663947,0.9352598566308243,0.9907593204098566,0.893613848398948,1.0,0.894556999206543,0
multi,noise,image,0.25,2,2,2,0,0,1.0,1.0,1.0,0.9183639502413783,-1.2439535182455312,2.137906655021336,1.2536219283068588,0.2595415808638492,DEGRADED,Distribution shift (input unlike calibration set),Distribution shift (input unlike calibration set) | Erratic object motion (large filter innovation) | Unstable tracking / temporal disagreement,49.01835000009669,8.037626000032105,2,0.874131414567675,1.0,0.9987759721259089,1.0,0.960581290657408,1.0,0.0,0.7438905476194184,0.5423962399767309,0.9219703574542284,0.9907612360413235,0.9058196614223825,1.0,0.8954065778981093,0
multi,noise,image,0.25,3,2,2,0,0,1.0,1.0,1.0,0.9128244642859618,-1.2442721905915626,2.1385439997133986,1.2550100216611266,0.26420398932951,DEGRADED,Distribution shift (input unlike calibration set),Distribution shift (input unlike calibration set) | Erratic object motion (large filter innovation) | Unstable tracking / temporal disagreement,47.84611299987773,8.16482699997323,2,0.872667330778829,1.0,0.9988407018184268,1.0,0.960581290657408,1.0,0.0,0.8000171902999147,0.6371328009239337,0.95,0.9907450401543308,0.908996008314704,1.0,0.895087905552078,0
multi,noise,image,0.25,4,2,2,0,0,1.0,1.0,1.0,0.9102294958251322,-1.2443457686382793,2.138691155806832,1.2535679816569485,0.2660443761523338,DEGRADED,Distribution shift (input unlike calibration set),Distribution shift (input unlike calibration set) | Erratic object motion (large filter innovation) | Unstable tracking / temporal disagreement,47.6977609999949,7.969054000000142,2,0.8758784181176886,1.0,0.9987855224084115,1.0,0.960581290657408,1.0,0.0,0.8283445279220925,0.6969641345997283,0.9329501915708812,0.9902545871008644,0.9082116365621055,1.0,0.8950143275053613,0
multi,noise,image,0.25,5,2,2,0,0,1.0,1.0,1.0,0.9220143508237031,-1.2441742523856778,2.138348123301629,1.2524996317505106,0.2664700962355114,DEGRADED,Distribution shift (input unlike calibration set),Distribution shift (input unlike calibration set) | Unstable tracking / temporal disagreement | Erratic object motion (large filter innovation),48.6480910001319,8.492997000075775,2,0.8736736175343363,1.0,0.9994179633385877,1.0,0.960581290657408,1.0,0.0,0.8429412130499389,0.7430262232792645,0.9484126984126984,0.9897263159661712,0.8718820267913369,1.0,0.8951858437579627,0
multi,noise,image,0.25,6,2,2,0,0,1.0,1.0,1.0,0.9002407441868726,-1.242551720660666,2.1351030598516054,1.2514332105293122,0.2674387335603721,DEGRADED,Distribution shift (input unlike calibration set),Distribution shift (input unlike calibration set) | Unstable tracking / temporal disagreement | Geometric inconsistency (calibration or depth scale error),48.18749799994748,8.251513999994131,2,0.8766716520355908,1.0,0.9990444411784836,1.0,0.960581290657408,1.0,0.0,0.8536596109153295,0.7768032256751335,0.9322916666666667,0.989727992977166,0.8800516560705298,1.0,0.8968083754829745,0
multi,noise,image,0.25,7,2,2,0,0,1.0,1.0,1.0,0.8088729357514988,-1.2290855076002032,2.10817063373068,1.2634075181681053,0.26533665737686585,DEGRADED,Distribution shift (input unlike calibration set),Distribution shift (input unlike calibration set) | Geometric inconsistency (calibration or depth scale error) | Unstable tracking / temporal disagreement,47.77083499982382,8.163743999944018,2,0.8759456156661096,1.0,0.9958489873959262,1.0,0.960581290657408,1.0,0.0,0.8400835349627339,0.7498523547907475,0.9258146367521367,0.9917981106435225,0.8495794131265225,1.0,0.9102745885434373,0
multi,noise,image,0.25,8,2,2,0,0,1.0,1.0,1.0,0.829048469274243,-5.719565598861031,11.089130816252336,5.756490901998375,0.2380446288379577,DEGRADED,Distribution shift (input unlike calibration set),Distribution shift (input unlike calibration set) | Geometric inconsistency (calibration or depth scale error) | Unstable tracking / temporal disagreement,47.698850000074344,7.924860999992234,2,0.8646829313311702,1.0,0.9955730903458493,1.0,0.960581290657408,1.0,0.0,0.8268602110185614,0.7163784325740518,0.9647887323943662,1.0,0.31856408546945975,1.0,-3.5802055027173907,1
multi,noise,image,0.25,9,2,2,0,0,1.0,1.0,1.0,0.8512841097667478,-1.264844770016877,2.1796891585640275,1.2650968093434762,0.26500225306621666,DEGRADED,Distribution shift (input unlike calibration set),Distribution shift (input unlike calibration set) | Erratic object motion (large filter innovation) | Unstable tracking / temporal disagreement,48.27004300000226,8.39131499992618,2,0.8724456337720816,1.0,0.9970406504237583,1.0,0.960581290657408,1.0,0.0,0.8124311516724397,0.6870458081425673,0.9380555555555555,0.9908176603482554,0.8971764566600688,1.0,0.8745153261267635,0
multi,noise,image,0.25,10,2,2,0,0,1.0,1.0,1.0,0.8460596844391515,-1.2479930131331738,2.145985644796621,1.2507531153863607,0.2652040531823123,DEGRADED,Distribution shift (input unlike calibration set),Distribution shift (input unlike calibration set) | Erratic object motion (large filter innovation) | Unstable tracking / temporal disagreement,47.748117000196544,8.03789200006122,2,0.8772154303135458,1.0,0.9983939608258023,1.0,0.960581290657408,1.0,0.0,0.8102710322925719,0.6787472520126944,0.9447337962962963,0.9892632573609309,0.9027039021066796,1.0,0.8913670830104667,0
multi,noise,image,0.25,11,2,2,0,0,1.0,1.0,1.0,0.8670008068203,-1.2470313777094297,2.144062373949133,1.2508028090303396,0.2638809881824348,DEGRADED,Distribution shift (input unlike calibration set),Distribution shift (input unlike calibration set) | Unstable tracking / temporal disagreement | Erratic object motion (large filter innovation),49.07255900013752,8.577224000077877,2,0.8770473236908347,1.0,0.9987045218642221,1.0,0.960581290657408,1.0,0.0,0.8142141507309524,0.6973308042357762,0.9253472222222222,0.9882514332347285,0.8595897615890548,1.0,0.8923287184342108,0
multi,noise,image,0.25,12,2,2,0,0,1.0,1.0,1.0,0.878178460579849,-1.2447860966558046,2.1395718118418827,1.2505339343571382,0.26430870577138715,DEGRADED,Distribution shift (input unlike calibration set),Distribution shift (input unlike calibration set) | Geometric inconsistency (calibration or depth scale error) | Unstable tracking / temporal disagreement,49.075369000092905,8.336446000043907,2,0.8793129110967548,1.0,0.9979659666840164,1.0,0.960581290657408,1.0,0.0,0.8208391964725824,0.7147303091745282,0.9438405797101449,0.987717405314714,0.8436492787016667,1.0,0.8945739994878359,0
multi,noise,image,0.25,13,2,2,0,0,1.0,1.0,1.0,0.7691445882521116,-1.2432169706925116,2.1364335599152966,1.2553704197181716,0.2659815743659128,DEGRADED,Distribution shift (input unlike calibration set),Distribution shift (input unlike calibration set) | Unstable tracking / temporal disagreement | Geometric inconsistency (calibration or depth scale error),48.81707899994581,8.700919000034446,2,0.8774171303809695,1.0,0.9992301411160353,1.0,0.960581290657408,1.0,0.0,0.8287762843862055,0.7594950412332656,0.9367690058479532,0.9867747141626393,0.8659120595348221,1.0,0.896143125451129,0
multi,noise,image,0.25,14,1,1,0,0,1.0,1.0,1.0,0.9092258338595341,-2.136158238286555,2.136158238286555,2.149175359057493,0.26048774634771144,DEGRADED,Distribution shift (input unlike calibration set),Distribution shift (input unlike calibration set) | Unstable tracking / temporal disagreement | Erratic object motion (large filter innovation),48.43268300010095,8.311023000032947,1,0.8597900090020201,1.0,0.9948882997189917,1.0,0.960581290657408,1.0,0.0,0.7494212874029181,0.6421555543100014,1.0,0.9717546642382698,0.8344264144460461,1.0,0.0032018578570855993,0
multi,noise,image,0.25,15,1,1,0,0,1.0,1.0,1.0,0.908989479325477,-2.1365829136060626,2.1365829136060626,2.149441441737363,0.25883017205792047,DEGRADED,Distribution shift (input unlike calibration set),Distribution shift (input unlike calibration set) | Unstable tracking / temporal disagreement | Geometric inconsistency (calibration or depth scale error),50.4713200000424,8.59405800008517,1,0.8620062484867549,1.0,0.9966869362569932,1.0,0.960581290657408,1.0,0.0,0.7440476148808483,0.6396178390002113,1.0,0.9706979687456636,0.7912232060898688,1.0,0.0027771825375779713,0
multi,noise,image,0.25,16,1,1,0,0,1.0,1.0,1.0,0.9092895583389344,-2.1374610610630214,2.1374610610630214,2.1496850803459613,0.26079149085140957,DEGRADED,Distribution shift (input unlike calibration set),Distribution shift (input unlike calibration set) | Unstable tracking / temporal disagreement | Erratic object motion (large filter innovation),50.38701199998741,8.413141999994878,1,0.8601953934362031,1.0,0.9986436830275385,1.0,0.960581290657408,1.0,0.0,0.7354132559919927,0.6353865174603314,1.0,0.9697337351034728,0.8600005498955153,1.0,0.0018990350806191714,0
multi,noise,image,0.25,17,1,1,0,0,1.0,1.0,1.0,0.9059929833999362,-2.137040780938193,2.137040780938193,2.149424490028163,0.25934907373009264,DEGRADED,Distribution shift (input unlike calibration set),Distribution shift (input unlike calibration set) | Unstable tracking / temporal disagreement | Erratic object motion (large filter innovation),51.45112900015647,8.751606000032552,1,0.8656866309267772,1.0,0.9989751132017977,1.0,0.960581290657408,1.0,0.0,0.7337566090071793,0.6290951018159598,1.0,0.967775012970334,0.8195627241267298,1.0,0.002319315205447481,0
multi,noise,image,0.25,18,2,2,0,0,1.0,1.0,1.0,0.7938667548345095,-1.2433755294136377,2.136750677357549,1.2620198257929598,0.25843093403155315,DEGRADED,Distribution shift (input unlike calibration set),Distribution shift (input unlike calibration set) | Unstable tracking / temporal disagreement | Erratic object motion (large filter innovation),49.278469999876506,8.412574999965727,2,0.8704726632025314,1.0,0.9933340796702252,1.0,0.960581290657408,1.0,0.0,0.622868780154948,0.6947658134207607,0.9285714285714286,0.982821544840411,0.8991509857370478,1.0,0.8959845667300028,0
multi,noise,image,0.25,19,2,2,0,0,1.0,1.0,1.0,0.8522536475395833,-1.2431749260943867,2.136349470719047,1.249883379625609,0.2576783942541893,DEGRADED,Distribution shift (input unlike calibration set),Distribution shift (input unlike calibration set) | Unstable tracking / temporal disagreement | Erratic object motion (large filter innovation),49.52698900001451,8.52296400000796,2,0.8774321171074031,1.0,0.98455064948111,1.0,0.960581290657408,1.0,0.0,0.6079521416773138,0.6887147833764525,0.9929577464788732,0.981842856571731,0.8579519282356485,1.0,0.8961851700492538,0
multi,noise,image,0.25,20,3,2,0,1,1.0,0.6666666666666666,0.8,0.8909432302491811,-1.242796462515126,2.1355925435605254,1.2534315427717866,0.25653827009495034,DEGRADED,Distribution shift (input unlike calibration set),Distribution shift (input unlike calibration set) | Unstable tracking / temporal disagreement | Geometric inconsistency (calibration or depth scale error),50.17947799990452,8.232653999925788,2,0.8753783687469039,1.0,0.9767820252364448,1.0,0.960581290657408,1.0,0.0,0.6073025091210922,0.712157312488468,0.9838888888888888,0.9807984294876773,0.8223077357119415,1.0,0.8965636336285145,1
multi,noise,image,0.25,21,3,2,0,1,1.0,0.6666666666666666,0.8,0.9185567497622614,-1.2421204525491465,2.1342405236285664,1.2557448143379615,0.2578968362268727,DEGRADED,Distribution shift (input unlike calibration set),Distribution shift (input unlike calibration set) | Unstable tracking / temporal disagreement | Geometric inconsistency (calibration or depth scale error),50.9328660001529,8.575434000022142,2,0.8743874170568623,1.0,0.9725576169427672,1.0,0.960581290657408,1.0,0.0,0.6152920426439384,0.7413118072716521,0.9889336016096579,0.9793191229452849,0.837991836122624,1.0,0.897239643594494,1
multi,noise,image,0.25,22,3,3,0,0,1.0,1.0,1.0,0.9194157524261852,-1.1121238901995223,2.134248443271801,1.1238360821054458,0.26104045368840134,DEGRADED,Distribution shift (input unlike calibration set),Distribution shift (input unlike calibration set) | Unstable tracking / temporal disagreement | Low detector confidence,51.11811199992644,8.437186999913138,3,0.8347375383243011,1.0,0.9674598883713461,1.0,0.960581290657408,1.0,0.0,0.6971723058998239,0.7957479512244738,0.950634488520151,0.9811521277209281,0.8711256743144848,1.0,1.0272362059441182,1
multi,noise,image,0.25,23,3,3,0,0,1.0,1.0,1.0,0.9057716879264146,-1.1105990409851074,2.1318416595458984,1.1250335678839802,0.2607072363511401,DEGRADED,Distribution shift (input unlike calibration set),Distribution shift (input unlike calibration set) | Unstable tracking / temporal disagreement | Geometric inconsistency (calibration or depth scale error),50.9371859999419,8.744567999997344,3,0.8307861763134611,1.0,0.9590888889006792,1.0,0.960581290657408,1.0,0.0,0.6885238403958329,0.7962736962302185,0.9876543209876543,0.9792656572961536,0.8572343832116679,1.0,1.028761055158533,1
multi,noise,image,0.5,0,2,2,0,0,1.0,1.0,1.0,0.908943986499643,-1.244034767150879,2.1380691528320312,1.2575081339657121,0.07506764891514012,DEGRADED,Distribution shift (input unlike calibration set),Distribution shift (input unlike calibration set) | Unstable tracking / temporal disagreement | Geometric inconsistency (calibration or depth scale error),49.32821500005957,8.374419000006128,2,0.8166975770865696,1.0,0.9985945167583583,1.0,0.7502741044154554,1.0,0.0,0.0,1.0,0.9071180555555556,0.9907716530492656,0.7575920267106616,1.0,0.8953253289927616,0
multi,noise,image,0.5,1,2,2,0,0,1.0,1.0,1.0,0.9167240505088492,-1.2448030969370976,2.1396058124044686,1.2557818370639036,0.24269150559620367,DEGRADED,Distribution shift (input unlike calibration set),Distribution shift (input unlike calibration set) | Erratic object motion (large filter innovation) | Unstable tracking / temporal disagreement,50.46901899982004,8.565164999936314,2,0.8193074516697582,1.0,0.9995962352786374,1.0,0.7502741044154554,1.0,0.0,0.6240657698056801,0.36517553459774627,0.9191308243727598,0.9907593204098566,0.8608450946994569,1.0,0.894556999206543,0
multi,noise,image,0.5,2,2,2,0,0,1.0,1.0,1.0,0.9344512499613847,-1.2439535182455312,2.137906655021336,1.254921660562021,0.25127386177554895,DEGRADED,Distribution shift (input unlike calibration set),Distribution shift (input unlike calibration set) | Erratic object motion (large filter innovation) | Unstable tracking / temporal disagreement,49.833371000090665,8.458042000029309,2,0.8193457588145492,1.0,0.9991459571443453,1.0,0.7502741044154554,1.0,0.0,0.7464836741125105,0.5379378440611996,0.935483870967742,0.9907612360413235,0.8305043807699299,1.0,0.8954065778981093,0
multi,noise,image,0.5,3,2,2,0,0,1.0,1.0,1.0,0.9167517311552578,-1.2442721905915626,2.1385439997133986,1.2543545239837743,0.25711414349476336,DEGRADED,Distribution shift (input unlike calibration set),Distribution shift (input unlike calibration set) | Erratic object motion (large filter innovation) | Sensor noise,49.415622000083204,8.465111999953479,2,0.8191881912957484,1.0,0.9991519702851803,1.0,0.7502741044154554,1.0,0.0,0.8016570343455158,0.6370464542730243,0.9348484848484848,0.9907450401543308,0.8882921238473758,1.0,0.895087905552078,0
multi,noise,image,0.5,4,2,2,0,0,1.0,1.0,1.0,0.9119034480646002,-1.2443457686382793,2.138691155806832,1.2544550195157393,0.25871690052526297,DEGRADED,Distribution shift (input unlike calibration set),Distribution shift (input unlike calibration set) | Sensor noise | Erratic object motion (large filter innovation),49.546530000043276,8.504537000021628,2,0.8188509372522248,1.0,0.9985262499241727,1.0,0.7502741044154554,1.0,0.0,0.8284518407160435,0.6943828915477992,0.9201296787503683,0.9902545871008644,0.8866471639933147,1.0,0.8950143275053613,0
multi,noise,image,0.5,5,2,2,0,0,1.0,1.0,1.0,0.9211721883484449,-1.2441742523856778,2.138348123301629,1.2527976045372478,0.26025898311742085,DEGRADED,Distribution shift (input unlike calibration set),Distribution shift (input unlike calibration set) | Sensor noise | Low detector confidence,49.83949699999357,8.504172000016297,2,0.8166043285572749,1.0,0.998251060302429,1.0,0.7502741044154554,1.0,0.0,0.8419858336944508,0.7360528905152468,0.9341269841269841,0.9897263159661712,0.8907320930595182,1.0,0.8951858437579627,0
multi,noise,image,0.5,6,2,2,0,0,1.0,1.0,1.0,0.9080727096239423,-1.242551720660666,2.1351030598516054,1.2525973796461127,0.2625789804304748,DEGRADED,Distribution shift (input unlike calibration set),Distribution shift (input unlike calibration set) | Sensor noise | Low detector confidence,50.14521999999033,8.707309999977042,2,0.8222435316469885,1.0,0.9990741531684919,1.0,0.7502741044154554,1.0,0.0,0.8549723604220896,0.7678925648875673,0.9322916666666667,0.989727992977166,0.929355853946607,1.0,0.8968083754829745,0
multi,noise,image,0.5,7,2,2,0,0,1.0,1.0,1.0,0.8002906520670807,-1.2290855076002032,2.10817063373068,1.2643157424337605,0.2598858151538239,DEGRADED,Distribution shift (input unlike calibration set),Distribution shift (input unlike calibration set) | Sensor noise | Low detector confidence,49.355207999951745,8.800511000004008,2,0.8237436757794884,1.0,0.9986670281625452,1.0,0.7502741044154554,1.0,0.0,0.8395254095620728,0.7431729386186211,0.905334518348217,0.9917981106435225,0.8875477011646121,1.0,0.9102745885434373,0
multi,noise,image,0.5,8,2,2,0,0,1.0,1.0,1.0,0.8417002729115928,-5.719565598861031,11.089130816252336,5.7565719941658084,0.23218597191597407,DEGRADED,Distribution shift (input unlike calibration set),Distribution shift (input unlike calibration set) | Geometric inconsistency (calibration or depth scale error) | Low detector confidence,49.49489299997367,8.51973499993619,2,0.7984456597708368,1.0,0.9975093216947224,1.0,0.7502741044154554,1.0,0.0,0.8266458085623005,0.710106515929663,0.9583333333333333,1.0,0.32193016521957407,1.0,-3.5802055027173907,1
multi,noise,image,0.5,9,2,2,0,0,1.0,1.0,1.0,0.844162365975218,-1.2659238525058907,2.181847323542055,1.2661758283654485,0.2585110973266466,DEGRADED,Distribution shift (input unlike calibration set),Distribution shift (input unlike calibration set) | Sensor noise | Erratic object motion (large filter innovation),50.627588000111245,8.39940400010164,2,0.8229605573467033,1.0,0.9989874931976345,1.0,0.7502741044154554,1.0,0.0,0.8140903859970341,0.6826654172766137,0.9380555555555555,0.9908032239992639,0.8849422747712179,1.0,0.8734362436377499,0
multi,noise,image,0.5,10,2,2,0,0,1.0,1.0,1.0,0.863159911205931,-1.2490344254866894,2.1480684695036523,1.2512798775698744,0.2586894927371319,DEGRADED,Distribution shift (input unlike calibration set),Distribution shift (input unlike calibration set) | Sensor noise | Erratic object motion (large filter innovation),48.97435700002006,8.063776000085454,2,0.8190408238158065,1.0,0.9967707665145167,1.0,0.7502741044154554,1.0,0.0,0.8112965653826552,0.6770843817738225,0.9339628212396069,0.98975212475441,0.9049661342504449,1.0,0.8903256706569511,0
multi,noise,image,0.5,11,2,2,0,0,1.0,1.0,1.0,0.8722957475262016,-1.2470313777094297,2.144062373949133,1.2506124102708525,0.25917729205379014,DEGRADED,Distribution shift (input unlike calibration set),Distribution shift (input unlike calibration set) | Sensor noise | Unstable tracking / temporal disagreement,49.31992099989202,8.340195999949174,2,0.8226432541155457,1.0,0.9971432275321204,1.0,0.7502741044154554,1.0,0.0,0.815869310346678,0.6933719362718573,0.9253472222222222,0.9882514332347285,0.9085782264710409,1.0,0.8923287184342108,0
multi,noise,image,0.5,12,2,2,0,0,1.0,1.0,1.0,0.8875571963538924,-1.2447860966558046,2.1395718118418827,1.2505972039468713,0.2587263558043335,DEGRADED,Distribution shift (input unlike calibration set),Distribution shift (input unlike calibration set) | Sensor noise | Low detector confidence,50.089224000089416,8.68326599993452,2,0.8191637933278337,1.0,0.9956700080275429,1.0,0.7502741044154554,1.0,0.0,0.8221714968886564,0.7071268160463005,0.9377605717689101,0.987717405314714,0.876273796901773,1.0,0.8945739994878359,0
multi,noise,image,0.5,13,2,2,0,0,1.0,1.0,1.0,0.7864084185415399,-1.2441353590592108,2.138270336648695,1.2555783912388796,0.26091998794454735,DEGRADED,Distribution shift (input unlike calibration set),Distribution shift (input unlike calibration set) | Sensor noise | Low detector confidence,50.06230799995137,8.726415999944948,2,0.8194924114770086,1.0,0.997913616987335,1.0,0.7502741044154554,1.0,0.0,0.8290625581929523,0.7474365997366074,0.9367690058479532,0.9868932549018317,0.9139931222314,1.0,0.8952247370844297,0
multi,noise,image,0.5,14,1,1,0,0,1.0,1.0,1.0,0.9395012576719228,-2.136158238286555,2.136158238286555,2.148693296122485,0.2576274402695572,DEGRADED,Distribution shift (input unlike calibration set),Distribution shift (input unlike calibration set) | Unstable tracking / temporal disagreement | Erratic object motion (large filter innovation),49.050411999928656,8.10762200001136,1,0.793593988989169,1.0,0.99690270189872,1.0,0.7502741044154554,1.0,0.0,0.7516981135626765,0.6349209325832674,1.0,0.9717546642382698,0.9522408955142009,1.0,0.0032018578570855993,0
multi,noise,image,0.5,15,1,1,0,0,1.0,1.0,1.0,0.9402043645513273,-2.138255658357039,2.138255658357039,2.149786272932543,0.2552543489124583,DEGRADED,Distribution shift (input unlike calibration set),Distribution shift (input unlike calibration set) | Unstable tracking / temporal disagreement | Erratic object motion (large filter innovation),49.79072000003271,8.608842999933586,1,0.7923095257077364,1.0,0.9985934556158578,1.0,0.7502741044154554,1.0,0.0,0.7460949023644358,0.6282797693434754,1.0,0.969799275133065,0.8862907054854291,1.0,0.0011044377866014088,0
multi,noise,image,0.5,16,1,1,0,0,1.0,1.0,1.0,0.9399446708030996,-2.139051312985629,2.139051312985629,2.1509213227602593,0.25563046609674744,DEGRADED,Distribution shift (input unlike calibration set),Distribution shift (input unlike calibration set) | Unstable tracking / temporal disagreement | Erratic object motion (large filter innovation),50.10127100013051,8.539132000009886,1,0.7944823095345496,1.0,0.9985276647808397,1.0,0.7502741044154554,1.0,0.0,0.7384167364700086,0.6290334454961757,0.9905660377358491,0.9696379856647057,0.9093725953597541,1.0,0.0003087831580117495,0
multi,noise,image,0.5,17,1,1,0,0,1.0,1.0,1.0,0.9364651990488497,-2.1385490168695895,2.1385490168695895,2.1497506079716713,0.2548150935432548,DEGRADED,Distribution shift (input unlike calibration set),Distribution shift (input unlike calibration set) | Unstable tracking / temporal disagreement | Erratic object motion (large filter innovation),50.05423900001915,8.512613999982932,1,0.8010715946749126,1.0,0.9961963347076899,1.0,0.7502741044154554,1.0,0.0,0.7376347118541314,0.6217837881360752,1.0,0.9676664557169138,0.8799470697898047,1.0,0.0008110792740509964,0
multi,noise,image,0.5,18,2,2,0,0,1.0,1.0,1.0,0.804300874666344,-1.2440884009651514,2.138176420460576,1.2625954126836718,0.25101898509157594,DEGRADED,Distribution shift (input unlike calibration set),Distribution shift (input unlike calibration set) | Unstable tracking / temporal disagreement | Sensor noise,50.72357799997462,8.42046599996138,2,0.8121115793655209,1.0,0.9906557559994786,1.0,0.7502741044154554,1.0,0.0,0.6222606563368581,0.690639470817943,0.913894324853229,0.9827668209350928,0.8743829680171545,1.0,0.8952716951784891,0
multi,noise,image,0.5,19,2,2,0,0,1.0,1.0,1.0,0.8662237439087215,-1.2438463128131367,2.137692244156547,1.249994966600589,0.2514999830668043,DEGRADED,Distribution shift (input unlike calibration set),Distribution shift (input unlike calibration set) | Unstable tracking / temporal disagreement | Sensor noise,50.54369799995584,8.6948550000443,2,0.8212903664080731,1.0,0.9823141148046535,1.0,0.7502741044154554,1.0,0.0,0.608453624639369,0.681187863537288,0.9861111111111112,0.9817809863581393,0.8651414774307239,1.0,0.8955137833305038,0
multi,noise,image,0.5,20,3,2,0,1,1.0,0.6666666666666666,0.8,0.906501301066513,-1.242796462515126,2.1355925435605254,1.2527473879265572,0.25143009552070694,DEGRADED,Distribution shift (input unlike calibration set),Distribution shift (input unlike calibration set) | Unstable tracking / temporal disagreement | Sensor noise,50.19008500005384,8.310953000091104,2,0.8204015298979865,1.0,0.974847916172572,1.0,0.7502741044154554,1.0,0.0,0.6082039620212021,0.7048148039766164,0.9838888888888888,0.9802939936509305,0.8558903717307896,1.0,0.8965636336285145,1
multi,noise,image,0.5,21,3,2,0,1,1.0,0.6666666666666666,0.8,0.9276751478086291,-1.2427098232766856,2.1354192650836445,1.2556688107575482,0.2519855603071066,DEGRADED,Distribution shift (input unlike calibration set),Distribution shift (input unlike calibration set) | Unstable tracking / temporal disagreement | Sensor noise,50.99940599995989,8.473051000009946,2,0.8181313589190937,1.0,0.9704034976671667,1.0,0.7502741044154554,1.0,0.0,0.6156836047541685,0.7345575763853314,0.9821428571428572,0.9789128721931101,0.8532036731572875,1.0,0.896650272866955,1
multi,noise,image,0.5,22,3,2,0,1,1.0,0.6666666666666666,0.8,0.9229903751573056,-1.2421244123707638,2.134248443271801,1.2581674369718683,0.25166960981275677,DEGRADED,Distribution shift (input unlike calibration set),Distribution shift (input unlike calibration set) | Unstable tracking / temporal disagreement | Sensor noise,51.10303599985855,8.69086199998037,2,0.8186188838841009,1.0,0.9646910138739078,1.0,0.7502741044154554,1.0,0.0,0.6192740644334496,0.7525714594630553,0.9641967129862736,0.9769703945588636,0.8435306557293684,1.0,0.8972356837728768,1
multi,noise,image,0.5,23,3,2,0,1,1.0,0.6666666666666666,0.8,0.9237800723385745,-1.2414283752441406,2.1328563690185547,1.260184840968685,0.25120445370936645,DEGRADED,Distribution shift (input unlike calibration set),Distribution shift (input unlike calibration set) | Unstable tracking / temporal disagreement | Geometric inconsistency (calibration or depth scale error),57.79976200005876,8.905224000045564,2,0.8183415637443536,1.0,0.9570483118726105,1.0,0.7502741044154554,1.0,0.0,0.6154943182558348,0.7468528711033112,0.9809581952439095,0.9757900446519889,0.8325181174879882,1.0,0.8979317208994999,1
multi,noise,image,0.75,0,2,2,0,0,1.0,1.0,1.0,0.9240899158391207,-1.244034767150879,2.1380691528320312,1.2605364439072397,0.074775382801425,DEGRADED,Distribution shift (input unlike calibration set),Distribution shift (input unlike calibration set) | Unstable tracking / temporal disagreement | Sensor noise,53.49624000007225,8.71849200007091,2,0.7787517368366064,1.0,0.9811702031893346,1.0,0.6630753357517533,1.0,0.0,0.0,1.0,0.9218189964157706,0.9907716530492656,0.8266799830388715,1.0,0.8953253289927616,0
multi,noise,image,0.75,1,2,2,0,0,1.0,1.0,1.0,0.8859994348775231,-1.2448030969370976,2.1396058124044686,1.257963557821791,0.23409817941224828,DEGRADED,Distribution shift (input unlike calibration set),Distribution shift (input unlike calibration set) | Unstable tracking / temporal disagreement | Erratic object motion (large filter innovation),50.67615299992667,9.15290599994023,2,0.7701906552053983,1.0,0.9830583294115276,1.0,0.6630753357517533,1.0,0.0,0.5804928354320451,0.3136917824179579,0.8777390671921922,0.9907593204098566,0.8451179622103636,1.0,0.894556999206543,0
multi,noise,image,0.75,2,2,2,0,0,1.0,1.0,1.0,0.9142130458381617,-1.2439535182455312,2.137906655021336,1.2563023772536464,0.24677825697591055,DEGRADED,Distribution shift (input unlike calibration set),Distribution shift (input unlike calibration set) | Erratic object motion (large filter innovation) | Sensor noise,51.071644999865384,8.6510769999677,2,0.7783865582416487,1.0,0.9829854642931739,1.0,0.6630753357517533,1.0,0.0,0.7352706605535126,0.5066258588595492,0.9072283427122136,0.9907612360413235,0.8588229541426633,1.0,0.8954065778981093,0
multi,noise,image,0.75,3,2,2,0,0,1.0,1.0,1.0,0.9091657408595477,-1.2442721905915626,2.1385439997133986,1.2556719092642377,0.25316099553831517,DEGRADED,Distribution shift (input unlike calibration set),Distribution shift (input unlike calibration set) | Sensor noise | Erratic object motion (large filter innovation),53.1039969999938,8.775990999993155,2,0.7773506990604577,1.0,0.9819734880620585,1.0,0.6630753357517533,1.0,0.0,0.8038013206087533,0.6186151820277902,0.9228867623604466,0.9907450401543308,0.9031785225528345,1.0,0.895087905552078,0
multi,noise,image,0.75,4,2,2,0,0,1.0,1.0,1.0,0.9067340120138638,-1.2443457686382793,2.138691155806832,1.2517760750411444,0.25424974133594763,DEGRADED,Distribution shift (input unlike calibration set),Distribution shift (input unlike calibration set) | Sensor noise | Low detector confidence,49.91855300011139,8.163966000097389,2,0.7754425652727817,1.0,0.9826649992580847,1.0,0.6630753357517533,1.0,0.0,0.8276060486574451,0.6722586332893818,0.9270193670288144,0.9902545871008644,0.8785627898758677,1.0,0.8950143275053613,0
multi,noise,image,0.75,5,2,2,0,0,1.0,1.0,1.0,0.9104063153853564,-1.2454226120658536,2.1408448426619806,1.2529578141506876,0.25521412436483143,DEGRADED,Distribution shift (input unlike calibration set),Distribution shift (input unlike calibration set) | Sensor noise | Low detector confidence,51.41556700016281,9.038720000035028,2,0.7654695344293474,1.0,0.9817485258519958,1.0,0.6630753357517533,1.0,0.0,0.8388537824260227,0.7084027608978342,0.9185185185185185,0.989750769060246,0.8919830529941853,1.0,0.893937484077787,0
multi,noise,image,0.75,6,2,2,0,0,1.0,1.0,1.0,0.9056587227200534,-1.2437590723452363,2.137517763220746,1.2522914906719054,0.2561439178983655,DEGRADED,Distribution shift (input unlike calibration set),Distribution shift (input unlike calibration set) | Sensor noise | Low detector confidence,55.685195999899406,8.859756999981983,2,0.7768415555753685,1.0,0.9830767225481993,1.0,0.6630753357517533,1.0,0.0,0.842117786312196,0.7391430729051028,0.9263698630136986,0.9897529023222349,0.883101830122858,1.0,0.8956010237984042,0
multi,noise,image,0.75,7,2,2,0,0,1.0,1.0,1.0,0.796751176747687,-1.2314239170240313,2.112847452578336,1.26759020678619,0.255226106299696,DEGRADED,Distribution shift (input unlike calibration set),Distribution shift (input unlike calibration set) | Sensor noise | Low detector confidence,49.20424000010826,8.68662600009884,2,0.7675492260702854,1.0,0.9845651517619476,1.0,0.6630753357517533,1.0,0.0,0.8277536831824923,0.7113664160679091,0.9017330267330268,0.9917997434533319,0.9065415002963868,1.0,0.9079361791196092,0
multi,noise,image,0.75,8,2,2,0,0,1.0,1.0,1.0,0.8443125736785366,-5.719565598861031,11.089130816252336,5.757202206106409,0.22884522117910655,DEGRADED,Distribution shift (input unlike calibration set),Distribution shift (input unlike calibration set) | Geometric inconsistency (calibration or depth scale error) | Sensor noise,50.77515300001778,8.418152999979611,2,0.7606732541097512,1.0,0.9858282650514663,1.0,0.6630753357517533,1.0,0.0,0.8158353265025798,0.6849781095548334,0.9583333333333333,1.0,0.33065433795210974,1.0,-3.5802055027173907,1
multi,noise,image,0.75,9,2,2,0,0,1.0,1.0,1.0,0.8473917638053816,-1.2659238525058907,2.181847323542055,1.2661723253360357,0.25419328994005674,DEGRADED,Distribution shift (input unlike calibration set),Distribution shift (input unlike calibration set) | Sensor noise | Low detector confidence,50.6567500001438,8.664266999971915,2,0.7717501014461268,1.0,0.9825383695863825,1.0,0.6630753357517533,1.0,0.0,0.803314050660472,0.6583850329302283,0.9380555555555555,0.9908032239992639,0.9044338739469907,1.0,0.8734362436377499,0
multi,noise,image,0.75,10,2,2,0,0,1.0,1.0,1.0,0.8530094584428891,-1.2479930131331738,2.145985644796621,1.2502996094110246,0.2544700902712854,DEGRADED,Distribution shift (input unlike calibration set),Distribution shift (input unlike calibration set) | Sensor noise | Low detector confidence,50.62849899991306,8.288193999987925,2,0.7781813258365793,1.0,0.9806987022050364,1.0,0.6630753357517533,1.0,0.0,0.8035218365961778,0.6562568169179817,0.9447337962962963,0.9892632573609309,0.9062637893940951,1.0,0.8913670830104667,0
multi,noise,image,0.75,11,2,2,0,0,1.0,1.0,1.0,0.8737448750718919,-1.2460309733515196,2.1420615652333126,1.2503020185478289,0.2544307970847034,DEGRADED,Distribution shift (input unlike calibration set),Distribution shift (input unlike calibration set) | Sensor noise | Low detector confidence,51.24568899998394,8.472459000017807,2,0.7723802997970355,1.0,0.9801744978098903,1.0,0.6630753357517533,1.0,0.0,0.8055643196817479,0.6704929483672185,0.9253472222222222,0.9877729419771644,0.9127741967754169,1.0,0.893329122792121,0
multi,noise,image,0.75,12,2,2,0,0,1.0,1.0,1.0,0.8898752986320931,-1.2447860966558046,2.1395718118418827,1.249994384150768,0.2549647686529788,DEGRADED,Distribution shift (input unlike calibration set),Distribution shift (input unlike calibration set) | Sensor noise | Low detector confidence,50.062939999861555,8.52069399991251,2,0.7795567205747833,1.0,0.9784260886835696,1.0,0.6630753357517533,1.0,0.0,0.8121080829316405,0.6895727279135856,0.9438405797101449,0.987717405314714,0.8936046531381857,1.0,0.8945739994878359,0
multi,noise,image,0.75,13,2,2,0,0,1.0,1.0,1.0,0.7859075839456023,-1.2441353590592108,2.138270336648695,1.2560143519298843,0.2556504381545829,DEGRADED,Distribution shift (input unlike calibration set),Distribution shift (input unlike calibration set) | Sensor noise | Low detector confidence,50.7691939999404,8.755210000003899,2,0.7729033030892012,1.0,0.9817683338453347,1.0,0.6630753357517533,1.0,0.0,0.8236215939925638,0.7390777464959235,0.9367690058479532,0.9868932549018317,0.8835295948697709,1.0,0.8952247370844297,0
multi,noise,image,0.75,14,1,1,0,0,1.0,1.0,1.0,0.9422737555295067,-2.13966775977093,2.13966775977093,2.14993514239019,0.25252151474645446,DEGRADED,Distribution shift (input unlike calibration set),Distribution shift (input unlike calibration set) | Sensor noise | Low detector confidence,50.240184999893245,8.503673999939565,1,0.7458421332050313,1.0,0.9858233130531315,1.0,0.6630753357517533,1.0,0.0,0.7486290340262168,0.6197848279728887,1.0,0.9717597212866913,0.9273411139495538,1.0,-0.00030766362728940067,0
multi,noise,image,0.75,15,1,1,0,0,1.0,1.0,1.0,0.9519389326946699,-2.1399274494336993,2.1399274494336993,2.1506854738825663,0.2516133138884687,DEGRADED,Distribution shift (input unlike calibration set),Distribution shift (input unlike calibration set) | Sensor noise | Unstable tracking / temporal disagreement,50.73953699991307,8.504582999989907,1,0.7406709923701201,1.0,0.9838814222775905,1.0,0.6630753357517533,1.0,0.0,0.7373040968781793,0.6165522739080386,1.0,0.9707038987229326,0.9182302978486291,1.0,-0.0005673532900587475,0
multi,noise,image,0.75,16,1,1,0,0,1.0,1.0,1.0,0.9451897025975906,-2.1374610610630214,2.1374610610630214,2.149080160778052,0.25173647388071624,DEGRADED,Distribution shift (input unlike calibration set),Distribution shift (input unlike calibration set) | Sensor noise | Unstable tracking / temporal disagreement,50.61679000004915,8.648622999999134,1,0.7386049364689669,1.0,0.9839426148284407,1.0,0.6630753357517533,1.0,0.0,0.7330102023823116,0.6220347543086616,1.0,0.9687344131861344,0.9261305955748794,1.0,0.0018990350806191714,0
multi,noise,image,0.75,17,1,1,0,0,1.0,1.0,1.0,0.9390529815516132,-2.1385490168695895,2.1385490168695895,2.152107726251572,0.25067644494205055,DEGRADED,Distribution shift (input unlike calibration set),Distribution shift (input unlike calibration set) | Unstable tracking / temporal disagreement | Sensor noise,50.19346799986124,8.561204999978145,1,0.7495070398063303,1.0,0.9802463017857437,1.0,0.6630753357517533,1.0,0.0,0.7286146822328664,0.6217458678486849,1.0,0.9676664557169138,0.8876811531605279,1.0,0.0008110792740509964,0
multi,noise,image,0.75,18,2,2,0,0,1.0,1.0,1.0,0.7505635789294773,-1.242662657862124,2.1353249342545215,1.2565350851299415,0.24801371465844596,DEGRADED,Distribution shift (input unlike calibration set),Distribution shift (input unlike calibration set) | Unstable tracking / temporal disagreement | Sensor noise,50.967024999977184,8.622774999935245,2,0.7510890364609286,1.0,0.9748337676059016,1.0,0.6630753357517533,1.0,0.0,0.6235306895689737,0.6884574331529884,0.9643485915492958,0.9827632968246329,0.8848032000852695,1.0,0.8966974382815165,0
multi,noise,image,0.75,19,2,2,0,0,1.0,1.0,1.0,0.874119840877223,-1.2431749260943867,2.136349470719047,1.2502938452779637,0.24741498699071146,DEGRADED,Distribution shift (input unlike calibration set),Distribution shift (input unlike calibration set) | Unstable tracking / temporal disagreement | Sensor noise,49.75269199997001,8.910840999988068,2,0.7684753566732458,1.0,0.9666640314961243,1.0,0.6630753357517533,1.0,0.0,0.6148407549900783,0.6881624903820682,0.9857954545454546,0.981842856571731,0.8520286875324258,1.0,0.8961851700492538,0
multi,noise,image,0.75,20,3,2,0,1,1.0,0.6666666666666666,0.8,0.9115540325614284,-1.242796462515126,2.1355925435605254,1.253150502266479,0.24763485399924026,DEGRADED,Distribution shift (input unlike calibration set),Distribution shift (input unlike calibration set) | Unstable tracking / temporal disagreement | Sensor noise,50.566896999953315,8.395684999982223,2,0.7701468579222859,1.0,0.9591026837531833,1.0,0.6630753357517533,1.0,0.0,0.6155097366827256,0.7100268352842223,0.983974358974359,0.9802939936509305,0.8497373672474566,1.0,0.8965636336285145,1
multi,noise,image,0.75,21,3,2,0,1,1.0,0.6666666666666666,0.8,0.9249171084915182,-1.2427098232766856,2.1354192650836445,1.2560707297761093,0.2479324523565346,DEGRADED,Distribution shift (input unlike calibration set),Distribution shift (input unlike calibration set) | Unstable tracking / temporal disagreement | Sensor noise,51.02367400002095,8.683841999982178,2,0.76318355817056,1.0,0.9548064714836522,1.0,0.6630753357517533,1.0,0.0,0.6249952975860488,0.7498829747045864,0.9821428571428572,0.9789128721931101,0.8360003361065875,1.0,0.896650272866955,1
multi,noise,image,0.75,22,3,2,0,1,1.0,0.6666666666666666,0.8,0.9170763179077981,-1.2421244123707638,2.134248443271801,1.258107846291968,0.24806823481544618,DEGRADED,Distribution shift (input unlike calibration set),Distribution shift (input unlike calibration set) | Unstable tracking / temporal disagreement | Sensor noise,50.90025399999831,8.528055000056156,2,0.7718679146974639,1.0,0.9478192018333713,1.0,0.6630753357517533,1.0,0.0,0.6267953130397286,0.7677261860038759,0.9643358876117497,0.9777577082754173,0.8354295756206543,1.0,0.8972356837728768,1
multi,noise,image,0.75,23,3,2,0,1,1.0,0.6666666666666666,0.8,0.9216357272506879,-1.2414283752441406,2.1328563690185547,1.2600150735579965,0.24771090903172363,DEGRADED,Distribution shift (input unlike calibration set),Distribution shift (input unlike calibration set) | Unstable tracking / temporal disagreement | Sensor noise,50.733091000097374,8.60465200003091,2,0.7653591382614435,1.0,0.9413151057348916,1.0,0.6630753357517533,1.0,0.0,0.6258968943640577,0.7640448675447048,0.9809581952439095,0.9757900446519889,0.8287579511436701,1.0,0.8979317208994999,1
multi,noise,image,1.0,0,2,2,0,0,1.0,1.0,1.0,0.9223080417991822,-1.244034767150879,2.1380691528320312,1.2588873292674259,0.07276072927451792,DEGRADED,Distribution shift (input unlike calibration set),Distribution shift (input unlike calibration set) | Unstable tracking / temporal disagreement | Sensor noise,48.996859999988374,8.463509000080194,2,0.7275303227082293,1.0,0.9481665491451348,1.0,0.5860110302285455,1.0,0.0,0.0,1.0,0.9201388888888888,0.9907716530492656,0.7575920267106616,1.0,0.8953253289927616,0
multi,noise,image,1.0,1,2,2,2,0,0.5,1.0,0.6666666666666666,0.7823931440261263,-1.2320724984873905,2.1141446155050545,1.2669938615674443,0.20194124010932937,DEGRADED,Distribution shift (input unlike calibration set),Distribution shift (input unlike calibration set) | Geometric inconsistency (calibration or depth scale error) | Unstable tracking / temporal disagreement,50.099943000077474,8.85175700000218,4,0.6681695147908612,1.0,0.9493659938846359,1.0,0.5860110302285455,1.0,0.0,0.5082226438962681,0.30438998490562563,0.9428802064021753,0.9933267736476172,0.2945358672737687,1.0,0.90728759765625,1
multi,noise,image,1.0,2,2,2,1,0,0.6666666666666666,1.0,0.8,0.8730676908624722,-1.241208843562914,2.1324173056561015,1.2585760540896662,0.20697302787462313,DEGRADED,Distribution shift (input unlike calibration set),Distribution shift (input unlike calibration set) | Geometric inconsistency (calibration or depth scale error) | Unstable tracking / temporal disagreement,49.55192000011266,8.32120000006853,3,0.6903681399766151,1.0,0.9474336533915972,1.0,0.5860110302285455,1.0,0.0,0.570857090292179,0.36011185483401037,0.956989247311828,0.9917767243722379,0.29748622860361773,1.0,0.8981512525807265,1
multi,noise,image,1.0,3,2,2,0,0,1.0,1.0,1.0,0.8715160225891334,-1.2442721905915626,2.1385439997133986,1.2550910933320603,0.24274405068063384,DEGRADED,Distribution shift (input unlike calibration set),Distribution shift (input unlike calibration set) | Sensor noise | Unstable tracking / temporal disagreement,50.38914800002203,9.00174599996717,2,0.7368829456721058,1.0,0.9474987367982819,1.0,0.5860110302285455,1.0,0.0,0.6820061176731005,0.4960292542911129,0.9348484848484848,0.9907794480310551,0.9070914250150623,1.0,0.895087905552078,0
multi,noise,image,1.0,4,2,2,0,0,1.0,1.0,1.0,0.8000044483710533,-1.2430559241253398,2.136111466780953,1.256811312487538,0.23919009639324257,DEGRADED,Distribution shift (input unlike calibration set),Distribution shift (input unlike calibration set) | Sensor noise | Geometric inconsistency (calibration or depth scale error),51.50000400010413,8.32196200008184,2,0.7174653921743244,1.0,0.9469115712814515,1.0,0.5860110302285455,1.0,0.0,0.7262169671765855,0.5566751294273172,0.9018518518518519,0.9907470879147686,0.7437267976642772,1.0,0.8963041720183007,0
multi,noise,image,1.0,5,2,2,0,0,1.0,1.0,1.0,0.7427634095400691,-1.2279222115226407,2.105844041575555,1.2685660407666015,0.241107728118146,DEGRADED,Distribution shift (input unlike calibration set),Distribution shift (input unlike calibration set) | Sensor noise | Unstable tracking / temporal disagreement,50.00471099992865,8.623389000035786,2,0.7252182664704452,1.0,0.946758766761409,1.0,0.5860110302285455,1.0,0.0,0.7143006226787227,0.547194911964239,0.8851851851851852,0.9928040505301726,0.8201205033548773,1.0,0.9114378846209998,0
multi,noise,image,1.0,6,2,2,0,0,1.0,1.0,1.0,0.8282893139654715,-1.2377184992251191,2.1254366169805117,1.2540492848626625,0.24364505314449605,DEGRADED,Distribution shift (input unlike calibration set),Distribution shift (input unlike calibration set) | Sensor noise | Unstable tracking / temporal disagreement,49.17833599984078,8.442028999979811,2,0.7441882325632483,1.0,0.9478697829592189,1.0,0.5860110302285455,1.0,0.0,0.7136442149035602,0.5494453226436525,0.9322916666666667,0.9907833171642116,0.8528814085306591,1.0,0.9016415969185214,0
multi,noise,image,1.0,7,2,2,0,0,1.0,1.0,1.0,0.8484955692314127,-1.226747098176375,2.1034938148830236,1.2638339831845038,0.24540951248576592,DEGRADED,Distribution shift (input unlike calibration set),Distribution shift (input unlike calibration set) | Sensor noise | Unstable tracking / temporal disagreement,51.024362999896766,8.579127999951197,2,0.7229166868707776,1.0,0.9509934327659229,1.0,0.5860110302285455,1.0,0.0,0.7214139155023606,0.5650178333731191,0.930214477749689,0.9927957373030514,0.9103921692708702,1.0,0.9126129979672655,0
multi,noise,image,1.0,8,2,1,1,1,0.5,0.5,0.5,0.8591837571919708,-0.35000038146972656,0.35000038146972656,0.35169181886076256,0.20361702444059107,DEGRADED,Distribution shift (input unlike calibration set),Distribution shift (input unlike calibration set) | Geometric inconsistency (calibration or depth scale error) | Unstable tracking / temporal disagreement,50.74721999983467,8.339111999930537,2,0.716902708752703,1.0,0.9504731192266112,1.0,0.5860110302285455,1.0,0.0,0.4454902477917175,0.4167371347029044,0.9270833333333333,0.9959084371258569,0.28828815426305615,1.0,1.789359714673914,1
multi,noise,image,1.0,9,2,2,0,0,1.0,1.0,1.0,0.8483613470418053,-1.260525579037873,2.1710507766060196,1.2607632297655724,0.24261369108160777,DEGRADED,Distribution shift (input unlike calibration set),Distribution shift (input unlike calibration set) | Sensor noise | Unstable tracking / temporal disagreement,50.14758200002234,8.773637999979655,2,0.7455661057235945,1.0,0.9491452762445745,1.0,0.5860110302285455,1.0,0.0,0.6742577029763619,0.5268681462385385,0.9380555555555555,0.991828476346505,0.871987358852711,1.0,0.8788345171057674,0
multi,noise,image,1.0,10,2,2,0,0,1.0,1.0,1.0,0.8425767376788529,-1.2490344254866894,2.1480684695036523,1.2511205165671435,0.24384946159776455,DEGRADED,Distribution shift (input unlike calibration set),Distribution shift (input unlike calibration set) | Sensor noise | Unstable tracking / temporal disagreement,50.4664990000947,8.896961000004922,2,0.7381814674121538,1.0,0.9452657392634929,1.0,0.5860110302285455,1.0,0.0,0.6818742399266826,0.5337601026941589,0.9342808346238224,0.98975212475441,0.9128754833683287,1.0,0.8903256706569511,0
multi,noise,image,1.0,11,2,2,0,0,1.0,1.0,1.0,0.860823140026002,-1.2470313777094297,2.144062373949133,1.2508022588620131,0.24293561604812938,DEGRADED,Distribution shift (input unlike calibration set),Distribution shift (input unlike calibration set) | Sensor noise | Unstable tracking / temporal disagreement,49.14710599985028,8.38435399998616,2,0.7420159542315892,1.0,0.9475924710524748,1.0,0.5860110302285455,1.0,0.0,0.6961647652503449,0.5572363798354114,0.9195205479452055,0.9882514332347285,0.8532459859923281,1.0,0.8923287184342108,0
multi,noise,image,1.0,12,2,2,0,0,1.0,1.0,1.0,0.8661016464359435,-1.2447860966558046,2.1395718118418827,1.2505112563321579,0.2435731807313397,DEGRADED,Distribution shift (input unlike calibration set),Distribution shift (input unlike calibration set) | Sensor noise | Unstable tracking / temporal disagreement,49.14324399999259,8.440672000006089,2,0.7428127331571406,1.0,0.9446644251799918,1.0,0.5860110302285455,1.0,0.0,0.7113476220609383,0.578672712602917,0.9253472222222222,0.987717405314714,0.8401150035342297,1.0,0.8945739994878359,0
multi,noise,image,1.0,13,2,2,1,0,0.6666666666666666,1.0,0.8,0.7665470499687015,-1.24505374742591,2.1401071133820935,1.2563635350772224,0.20390300352762522,DEGRADED,Distribution shift (input unlike calibration set),Distribution shift (input unlike calibration set) | Geometric inconsistency (calibration or depth scale error) | Unstable tracking / temporal disagreement,49.22137199991994,8.340285999906882,3,0.6958008656525715,1.0,0.9468051033172553,1.0,0.5860110302285455,1.0,0.0,0.4916276143822737,0.5116057684277268,0.9609587348653323,0.9898021102447858,0.24464413228709952,1.0,0.8943063487177305,1
multi,noise,image,1.0,14,1,1,0,0,1.0,1.0,1.0,0.9323183851904387,-2.13966775977093,2.13966775977093,2.15034996806915,0.23835386573884307,DEGRADED,Distribution shift (input unlike calibration set),Distribution shift (input unlike calibration set) | Unstable tracking / temporal disagreement | Sensor noise,48.9056779999828,8.353317999990395,1,0.6890882029316265,1.0,0.9516262274102658,1.0,0.5860110302285455,1.0,0.0,0.5905284473504441,0.4704646063941856,1.0,0.9717597212866913,0.9072415472201196,1.0,-0.00030766362728940067,0
multi,noise,image,1.0,15,1,1,2,0,0.3333333333333333,1.0,0.5,0.9376106703629843,-2.1399274494336993,2.1399274494336993,2.150880703133715,0.17326766283372066,DEGRADED,Geometric inconsistency (calibration or depth scale error),Geometric inconsistency (calibration or depth scale error) | Distribution shift (input unlike calibration set) | Unstable tracking / temporal disagreement,49.39418000014939,8.495896999988872,3,0.6488231218119799,1.0,0.9504985866466182,1.0,0.5860110302285455,1.0,0.0,0.27085406040510895,0.40452947745951673,1.0,0.9844068072298315,0.10504196773357176,1.0,-0.0005673532900587475,1
multi,noise,image,1.0,16,1,1,2,0,0.3333333333333333,1.0,0.5,0.9219354856751707,-2.139051312985629,2.139051312985629,2.149557322402205,0.17416132354921632,DEGRADED,Geometric inconsistency (calibration or depth scale error),Geometric inconsistency (calibration or depth scale error) | Distribution shift (input unlike calibration set) | Unstable tracking / temporal disagreement,49.91284700008691,8.30939299999045,3,0.6417177051415662,1.0,0.9493327447529598,1.0,0.5860110302285455,1.0,0.0,0.31388569892818813,0.4339457823295598,1.0,0.9830339060620841,0.09505643889833947,1.0,0.0003087831580117495,1
multi,noise,image,1.0,17,1,1,1,0,0.5,1.0,0.6666666666666666,0.934586230474021,-2.1385490168695895,2.1385490168695895,2.150520243881921,0.18231227594584384,DEGRADED,Geometric inconsistency (calibration or depth scale error),Geometric inconsistency (calibration or depth scale error) | Distribution shift (input unlike calibration set) | Unstable tracking / temporal disagreement,49.00366500010023,8.253218000049856,2,0.6682034410283395,1.0,0.9446881240291651,1.0,0.5860110302285455,1.0,0.0,0.367306381147893,0.4079192663600579,0.9615384615384616,0.9766908480347442,0.1308074330939694,1.0,0.0008110792740509964,1
multi,noise,image,1.0,18,2,2,0,0,1.0,1.0,1.0,0.8017182296842228,-1.242662657862124,2.1353249342545215,1.261876004617989,0.24256770328672628,DEGRADED,Distribution shift (input unlike calibration set),Distribution shift (input unlike calibration set) | Unstable tracking / temporal disagreement | Sensor noise,49.13801499992587,8.399285999985295,2,0.7422453065894801,1.0,0.9424013619410279,1.0,0.5860110302285455,1.0,0.0,0.581004844788325,0.6681821753439223,0.9235412474849094,0.9827632968246329,0.8971895632357577,1.0,0.8966974382815165,0
multi,noise,image,1.0,19,2,2,0,0,1.0,1.0,1.0,0.8623284170603118,-1.2431749260943867,2.136349470719047,1.250092492663274,0.24218764312830335,DEGRADED,Distribution shift (input unlike calibration set),Distribution shift (input unlike calibration set) | Unstable tracking / temporal disagreement | Sensor noise,50.23972600008619,8.611766000058196,2,0.7449775886411044,1.0,0.932191756231515,1.0,0.5860110302285455,1.0,0.0,0.5652243002306399,0.6615909831123507,0.9861111111111112,0.981842856571731,0.8747334839928276,1.0,0.8961851700492538,0
multi,noise,image,1.0,20,3,2,0,1,1.0,0.6666666666666666,0.8,0.8960183363468175,-1.242796462515126,2.1355925435605254,1.2529811734820095,0.24171290322528316,DEGRADED,Distribution shift (input unlike calibration set),Distribution shift (input unlike calibration set) | Unstable tracking / temporal disagreement | Sensor noise,49.58288899990748,8.445198000003984,2,0.7330550800330626,1.0,0.9235554711357745,1.0,0.5860110302285455,1.0,0.0,0.5890101510824612,0.6669608664774577,0.9838888888888888,0.9807984294876773,0.8450565195683388,1.0,0.8965636336285145,1
multi,noise,image,1.0,21,3,2,0,1,1.0,0.6666666666666666,0.8,0.9198782001525299,-1.2421204525491465,2.1342405236285664,1.2561051389682443,0.24334848685841842,DEGRADED,Distribution shift (input unlike calibration set),Distribution shift (input unlike calibration set) | Unstable tracking / temporal disagreement | Sensor noise,50.79015100000106,8.750475000056213,2,0.7391289772888507,1.0,0.9200614825964673,1.0,0.5860110302285455,1.0,0.0,0.6087973553967779,0.7302429803748804,0.9821428571428572,0.9793191229452849,0.8339763796195981,1.0,0.897239643594494,1
multi,noise,image,1.0,22,3,2,0,1,1.0,0.6666666666666666,0.8,0.9062046769915666,-1.2421244123707638,2.134248443271801,1.259923555736639,0.243266630854624,DEGRADED,Distribution shift (input unlike calibration set),Distribution shift (input unlike calibration set) | Unstable tracking / temporal disagreement | Sensor noise,51.426062000018646,8.752735000030043,2,0.7323262313815634,1.0,0.9153967001651668,1.0,0.5860110302285455,1.0,0.0,0.614154549751843,0.7497671509447129,0.9647988505747127,0.9777577082754173,0.8343586182319538,1.0,0.8972356837728768,1
multi,noise,image,1.0,23,3,2,0,1,1.0,0.6666666666666666,0.8,0.8799690083448525,-1.2414283752441406,2.1328563690185547,1.257470672730967,0.24008802718934494,DEGRADED,Distribution shift (input unlike calibration set),Distribution shift (input unlike calibration set) | Unstable tracking / temporal disagreement | Sensor noise,51.840838999964944,8.753231000014239,2,0.7303921015123909,1.0,0.907973654661431,1.0,0.5860110302285455,1.0,0.0,0.6074104802214877,0.7386097366442932,0.9390556421806422,0.9760245149947737,0.7725075730499117,1.0,0.8979317208994999,1
multi,glare,image,0.25,0,2,2,0,0,1.0,1.0,1.0,1.0,-1.244034767150879,2.1380691528320312,1.2588873292674259,0.22783109586169367,DEGRADED,Unstable tracking / temporal disagreement,Unstable tracking / temporal disagreement | Distribution shift (input unlike calibration set) | Poor illumination (under-exposed),44.75915899990923,6.413517000055435,2,0.922696097716356,1.0,0.6507031926063835,1.0,1.0,0.9940369413448641,0.13825401220246292,0.0,1.0,0.9952380952380953,0.9907716530492656,0.9692784097154019,1.0,0.8953253289927616,0
multi,glare,image,0.25,1,2,2,0,0,1.0,1.0,1.0,0.9761848982685465,-1.2448030969370976,2.1396058124044686,1.2557476548162199,0.7260719985551475,CAUTION,Distribution shift (input unlike calibration set),Distribution shift (input unlike calibration set) | Unstable tracking / temporal disagreement | Erratic object motion (large filter innovation),43.60503600003085,6.215486999963105,2,0.9309344266222698,1.0,0.6546021838666372,1.0,1.0,0.9906322268698797,0.14695943546407753,0.6094961240310077,0.356560980663947,0.9785714285714286,0.9907593204098566,0.9601939850011313,1.0,0.894556999206543,0
multi,glare,image,0.25,2,2,2,0,0,1.0,1.0,1.0,0.9699998642573293,-1.2439535182455312,2.137906655021336,1.2547880542306196,0.7756725349282662,TRUSTED,Distribution shift (input unlike calibration set),Distribution shift (input unlike calibration set) | Erratic object motion (large filter innovation) | Poor illumination (under-exposed),44.2464589998508,6.3227869999309405,2,0.9201199982475589,1.0,0.6718998677639589,1.0,1.0,0.9949825828562181,0.18919706124747016,0.7393669552144184,0.543402674063275,0.9788177339901478,0.9907612360413235,0.9733092117494057,1.0,0.8954065778981093,0
multi,glare,image,0.25,3,2,2,0,0,1.0,1.0,1.0,0.9513859617109259,-1.2442721905915626,2.1385439997133986,1.2541875891371248,0.7652551561226094,TRUSTED,Distribution shift (input unlike calibration set),Distribution shift (input unlike calibration set) | Poor illumination (under-exposed) | Erratic object motion (large filter innovation),44.83726099999785,6.3921249999339125,2,0.9141221046314185,1.0,0.6539718652214614,1.0,1.0,0.9921422365447472,0.14327031939703405,0.8034515993435419,0.6472779075777755,0.9959183673469387,0.9907450401543308,0.9392800991546307,1.0,0.895087905552078,0
multi,glare,image,0.25,4,2,2,0,0,1.0,1.0,1.0,0.9479125398216857,-1.2443457686382793,2.138691155806832,1.2532994502601982,0.7860554183833902,TRUSTED,Distribution shift (input unlike calibration set),Distribution shift (input unlike calibration set) | Poor illumination (under-exposed) | Erratic object motion (large filter innovation),44.22619799993299,6.319283000038922,2,0.9375560895601569,1.0,0.6628638856597733,1.0,1.0,0.9962992333990782,0.16825863277884345,0.8280177310428889,0.7127342635544152,0.9783068783068782,0.9902545871008644,0.9569425680091469,1.0,0.8950143275053613,0
multi,glare,image,0.25,5,2,2,0,0,1.0,1.0,1.0,0.9539891245502226,-1.2441742523856778,2.138348123301629,1.2524120637355316,0.800092726796897,TRUSTED,Distribution shift (input unlike calibration set),Distribution shift (input unlike calibration set) | Poor illumination (under-exposed) | Unstable tracking / temporal disagreement,44.94737399988935,6.307221000042773,2,0.945778740509245,1.0,0.672668134934173,1.0,1.0,1.0,0.19306510073325944,0.8449522710178887,0.758079164953971,0.9967032967032967,0.9897687782621171,0.9276641177011545,1.0,0.8951858437579627,0
multi,glare,image,0.25,6,2,2,0,0,1.0,1.0,1.0,0.9401802339603851,-1.2437590723452363,2.137517763220746,1.2526203748316664,0.7855467747574661,TRUSTED,Distribution shift (input unlike calibration set),Distribution shift (input unlike calibration set) | Poor illumination (under-exposed) | Unstable tracking / temporal disagreement,45.263217000069744,6.497506000073372,2,0.9047837538304133,1.0,0.6600055214781433,1.0,1.0,0.9904256952127198,0.16392173248367614,0.852178547493122,0.7895706850438238,0.968956043956044,0.9897529023222349,0.9407158076061365,1.0,0.8956010237984042,0
multi,glare,image,0.25,7,2,2,0,0,1.0,1.0,1.0,0.8626397439123228,-1.2290855076002032,2.10817063373068,1.2634012021090644,0.7700800227068296,TRUSTED,Distribution shift (input unlike calibration set),Distribution shift (input unlike calibration set) | Poor illumination (under-exposed) | Unstable tracking / temporal disagreement,45.60243000014452,6.586265999999341,2,0.8997169516855128,1.0,0.6545176461807802,1.0,1.0,0.9679074858891875,0.14600462570397876,0.8390799212815074,0.7603730249033875,0.9672371031746032,0.9917981106435225,0.9106122462410025,1.0,0.9102745885434373,0
multi,glare,image,0.25,8,2,2,0,0,1.0,1.0,1.0,0.8752658159137674,-5.719565598861031,11.089130816252336,5.756496414229951,0.6932854679101824,CAUTION,Distribution shift (input unlike calibration set),Distribution shift (input unlike calibration set) | Geometric inconsistency (calibration or depth scale error) | Poor illumination (under-exposed),44.45133300009729,6.399594999948022,2,0.8865799374522372,1.0,0.6581195175409509,1.0,1.0,0.9615224207562274,0.1571905665369303,0.8263248456078358,0.7262295762897812,0.9880952380952381,1.0,0.33614694788611915,1.0,-3.5802055027173907,1
multi,glare,image,0.25,9,2,2,0,0,1.0,1.0,1.0,0.8867917966850737,-1.2637652106907051,2.1775300399116837,1.2640455824042591,0.7800723483373834,TRUSTED,Distribution shift (input unlike calibration set),Distribution shift (input unlike calibration set) | Poor illumination (under-exposed) | Unstable tracking / temporal disagreement,45.60983899989424,6.659431999992194,2,0.9133972663369633,1.0,0.6641071909559533,1.0,1.0,0.9770953721029902,0.17196516807802675,0.813330312618899,0.698936957432149,0.9773291925465839,0.9913084307073914,0.925588080591658,1.0,0.8755948854529354,0
multi,glare,image,0.25,10,2,2,0,0,1.0,1.0,1.0,0.8937428554739426,-1.2469516007796582,2.1439028200895898,1.2498911510445347,0.7678713706242377,TRUSTED,Distribution shift (input unlike calibration set),Distribution shift (input unlike calibration set) | Poor illumination (under-exposed) | Unstable tracking / temporal disagreement,46.376409999993484,6.846258999985366,2,0.9224540225000128,1.0,0.6490998062884366,1.0,1.0,1.0,0.1382419811308635,0.8113385147336952,0.6918026121676427,0.999025974025974,0.9897495872839543,0.950360899201503,1.0,0.8924084953639824,0
multi,glare,image,0.25,11,2,2,0,0,1.0,1.0,1.0,0.913572691526894,-1.2460309733515196,2.1420615652333126,1.250478716353887,0.7724254577689836,TRUSTED,Distribution shift (input unlike calibration set),Distribution shift (input unlike calibration set) | Poor illumination (under-exposed) | Unstable tracking / temporal disagreement,45.68148100008784,6.528908000063893,2,0.9367705081000857,1.0,0.6534391716863128,1.0,1.0,1.0,0.15133463399159874,0.8152116068723579,0.7080462481372014,0.9772727272727273,0.9887325853996777,0.9142950886115135,1.0,0.893329122792121,0
multi,glare,image,0.25,12,2,2,0,0,1.0,1.0,1.0,0.9304927709401046,-1.2438257466191835,2.1376511117686405,1.2498060493294048,0.7790139215692639,TRUSTED,Distribution shift (input unlike calibration set),Distribution shift (input unlike calibration set) | Poor illumination (under-exposed) | Unstable tracking / temporal disagreement,45.4626069998767,6.468882000035592,2,0.9398920848247163,1.0,0.6597989524047523,1.0,1.0,1.0,0.1604096254967814,0.8210586173346512,0.7267338483364335,1.0,0.9877491702044789,0.9019915420029969,1.0,0.895534349524457,0
multi,glare,image,0.25,13,2,2,0,0,1.0,1.0,1.0,0.8119373307146411,-1.2432169706925116,2.1364335599152966,1.2554143227436518,0.7957817833703761,TRUSTED,Distribution shift (input unlike calibration set),Distribution shift (input unlike calibration set) | Poor illumination (under-exposed) | Unstable tracking / temporal disagreement,45.784168999944086,6.454565000012735,2,0.9252150013578013,1.0,0.6759357464067504,1.0,1.0,1.0,0.19949781232984065,0.8291809229003202,0.771871747743583,0.969327731092437,0.9867747141626393,0.8962267497491081,1.0,0.896143125451129,0
multi,glare,image,0.25,14,1,1,0,0,1.0,1.0,1.0,0.8896911352085559,-2.1379129990287424,2.1379129990287424,2.1495226359654738,0.765522760588845,TRUSTED,Distribution shift (input unlike calibration set),Distribution shift (input unlike calibration set) | Poor illumination (under-exposed) | Geometric inconsistency (calibration or depth scale error),43.029197000009844,6.549793999965914,1,0.9115918601103169,1.0,0.6711800594345914,1.0,1.0,0.9612566494408096,0.1888004795162509,0.7546871784303798,0.6570511714532814,1.0,0.9726738545502717,0.7910739815733857,1.0,0.0014470971148980993,0
multi,glare,image,0.25,15,1,1,0,0,1.0,1.0,1.0,0.899274993846527,-2.138255658357039,2.138255658357039,2.1506422379978125,0.77124749277699,TRUSTED,Distribution shift (input unlike calibration set),Distribution shift (input unlike calibration set) | Geometric inconsistency (calibration or depth scale error) | Poor illumination (under-exposed),43.11247999999068,6.667149999998401,1,0.93141229541165,1.0,0.6779777382914864,1.0,1.0,0.9817052270160181,0.20638487798963734,0.7442008595102753,0.6541595973088355,1.0,0.9716153574264149,0.7703928236382341,1.0,0.0011044377866014088,0
multi,glare,image,0.25,16,1,1,0,0,1.0,1.0,1.0,0.8958730585005164,-2.1374610610630214,2.1374610610630214,2.149508142798386,0.7446232092134204,CAUTION,Distribution shift (input unlike calibration set),Distribution shift (input unlike calibration set) | Poor illumination (under-exposed) | Unstable tracking / temporal disagreement,45.010254000089844,6.547819000047639,1,0.8933348814788054,1.0,0.6511994535823551,1.0,1.0,0.9816428305897824,0.14454502927940227,0.7375716023630804,0.6467171142794289,1.0,0.9697337351034728,0.8106291766945349,1.0,0.0018990350806191714,0
multi,glare,image,0.25,17,1,1,0,0,1.0,1.0,1.0,0.8993422557506565,-2.1385490168695895,2.1385490168695895,2.150921281050911,0.7606795946333449,TRUSTED,Distribution shift (input unlike calibration set),Distribution shift (input unlike calibration set) | Unstable tracking / temporal disagreement | Poor illumination (under-exposed),44.697582000139846,6.532192000008763,1,0.9114833872273431,1.0,0.6679492342353577,1.0,1.0,1.0,0.18008591928222428,0.7327518420092382,0.6400602033582375,1.0,0.9678770129054551,0.7956257494914284,1.0,0.0008110792740509964,0
multi,glare,image,0.25,18,2,2,0,0,1.0,1.0,1.0,0.8566706395149323,-1.2433755294136377,2.136750677357549,1.262023058650715,0.7420760092856956,CAUTION,Distribution shift (input unlike calibration set),Distribution shift (input unlike calibration set) | Unstable tracking / temporal disagreement | Poor illumination (under-exposed),45.120705000044836,6.688542000006237,2,0.917510719835065,1.0,0.6461646861326185,1.0,1.0,1.0,0.13702385473084366,0.6226553476606638,0.7026634870402491,0.9583333333333333,0.982821544840411,0.9011581846915413,1.0,0.8959845667300028,0
multi,glare,image,0.25,19,2,2,0,0,1.0,1.0,1.0,0.8209134127169431,-1.2431749260943867,2.136349470719047,1.2498930491281162,0.7241792138030582,CAUTION,Distribution shift (input unlike calibration set),Distribution shift (input unlike calibration set) | Unstable tracking / temporal disagreement | Poor illumination (under-exposed),44.97307499991621,6.5693949999285906,2,0.9182556278591851,1.0,0.6360732209548055,1.0,1.0,1.0,0.10972362927764978,0.6056561053436136,0.696545796744473,1.0,0.981842856571731,0.8753324934574404,1.0,0.8961851700492538,0
multi,glare,image,0.25,20,3,3,0,0,1.0,1.0,1.0,0.8288399782796597,-1.1169463102368333,2.1355925435605254,1.1237619809144532,0.6985699679219647,CAUTION,Distribution shift (input unlike calibration set),Distribution shift (input unlike calibration set) | Unstable tracking / temporal disagreement | Poor illumination (under-exposed),45.93756200017651,6.367191000094863,3,0.8830601088907907,1.0,0.632256998809575,1.0,1.0,1.0,0.0935822196963656,0.4723903044538871,0.7635400788052564,0.9989648033126294,0.9845102873980859,0.8746380858665123,1.0,1.0224137859068072,1
multi,glare,image,0.25,21,3,3,0,0,1.0,1.0,1.0,0.8639149865344526,-1.1152590184971902,2.1354192650836445,1.1245743117834954,0.6991293526394599,CAUTION,Distribution shift (input unlike calibration set),Distribution shift (input unlike calibration set) | Unstable tracking / temporal disagreement | Poor illumination (under-exposed),46.65367799998421,6.4325109999572305,3,0.8821269823131995,1.0,0.629635269405511,1.0,1.0,1.0,0.0857672149052674,0.5041375088247513,0.793036640534778,0.9978021978021978,0.983140478500937,0.8853810315567051,1.0,1.0241010776464503,1
multi,glare,image,0.25,22,3,3,0,0,1.0,1.0,1.0,0.8820037082108932,-1.113169753033181,2.134248443271801,1.1248014124025207,0.6608731310228975,CAUTION,Distribution shift (input unlike calibration set),Distribution shift (input unlike calibration set) | Unstable tracking / temporal disagreement | Poor illumination (under-exposed),51.23957499995413,6.660053000018706,3,0.8842588679830747,1.0,0.6174961529162937,1.0,1.0,1.0,0.04405793250418455,0.5270763422735596,0.8112081628291774,0.9966490299823633,0.9811593264169566,0.8888765975321484,1.0,1.0261903431104595,1
multi,glare,image,0.25,23,3,3,0,0,1.0,1.0,1.0,0.8831381282445481,-1.1105990409851074,2.1318416595458984,1.1250306180778418,0.6654417220528543,CAUTION,Distribution shift (input unlike calibration set),Distribution shift (input unlike calibration set) | Unstable tracking / temporal disagreement | Poor illumination (under-exposed),46.13708300007602,6.334832999982609,3,0.902276200651233,1.0,0.6197938801436009,1.0,1.0,1.0,0.04609851165143697,0.5419691372601786,0.8101479938691034,0.9972789115646258,0.9792656572961536,0.8751502788419387,1.0,1.028761055158533,1
multi,glare,image,0.5,0,2,2,0,0,1.0,1.0,1.0,1.0,-1.244034767150879,2.1380691528320312,1.2588873292674259,0.029232639689898917,DEGRADED,Distribution shift (input unlike calibration set),Distribution shift (input unlike calibration set) | Unstable tracking / temporal disagreement | Poor illumination (under-exposed),45.44779800005472,6.548454000039783,2,0.8930869419518059,1.0,0.0,1.0,1.0,0.9802267601860956,0.0,0.0,1.0,0.9952380952380953,0.9907716530492656,0.9692784097154019,1.0,0.8953253289927616,0
multi,glare,image,0.5,1,2,2,0,0,1.0,1.0,1.0,0.9761848982685465,-1.2448030969370976,2.1396058124044686,1.2557476548162199,0.09272656402045923,DEGRADED,Distribution shift (input unlike calibration set),Distribution shift (input unlike calibration set) | Poor illumination (under-exposed) | Unstable tracking / temporal disagreement,44.236296000008224,6.173117999992428,2,0.910296381296996,1.0,0.0,1.0,1.0,0.9837560546376248,0.0,0.6094961240310077,0.356560980663947,0.9785714285714286,0.9907593204098566,0.9601939850011313,1.0,0.894556999206543,0
multi,glare,image,0.5,2,2,2,0,0,1.0,1.0,1.0,0.9699998642573293,-1.2439535182455312,2.137906655021336,1.2547880542306196,0.09581712027893462,DEGRADED,Distribution shift (input unlike calibration set),Distribution shift (input unlike calibration set) | Poor illumination (under-exposed) | Erratic object motion (large filter innovation),44.61336600024879,6.341046000102324,2,0.8506777500836857,0.9983781243805616,0.0,1.0,1.0,0.9319778648591973,0.0,0.7393669552144184,0.543402674063275,0.9788177339901478,0.9907612360413235,0.9733092117494057,1.0,0.8954065778981093,0
multi,glare,image,0.5,3,2,2,0,0,1.0,1.0,1.0,0.9513859617109259,-1.2442721905915626,2.1385439997133986,1.2541875891371248,0.09754195399223851,DEGRADED,Distribution shift (input unlike calibration set),Distribution shift (input unlike calibration set) | Poor illumination (under-exposed) | Erratic object motion (large filter innovation),44.404106000001775,6.290904000024966,2,0.882827784810406,1.0,0.0,1.0,1.0,0.9293697398035559,0.0,0.8034515993435419,0.6472779075777755,0.9959183673469387,0.9907450401543308,0.9392800991546307,1.0,0.895087905552078,0
multi,glare,image,0.5,4,2,2,0,0,1.0,1.0,1.0,0.9479125398216857,-1.2443457686382793,2.138691155806832,1.2532994502601982,0.09850509742519838,DEGRADED,Distribution shift (input unlike calibration set),Distribution shift (input unlike calibration set) | Poor illumination (under-exposed) | Erratic object motion (large filter innovation),45.21833900003003,6.414093000103094,2,0.8793330312977754,1.0,0.0,1.0,1.0,0.9551960936425908,0.0,0.8280177310428889,0.7127342635544152,0.9783068783068782,0.9902545871008644,0.9569425680091469,1.0,0.8950143275053613,0
multi,glare,image,0.5,5,2,2,0,0,1.0,1.0,1.0,0.9539891245502226,-1.2441742523856778,2.138348123301629,1.2524120637355316,0.09906555603233472,DEGRADED,Distribution shift (input unlike calibration set),Distribution shift (input unlike calibration set) | Poor illumination (under-exposed) | Unstable tracking / temporal disagreement,44.50181200013503,6.390787999976055,2,0.8935089994465122,1.0,0.0,1.0,1.0,0.9743949898984979,0.0,0.8449522710178887,0.758079164953971,0.9967032967032967,0.9897687782621171,0.9276641177011545,1.0,0.8951858437579627,0
multi,glare,image,0.5,6,2,2,0,0,1.0,1.0,1.0,0.9401802339603851,-1.2437590723452363,2.137517763220746,1.2526203748316664,0.09936153202191515,DEGRADED,Distribution shift (input unlike calibration set),Distribution shift (input unlike calibration set) | Poor illumination (under-exposed) | Unstable tracking / temporal disagreement,45.06677699998818,6.353589000013926,2,0.8992674477393964,1.0,0.0,1.0,1.0,0.9732407571595497,0.0,0.852178547493122,0.7895706850438238,0.968956043956044,0.9897529023222349,0.9407158076061365,1.0,0.8956010237984042,0
multi,glare,image,0.5,7,2,2,0,0,1.0,1.0,1.0,0.8626397439123228,-1.2290855076002032,2.10817063373068,1.2634012021090644,0.09857185641692137,DEGRADED,Distribution shift (input unlike calibration set),Distribution shift (input unlike calibration set) | Poor illumination (under-exposed) | Unstable tracking / temporal disagreement,44.782930000110355,6.484225999997761,2,0.8973740689242156,1.0,0.0,1.0,1.0,0.9591218268951246,0.0,0.8390799212815074,0.7603730249033875,0.9672371031746032,0.9917981106435225,0.9106122462410025,1.0,0.9102745885434373,0
multi,glare,image,0.5,8,2,2,0,0,1.0,1.0,1.0,0.8752658159137674,-5.719565598861031,11.089130816252336,5.756496414229951,0.0870003055328397,DEGRADED,Distribution shift (input unlike calibration set),Distribution shift (input unlike calibration set) | Poor illumination (under-exposed) | Geometric inconsistency (calibration or depth scale error),45.699406000039744,6.7437330000075235,2,0.8160994747422219,0.9637029154712635,0.0,1.0,1.0,0.9175331642451228,0.0,0.8263248456078358,0.7262295762897812,0.9880952380952381,1.0,0.33614694788611915,1.0,-3.5802055027173907,1
multi,glare,image,0.5,9,2,2,0,0,1.0,1.0,1.0,0.8867917966850737,-1.2637652106907051,2.1775300399116837,1.2640455824042591,0.09658256939589319,DEGRADED,Distribution shift (input unlike calibration set),Distribution shift (input unlike calibration set) | Poor illumination (under-exposed) | Low detector confidence,46.01872899991122,6.3814430000093125,2,0.8021399208878272,0.9749573897008994,0.0,1.0,1.0,0.9085863827533899,0.0,0.813330312618899,0.698936957432149,0.9773291925465839,0.9913084307073914,0.925588080591658,1.0,0.8755948854529354,0
multi,glare,image,0.5,10,2,2,0,0,1.0,1.0,1.0,0.8937428554739426,-1.2469516007796582,2.1439028200895898,1.2498911510445347,0.0979552097006403,DEGRADED,Distribution shift (input unlike calibration set),Distribution shift (input unlike calibration set) | Poor illumination (under-exposed) | Unstable tracking / temporal disagreement,46.66470500001196,6.323058000020865,2,0.8497818948791565,1.0,0.0,1.0,1.0,0.9596071363187467,0.0,0.8113385147336952,0.6918026121676427,0.999025974025974,0.9897495872839543,0.950360899201503,1.0,0.8924084953639824,0
multi,glare,image,0.5,11,2,2,0,0,1.0,1.0,1.0,0.913572691526894,-1.2460309733515196,2.1420615652333126,1.250478716353887,0.09758268713123674,DEGRADED,Distribution shift (input unlike calibration set),Distribution shift (input unlike calibration set) | Poor illumination (under-exposed) | Unstable tracking / temporal disagreement,45.298624999986714,6.671984000035991,2,0.8567575323910077,1.0,0.0,1.0,1.0,0.9533662987157454,0.0,0.8152116068723579,0.7080462481372014,0.9772727272727273,0.9887325853996777,0.9142950886115135,1.0,0.893329122792121,0
multi,glare,image,0.5,12,2,2,0,0,1.0,1.0,1.0,0.9304927709401046,-1.2438257466191835,2.1376511117686405,1.2498060493294048,0.0981225204998575,DEGRADED,Distribution shift (input unlike calibration set),Distribution shift (input unlike calibration set) | Poor illumination (under-exposed) | Unstable tracking / temporal disagreement,45.07717700016656,6.460036000021319,2,0.8839721020298257,1.0,0.0,1.0,1.0,0.9618241194210212,0.0,0.8210586173346512,0.7267338483364335,1.0,0.9877491702044789,0.9019915420029969,1.0,0.895534349524457,0
multi,glare,image,0.5,13,2,2,0,0,1.0,1.0,1.0,0.8119373307146411,-1.2432169706925116,2.1364335599152966,1.2554143227436518,0.09813667717038531,DEGRADED,Distribution shift (input unlike calibration set),Distribution shift (input unlike calibration set) | Poor illumination (under-exposed) | Unstable tracking / temporal disagreement,44.805131999851255,6.4459249999799795,2,0.8788370334155577,1.0,0.0,1.0,1.0,0.9535559153914843,0.0,0.8291809229003202,0.771871747743583,0.969327731092437,0.9867747141626393,0.8962267497491081,1.0,0.896143125451129,0
multi,glare,image,0.5,14,1,1,0,0,1.0,1.0,1.0,0.8896911352085559,-2.1379129990287424,2.1379129990287424,2.1495226359654738,0.09294196911183861,DEGRADED,Distribution shift (input unlike calibration set),Distribution shift (input unlike calibration set) | Poor illumination (under-exposed) | Low detector confidence,43.15137999981289,6.4783739999256795,1,0.7174710586956575,0.9751609514816033,0.0,1.0,1.0,0.8874593138534981,0.0,0.7546871784303798,0.6570511714532814,1.0,0.9726738545502717,0.7910739815733857,1.0,0.0014470971148980993,0
multi,glare,image,0.5,15,1,1,0,0,1.0,1.0,1.0,0.8916063374530702,-2.138255658357039,2.138255658357039,2.1493770640002663,0.09298622384414651,DEGRADED,Distribution shift (input unlike calibration set),Distribution shift (input unlike calibration set) | Poor illumination (under-exposed) | Geometric inconsistency (calibration or depth scale error),42.7907950000872,6.543656999951963,1,0.7563440194730552,0.966734773948146,0.0,1.0,1.0,0.9054437802404115,0.0,0.7453459278023041,0.6507613732964413,1.0,0.9716153574264149,0.7703928236382341,1.0,0.0011044377866014088,0
multi,glare,image,0.5,16,1,1,0,0,1.0,1.0,1.0,0.8920868246631614,-2.1374610610630214,2.1374610610630214,2.1491051160393,0.09292846674117967,DEGRADED,Distribution shift (input unlike calibration set),Distribution shift (input unlike calibration set) | Poor illumination (under-exposed) | Low detector confidence,43.52498800005833,6.331963999969048,1,0.6988045232449109,1.0,0.0,1.0,1.0,0.8939977674359821,0.0,0.7381449053427546,0.646717115272845,1.0,0.9697337351034728,0.8106291766945349,1.0,0.0018990350806191714,0
multi,glare,image,0.5,17,1,1,0,0,1.0,1.0,1.0,0.897473189437818,-2.1385490168695895,2.1385490168695895,2.150823799312673,0.09529341813136216,DEGRADED,Distribution shift (input unlike calibration set),Distribution shift (input unlike calibration set) | Poor illumination (under-exposed) | Unstable tracking / temporal disagreement,42.89560600000186,6.646764999914012,1,0.8968686681899509,1.0,0.0,1.0,1.0,0.9933340253640656,0.0,0.7330395259717052,0.6408941591309588,1.0,0.9678770129054551,0.7956257494914284,1.0,0.0008110792740509964,0
multi,glare,image,0.5,18,2,2,0,0,1.0,1.0,1.0,0.8562111909244678,-1.2433755294136377,2.136750677357549,1.26202305864454,0.0952896864339598,DEGRADED,Distribution shift (input unlike calibration set),Distribution shift (input unlike calibration set) | Poor illumination (under-exposed) | Unstable tracking / temporal disagreement,44.81056499992064,6.366572000047199,2,0.8783244741963254,1.0,0.0,1.0,1.0,0.9937944976707836,0.0,0.6227297481582773,0.7031210999279537,0.9583333333333333,0.982821544840411,0.9011581846915413,1.0,0.8959845667300028,0
multi,glare,image,0.5,19,2,2,0,0,1.0,1.0,1.0,0.8206909732720655,-1.2431749260943867,2.136349470719047,1.2499043967970858,0.09506209848307297,DEGRADED,Distribution shift (input unlike calibration set),Distribution shift (input unlike calibration set) | Poor illumination (under-exposed) | Unstable tracking / temporal disagreement,44.495980000078816,6.3753240000323785,2,0.8824458407005797,1.0,0.0,1.0,1.0,1.0,0.0,0.6056964363473878,0.6968859908039272,1.0,0.981842856571731,0.8753324934574404,1.0,0.8961851700492538,0
multi,glare,image,0.5,20,3,2,0,1,1.0,0.6666666666666666,0.8,0.8583413343719128,-1.242796462515126,2.1355925435605254,1.2529243208582383,0.09499668032090125,DEGRADED,Distribution shift (input unlike calibration set),Distribution shift (input unlike calibration set) | Poor illumination (under-exposed) | Unstable tracking / temporal disagreement,46.92191300000559,6.602761000067403,2,0.8803165853101237,1.0,0.0,1.0,1.0,1.0,0.0,0.6047313940428563,0.7187622818467464,0.9984472049689441,0.9807984294876773,0.8608554154914868,1.0,0.8965636336285145,1
multi,glare,image,0.5,21,3,2,0,1,1.0,0.6666666666666666,0.8,0.888079926351128,-1.2427098232766856,2.1354192650836445,1.2561849997039771,0.09549817971825962,DEGRADED,Distribution shift (input unlike calibration set),Distribution shift (input unlike calibration set) | Poor illumination (under-exposed) | Unstable tracking / temporal disagreement,45.473079999965194,6.447391000051539,2,0.8874964267289837,1.0,0.0,1.0,1.0,1.0,0.0,0.6113172682236127,0.7489773101544862,0.9967032967032967,0.9797382869554411,0.8727884296579957,1.0,0.896650272866955,1
multi,glare,image,0.5,22,3,2,0,1,1.0,0.6666666666666666,0.8,0.909848825663842,-1.2421244123707638,2.134248443271801,1.2583157320800138,0.09563178974783881,DEGRADED,Distribution shift (input unlike calibration set),Distribution shift (input unlike calibration set) | Poor illumination (under-exposed) | Unstable tracking / temporal disagreement,46.73659499985661,6.46970999991936,2,0.9070304123991477,1.0,0.0,1.0,1.0,1.0,0.0,0.6144243440890232,0.765545934369181,0.994973544973545,0.9777577082754173,0.8572317186167598,1.0,0.8972356837728768,1
multi,glare,image,0.5,23,3,3,0,0,1.0,1.0,1.0,0.8949572430820214,-1.1105990409851074,2.1318416595458984,1.1250161218709949,0.09498248463899753,DEGRADED,Distribution shift (input unlike calibration set),Distribution shift (input unlike calibration set) | Poor illumination (under-exposed) | Unstable tracking / temporal disagreement,46.597749000056865,6.67315900000176,3,0.8630118753869332,1.0,0.0,1.0,1.0,1.0,0.0,0.5648680394999004,0.7929581607611156,0.9972789115646258,0.9792656572961536,0.8823873372269868,1.0,1.028761055158533,1
multi,glare,image,0.75,0,2,1,1,1,0.5,0.5,0.5,1.0,-0.35000038146972656,0.35000038146972656,0.36777489737637364,0.020339191744494056,DEGRADED,Geometric inconsistency (calibration or depth scale error),Geometric inconsistency (calibration or depth scale error) | Distribution shift (input unlike calibration set) | Unstable tracking / temporal disagreement,44.13217400008307,6.456645000071148,2,0.5785116151310976,0.9515430804367854,0.0,0.3213405206088018,1.0,0.8067669309291636,0.0,0.0,1.0,0.9952380952380953,0.9938210857981536,0.12234903359363425,1.0,1.789359714673914,1
multi,glare,image,0.75,1,2,1,1,1,0.5,0.5,0.5,0.5507954891801277,-0.35000038146972656,0.35000038146972656,0.3570098842339179,0.06337073015034939,DEGRADED,Distribution shift (input unlike calibration set),Distribution shift (input unlike calibration set) | Geometric inconsistency (calibration or depth scale error) | Poor illumination (under-exposed),43.975129000045854,6.562295999970047,2,0.43968789420039345,0.8461354146301043,0.0,0.24589958160396252,1.0,0.75775418551353,0.0,0.43333333333333335,0.3455907525769745,0.9285714285714286,0.9358069616847569,0.260369217861816,1.0,1.789359714673914,1
multi,glare,image,0.75,2,2,2,0,0,1.0,1.0,1.0,0.9356862745098035,-1.2439535182455312,2.137906655021336,1.2516991912298412,0.07817328084654354,DEGRADED,Distribution shift (input unlike calibration set),Distribution shift (input unlike calibration set) | Poor illumination (under-exposed) | Unstable tracking / temporal disagreement,45.49943599988637,6.677743999944141,2,0.9010503468645688,0.9492410017191066,0.0,0.32454680341547193,1.0,0.8833723106185105,0.0,0.333054707564084,0.23626608974903435,0.9985714285714286,0.9907612360413235,0.947641925155258,1.0,0.8954065778981093,0
multi,glare,image,0.75,3,2,1,0,1,1.0,0.5,0.6666666666666666,0.9342860958995601,-0.35000038146972656,0.35000038146972656,0.3578467281966316,0.08132398905934268,DEGRADED,Distribution shift (input unlike calibration set),Distribution shift (input unlike calibration set) | Poor illumination (under-exposed) | Glare / sensor saturation,43.44413500018618,6.412604000047395,1,0.8449342165977876,0.8313012760264911,0.0,0.30157683019809,1.0,0.7928948743257382,0.0,0.5124939880492584,0.3626536851437878,0.9934065934065934,1.0,0.9994065974176279,1.0,1.789359714673914,1
multi,glare,image,0.75,4,2,1,0,1,1.0,0.5,0.6666666666666666,0.9884736322375655,-0.35000038146972656,0.35000038146972656,0.3575399023022283,0.08600476169962108,DEGRADED,Distribution shift (input unlike calibration set),Distribution shift (input unlike calibration set) | Poor illumination (under-exposed) | Glare / sensor saturation,44.697035000012875,6.673049000028186,1,0.9048582945095062,1.0,0.0,0.29282207582301817,1.0,0.8666600542525962,0.0,0.6214758185996249,0.4577166980238717,0.9934065934065934,1.0,0.9994065974176279,1.0,1.789359714673914,1
multi,glare,image,0.75,5,2,1,0,1,1.0,0.5,0.6666666666666666,0.9842721521448023,-0.35000038146972656,0.35000038146972656,0.35571353178552,0.08665041722088315,DEGRADED,Distribution shift (input unlike calibration set),Distribution shift (input unlike calibration set) | Poor illumination (under-exposed) | Glare / sensor saturation,44.22038200004863,6.318119999946248,1,0.8829153876670611,0.7946788364739013,0.0,0.3654326893988611,1.0,0.8409730842375978,0.0,0.6842603774254956,0.5240781987637619,0.9934065934065934,1.0,0.9994065974176279,1.0,1.789359714673914,1
multi,glare,image,0.75,6,2,0,0,2,0.0,0.0,0.0,,,,,0.000340241915822949,DEGRADED,Geometric inconsistency (calibration or depth scale error),Geometric inconsistency (calibration or depth scale error) | Distribution shift (input unlike calibration set) | Unstable tracking / temporal disagreement,42.86434599998756,6.333734999998342,0,0.3075880517382931,0.8592310859278189,0.0,0.42536072373054495,1.0,0.7486882638488859,0.0,0.0,0.0,0.0,0.0,0.0,1.0,,1
multi,glare,image,0.75,7,2,0,0,2,0.0,0.0,0.0,,,,,0.00010298734715976973,DEGRADED,Geometric inconsistency (calibration or depth scale error),Geometric inconsistency (calibration or depth scale error) | Low detector confidence | Distribution shift (input unlike calibration set),39.74774699997852,5.998104000013882,0,0.0,0.7133467564778985,0.0,0.2809632924589932,1.0,0.7597494221956448,0.0,0.0,0.0,0.0,0.0,0.0,1.0,,1
multi,glare,image,0.75,8,2,0,0,2,0.0,0.0,0.0,,,,,0.00010747198426826246,DEGRADED,Geometric inconsistency (calibration or depth scale error),Geometric inconsistency (calibration or depth scale error) | Low detector confidence | Distribution shift (input unlike calibration set),40.27339300012045,6.031269999994038,0,0.0,0.8306559178985536,0.0,0.4212955919950748,1.0,0.7503468712973896,0.0,0.0,0.0,0.0,0.0,0.0,1.0,,1
multi,glare,image,0.75,9,2,0,1,2,0.0,0.0,0.0,,,,,0.05972823402604706,DEGRADED,Geometric inconsistency (calibration or depth scale error),Geometric inconsistency (calibration or depth scale error) | Distribution shift (input unlike calibration set) | Poor illumination (under-exposed),42.688128000008874,6.427684999948724,1,0.49214303096385204,0.8600625548412955,0.0,0.40167604437754134,1.0,0.7576690111691525,0.0,0.4124638966712894,0.3645302398332156,0.8087606837606838,1.0,0.10428865407189127,1.0,,1
multi,glare,image,0.75,10,2,0,1,2,0.0,0.0,0.0,,,,,0.05258361971237849,DEGRADED,Geometric inconsistency (calibration or depth scale error),Geometric inconsistency (calibration or depth scale error) | Distribution shift (input unlike calibration set) | Poor illumination (under-exposed),44.20476400002826,6.438390999960575,1,0.4211641090703846,0.7076215773445825,0.0,0.3415644983552609,1.0,0.784479733518764,0.0,0.4073613683564178,0.4122731689555707,0.8148148148148148,1.0,0.04498123132666073,1.0,,1
multi,glare,image,0.75,11,2,1,0,1,1.0,0.5,0.6666666666666666,0.7199944597607145,-2.160058353258215,2.160058353258215,2.1602348609174142,0.06697670501132533,DEGRADED,Distribution shift (input unlike calibration set),Distribution shift (input unlike calibration set) | Unstable tracking / temporal disagreement | Poor illumination (under-exposed),44.968483000047854,6.510304000016731,1,0.45325308986026724,0.7600782706306659,0.0,0.3560970106830491,1.0,0.8027462659691985,0.0,0.14541103832147753,0.47049710521593074,1.0,0.979677617824633,0.6878107257712895,1.0,-0.020698257114574403,1
multi,glare,image,0.75,12,2,1,0,1,1.0,0.5,0.6666666666666666,0.8309094284021378,-2.1434093972911015,2.1434093972911015,2.151023939200946,0.0758581957529636,DEGRADED,Distribution shift (input unlike calibration set),Distribution shift (input unlike calibration set) | Unstable tracking / temporal disagreement | Poor illumination (under-exposed),44.90630000020701,6.478546000039387,1,0.8595983568037894,1.0,0.0,0.3437954799879919,1.0,0.8530348520635683,0.0,0.1981744781514121,0.47727438543586614,1.0,0.9757101530256053,0.7678719567838267,1.0,-0.0040493011474609375,1
multi,glare,image,0.75,13,2,1,1,1,0.5,0.5,0.5,0.8696847247553563,-2.138270336648695,2.138270336648695,2.1502875052299952,0.06272320404635517,DEGRADED,Distribution shift (input unlike calibration set),Distribution shift (input unlike calibration set) | Geometric inconsistency (calibration or depth scale error) | Poor illumination (under-exposed),44.89925799998673,6.455641000002288,2,0.639077567941409,0.8099625508335737,0.0,0.3298186768631597,1.0,0.8151066610576182,0.0,0.20362970257900484,0.2548028429684596,0.8658536585365854,0.9872470068910537,0.31518779132145835,1.0,0.001089759494945497,1
multi,glare,image,0.75,14,1,0,0,1,0.0,0.0,0.0,,,,,0.0001023510401087335,DEGRADED,Geometric inconsistency (calibration or depth scale error),Geometric inconsistency (calibration or depth scale error) | Low detector confidence | Distribution shift (input unlike calibration set),41.289914999993016,5.855933000020741,0,0.0,0.6923893078807466,0.0,0.26949702796133773,1.0,0.7534172264887993,0.0,0.0,0.0,0.0,0.0,0.0,1.0,,1
multi,glare,image,0.75,15,1,0,0,1,0.0,0.0,0.0,,,,,0.00032518511794979834,DEGRADED,Geometric inconsistency (calibration or depth scale error),Geometric inconsistency (calibration or depth scale error) | Distribution shift (input unlike calibration set) | Unstable tracking / temporal disagreement,41.99517200004266,6.04279599997426,0,0.3068359952991473,0.7124814281357391,0.0,0.28215478400675786,1.0,0.7743651886451713,0.0,0.0,0.0,0.0,0.0,0.0,1.0,,1
multi,glare,image,0.75,16,1,1,0,0,1.0,1.0,1.0,0.8650772050943886,-2.1374610610630214,2.1374610610630214,2.149749091868149,0.07409174595336503,DEGRADED,Distribution shift (input unlike calibration set),Distribution shift (input unlike calibration set) | Poor illumination (under-exposed) | Unstable tracking / temporal disagreement,42.69398099995669,6.490462999977353,1,0.7702609396633496,0.8174296262691066,0.0,0.2978693651955793,1.0,0.8265037073199596,0.0,0.2172105693263239,0.5430477748476525,1.0,0.9707218604366912,0.7812569744939869,1.0,0.0018990350806191714,0
multi,glare,image,0.75,17,1,0,0,1,0.0,0.0,0.0,,,,,0.00035258845737119363,DEGRADED,Geometric inconsistency (calibration or depth scale error),Geometric inconsistency (calibration or depth scale error) | Distribution shift (input unlike calibration set) | Unstable tracking / temporal disagreement,43.776076000085595,6.255568000028688,0,0.4386924853172746,0.9376482820146399,0.0,0.38988847930503306,1.0,0.7732635373128389,0.0,0.0,0.0,0.0,0.0,0.0,1.0,,1
multi,glare,image,0.75,18,2,1,0,1,1.0,0.5,0.6666666666666666,0.780851733596726,-2.138176420460576,2.138176420460576,2.152624825208263,0.07005343801060732,DEGRADED,Distribution shift (input unlike calibration set),Distribution shift (input unlike calibration set) | Poor illumination (under-exposed) | Unstable tracking / temporal disagreement,45.01442999981009,6.572244999915711,1,0.5549827388680011,0.7761733064062959,0.0,0.332676099177425,1.0,0.8173780664102124,0.0,0.2768483094713254,0.5335008055005196,1.0,0.9678077933034982,0.4947476914762611,1.0,0.0011836756830643225,1
multi,glare,image,0.75,19,2,0,0,2,0.0,0.0,0.0,,,,,0.0003823309133068423,DEGRADED,Geometric inconsistency (calibration or depth scale error),Geometric inconsistency (calibration or depth scale error) | Distribution shift (input unlike calibration set) | Unstable tracking / temporal disagreement,41.932752999969125,6.2173369999527495,0,0.8998471283174864,1.0,0.0,0.4228068414819556,1.0,0.830970031550449,0.0,0.0,0.0,0.0,0.0,0.0,1.0,,1
multi,glare,image,0.75,20,3,2,0,1,1.0,0.6666666666666666,0.8,0.7657512361928334,-1.242796462515126,2.1355925435605254,1.2747360257742246,0.07566605415599754,DEGRADED,Distribution shift (input unlike calibration set),Distribution shift (input unlike calibration set) | Poor illumination (under-exposed) | Unstable tracking / temporal disagreement,43.98649999995996,6.19430899996587,2,0.7604727278496579,0.9185091797626804,0.0,0.31165674765205714,1.0,0.9714452817192927,0.0,0.357192433587459,0.40401340946903613,0.9732142857142857,0.9812951719415328,0.602104617300835,1.0,0.8965636336285145,1
multi,glare,image,0.75,21,3,1,0,2,1.0,0.3333333333333333,0.5,0.8694341314698939,-0.35000038146972656,0.35000038146972656,0.37142588248184316,0.08094900500553298,DEGRADED,Distribution shift (input unlike calibration set),Distribution shift (input unlike calibration set) | Poor illumination (under-exposed) | Unstable tracking / temporal disagreement,42.6399619999529,6.089686999985133,1,0.9106256995339683,1.0,0.0,0.4269560413333769,1.0,0.8543017766181767,0.0,0.42784339096973856,0.29030131000458625,0.993006993006993,1.0,0.7661217858153243,1.0,1.789359714673914,1
multi,glare,image,0.75,22,3,1,0,2,1.0,0.3333333333333333,0.5,0.9264035067937079,-0.35000038146972656,0.35000038146972656,0.3697572851915587,0.08012998397632054,DEGRADED,Distribution shift (input unlike calibration set),Distribution shift (input unlike calibration set) | Poor illumination (under-exposed) | Glare / sensor saturation,42.060581999862734,6.44837999993797,1,0.8853465952323349,1.0,0.0,0.22002867596394335,1.0,0.8479650991509063,0.0,0.5095537795877092,0.35442602019352604,0.9961873638344226,1.0,0.8710369085216396,1.0,1.789359714673914,1
multi,glare,image,0.75,23,3,2,0,1,1.0,0.6666666666666666,0.8,0.8539292558270467,-1.2409210205078125,2.1318416595458984,1.262396403265402,0.08036591604034005,DEGRADED,Distribution shift (input unlike calibration set),Distribution shift (input unlike calibration set) | Poor illumination (under-exposed) | Unstable tracking / temporal disagreement,43.9635930000577,6.280534000097759,2,0.7442285158716648,1.0,0.0,0.3476216424551259,1.0,1.0,0.0,0.44968057942202333,0.447814084447742,0.9986938349007315,0.9764008768772248,0.7030560441669221,1.0,0.898439075635828,1
multi,glare,image,1.0,0,2,1,0,1,1.0,0.5,0.6666666666666666,1.0,-0.35000038146972656,0.35000038146972656,0.36777489737637364,0.020685190624611247,DEGRADED,Distribution shift (input unlike calibration set),Distribution shift (input unlike calibration set) | Unstable tracking / temporal disagreement | Poor illumination (under-exposed),42.082513000082145,5.9011119999468065,1,0.8808122198648698,0.8913549216997786,0.0,0.013617674713052662,1.0,0.6158206604884855,0.0,0.0,1.0,0.9904761904761905,1.0,0.9994065974176279,1.0,1.789359714673914,1
multi,glare,image,1.0,1,2,0,0,2,0.0,0.0,0.0,,,,,7.565545080267296e-05,DEGRADED,Geometric inconsistency (calibration or depth scale error),Geometric inconsistency (calibration or depth scale error) | Low detector confidence | Distribution shift (input unlike calibration set),38.7669219998088,5.767252999930861,0,0.0,0.688494366196459,0.0,0.0059143652824046496,1.0,0.4856901016337373,0.0,0.0,0.0,0.0,0.0,0.0,1.0,,1
multi,glare,image,1.0,2,2,0,0,2,0.0,0.0,0.0,,,,,7.430710366597465e-05,DEGRADED,Geometric inconsistency (calibration or depth scale error),Geometric inconsistency (calibration or depth scale error) | Low detector confidence | Distribution shift (input unlike calibration set),39.06749799989484,5.911628999911045,0,0.0,0.4401013854257659,0.0,0.008059018197025723,1.0,0.4874447278064284,0.0,0.0,0.0,0.0,0.0,0.0,1.0,,1
multi,glare,image,1.0,3,2,0,0,2,0.0,0.0,0.0,,,,,7.554508539244905e-05,DEGRADED,Geometric inconsistency (calibration or depth scale error),Geometric inconsistency (calibration or depth scale error) | Low detector confidence | Distribution shift (input unlike calibration set),40.201249999995525,6.184086000075695,0,0.0,0.48481621858860385,0.0,0.008796525741984843,1.0,0.4997320048885402,0.0,0.0,0.0,0.0,0.0,0.0,1.0,,1
multi,glare,image,1.0,4,2,0,0,2,0.0,0.0,0.0,,,,,7.964588616386043e-05,DEGRADED,Geometric inconsistency (calibration or depth scale error),Geometric inconsistency (calibration or depth scale error) | Low detector confidence | Distribution shift (input unlike calibration set),38.700519000144595,5.620246000034967,0,0.0,0.573685928311921,0.0,0.013995170561809099,1.0,0.535673468502558,0.0,0.0,0.0,0.0,0.0,0.0,1.0,,1
multi,glare,image,1.0,5,2,0,0,2,0.0,0.0,0.0,,,,,7.637682333526833e-05,DEGRADED,Geometric inconsistency (calibration or depth scale error),Geometric inconsistency (calibration or depth scale error) | Low detector confidence | Distribution shift (input unlike calibration set),39.59533399995507,6.12468400004218,0,0.0,0.6984506914342653,0.0,0.006553001885133087,1.0,0.4922085984029615,0.0,0.0,0.0,0.0,0.0,0.0,1.0,,1
multi,glare,image,1.0,6,2,0,0,2,0.0,0.0,0.0,,,,,7.41471579957818e-05,DEGRADED,Geometric inconsistency (calibration or depth scale error),Geometric inconsistency (calibration or depth scale error) | Low detector confidence | Distribution shift (input unlike calibration set),39.668408000125055,5.792434999989382,0,0.0,0.39554435501555024,0.0,0.008819463214642564,1.0,0.4963840505116524,0.0,0.0,0.0,0.0,0.0,0.0,1.0,,1
multi,glare,image,1.0,7,2,0,0,2,0.0,0.0,0.0,,,,,7.246074315429999e-05,DEGRADED,Geometric inconsistency (calibration or depth scale error),Geometric inconsistency (calibration or depth scale error) | Low detector confidence | Distribution shift (input unlike calibration set),39.45891500006837,6.094523999990997,0,0.0,0.2888254887687574,0.0,0.009585910282598515,1.0,0.49201766461356206,0.0,0.0,0.0,0.0,0.0,0.0,1.0,,1
multi,glare,image,1.0,8,2,0,0,2,0.0,0.0,0.0,,,,,7.317095043866731e-05,DEGRADED,Geometric inconsistency (calibration or depth scale error),Geometric inconsistency (calibration or depth scale error) | Low detector confidence | Distribution shift (input unlike calibration set),39.93453300006422,6.097287999978107,0,0.0,0.3338870641866217,0.0,0.009126120583945076,1.0,0.49335761766354297,0.0,0.0,0.0,0.0,0.0,0.0,1.0,,1
multi,glare,image,1.0,9,2,0,0,2,0.0,0.0,0.0,,,,,7.561482437473087e-05,DEGRADED,Geometric inconsistency (calibration or depth scale error),Geometric inconsistency (calibration or depth scale error) | Low detector confidence | Distribution shift (input unlike calibration set),40.236903000050006,6.0969140000679545,0,0.0,0.6030090387287984,0.0,0.006865251865535593,1.0,0.4917137729035242,0.0,0.0,0.0,0.0,0.0,0.0,1.0,,1
multi,glare,image,1.0,10,2,0,0,2,0.0,0.0,0.0,,,,,7.241276734655465e-05,DEGRADED,Geometric inconsistency (calibration or depth scale error),Geometric inconsistency (calibration or depth scale error) | Low detector confidence | Distribution shift (input unlike calibration set),39.37184500011881,5.9878250000338085,0,0.0,0.28716976407810996,0.0,0.009576553611518816,1.0,0.4913988609506195,0.0,0.0,0.0,0.0,0.0,0.0,1.0,,1
multi,glare,image,1.0,11,2,0,0,2,0.0,0.0,0.0,,,,,7.73424265786643e-05,DEGRADED,Geometric inconsistency (calibration or depth scale error),Geometric inconsistency (calibration or depth scale error) | Low detector confidence | Distribution shift (input unlike calibration set),41.1069110000426,5.921709000062947,0,0.0,0.49598162244014754,0.0,0.011294962631256532,1.0,0.5305225462589764,0.0,0.0,0.0,0.0,0.0,0.0,1.0,,1
multi,glare,image,1.0,12,2,0,0,2,0.0,0.0,0.0,,,,,7.502101368346668e-05,DEGRADED,Geometric inconsistency (calibration or depth scale error),Geometric inconsistency (calibration or depth scale error) | Low detector confidence | Distribution shift (input unlike calibration set),39.492852999956085,5.892878000054225,0,0.0,0.6174248887078787,0.0,0.006064482962611726,1.0,0.4826753128728225,0.0,0.0,0.0,0.0,0.0,0.0,1.0,,1
multi,glare,image,1.0,13,2,0,0,2,0.0,0.0,0.0,,,,,7.39019633244184e-05,DEGRADED,Geometric inconsistency (calibration or depth scale error),Geometric inconsistency (calibration or depth scale error) | Low detector confidence | Distribution shift (input unlike calibration set),45.00882000002093,6.296619000067949,0,0.0,0.3905954084982474,0.0,0.008634813851987942,1.0,0.49069357263096647,0.0,0.0,0.0,0.0,0.0,0.0,1.0,,1
multi,glare,image,1.0,14,1,0,0,1,0.0,0.0,0.0,,,,,7.481990115697934e-05,DEGRADED,Geometric inconsistency (calibration or depth scale error),Geometric inconsistency (calibration or depth scale error) | Low detector confidence | Distribution shift (input unlike calibration set),39.435897999965164,5.7184009999673435,0,0.0,0.5443500824745913,0.0,0.006814043803894567,1.0,0.48526280292231055,0.0,0.0,0.0,0.0,0.0,0.0,1.0,,1
multi,glare,image,1.0,15,1,0,0,1,0.0,0.0,0.0,,,,,7.244320781776529e-05,DEGRADED,Geometric inconsistency (calibration or depth scale error),Geometric inconsistency (calibration or depth scale error) | Low detector confidence | Distribution shift (input unlike calibration set),39.974626999992324,5.939852999972572,0,0.0,0.29039781758582983,0.0,0.009508216510567432,1.0,0.4907229146584355,0.0,0.0,0.0,0.0,0.0,0.0,1.0,,1
multi,glare,image,1.0,16,1,0,0,1,0.0,0.0,0.0,,,,,0.00023535692113519632,DEGRADED,Geometric inconsistency (calibration or depth scale error),Geometric inconsistency (calibration or depth scale error) | Distribution shift (input unlike calibration set) | Unstable tracking / temporal disagreement,41.87296900022375,5.941605000089112,0,0.3689372070822947,0.33891259893841674,0.0,0.008975863425530365,1.0,0.5197876161917612,0.0,0.0,0.0,0.0,0.0,0.0,1.0,,1
multi,glare,image,1.0,17,1,0,0,1,0.0,0.0,0.0,,,,,7.245795009887661e-05,DEGRADED,Geometric inconsistency (calibration or depth scale error),Geometric inconsistency (calibration or depth scale error) | Low detector confidence | Distribution shift (input unlike calibration set),39.61622899998929,5.947531999936473,0,0.0,0.2928600018278546,0.0,0.00936842622031488,1.0,0.495361030121793,0.0,0.0,0.0,0.0,0.0,0.0,1.0,,1
multi,glare,image,1.0,18,2,0,0,2,0.0,0.0,0.0,,,,,0.00025484844662475775,DEGRADED,Geometric inconsistency (calibration or depth scale error),Geometric inconsistency (calibration or depth scale error) | Distribution shift (input unlike calibration set) | Unstable tracking / temporal disagreement,44.33773700009169,6.27822000001288,0,0.3380222536438644,0.6163574044991417,0.0,0.013239582385739135,1.0,0.5684700622961656,0.0,0.0,0.0,0.0,0.0,0.0,1.0,,1
multi,glare,image,1.0,19,2,0,0,2,0.0,0.0,0.0,,,,,0.0002645003576221496,DEGRADED,Geometric inconsistency (calibration or depth scale error),Geometric inconsistency (calibration or depth scale error) | Distribution shift (input unlike calibration set) | Unstable tracking / temporal disagreement,41.85390099985398,5.94130199999654,0,0.516511407108068,0.6540493626229792,0.0,0.01248408331004985,1.0,0.5430692521666178,0.0,0.0,0.0,0.0,0.0,0.0,1.0,,1
multi,glare,image,1.0,20,3,0,0,3,0.0,0.0,0.0,,,,,7.609722952279504e-05,DEGRADED,Geometric inconsistency (calibration or depth scale error),Geometric inconsistency (calibration or depth scale error) | Low detector confidence | Distribution shift (input unlike calibration set),38.828306000027624,5.82694700005959,0,0.0,0.5399468388946029,0.0,0.008485737299728319,1.0,0.5007155227829551,0.0,0.0,0.0,0.0,0.0,0.0,1.0,,1
multi,glare,image,1.0,21,3,0,0,3,0.0,0.0,0.0,,,,,0.0002814807257365172,DEGRADED,Geometric inconsistency (calibration or depth scale error),Geometric inconsistency (calibration or depth scale error) | Distribution shift (input unlike calibration set) | Unstable tracking / temporal disagreement,41.59068000012667,6.087952000029873,0,0.7056652381943661,0.7545860893661036,0.0,0.01435039423138722,1.0,0.6610401382449911,0.0,0.0,0.0,0.0,0.0,0.0,1.0,,1
multi,glare,image,1.0,22,3,0,0,3,0.0,0.0,0.0,,,,,0.0002534094128173036,DEGRADED,Geometric inconsistency (calibration or depth scale error),Geometric inconsistency (calibration or depth scale error) | Distribution shift (input unlike calibration set) | Unstable tracking / temporal disagreement,42.29556800009959,6.1957619999475355,0,0.5938697754304688,0.49007640470979646,0.0,0.008786509365646985,1.0,0.5070725318806399,0.0,0.0,0.0,0.0,0.0,0.0,1.0,,1
multi,glare,image,1.0,23,3,1,0,2,1.0,0.3333333333333333,0.5,0.9298166357531524,-0.35000038146972656,0.35000038146972656,0.36927532711621863,0.04996664220731984,DEGRADED,Distribution shift (input unlike calibration set),Distribution shift (input unlike calibration set) | Poor illumination (under-exposed) | Glare / sensor saturation,42.28077599987046,6.009451999943849,1,0.8787089927960761,0.8275985936270916,0.0,0.007265327331052067,1.0,0.5537821386257755,0.0,0.21172093223086372,0.052416082343323914,0.9937888198757764,1.0,0.880257486964472,1.0,1.789359714673914,1
multi,patch_occlusion,image+depth,0.25,0,2,1,0,1,1.0,0.5,0.6666666666666666,1.0,-0.35000038146972656,0.35000038146972656,0.36777489737637364,0.265199600028482,DEGRADED,Unstable tracking / temporal disagreement,Unstable tracking / temporal disagreement | Distribution shift (input unlike calibration set),43.46072300006654,6.737875999988319,1,0.9479380762061423,1.0,0.8717108782846561,1.0,1.0,0.9268103375834941,0.5671045911666912,0.0,1.0,0.9904761904761905,1.0,0.9994065974176279,1.0,1.789359714673914,1
multi,patch_occlusion,image+depth,0.25,1,2,2,0,0,1.0,1.0,1.0,0.9817749603803483,-1.2448030969370976,2.1396058124044686,1.2556109761640415,0.7386344811045713,CAUTION,Unstable tracking / temporal disagreement,Unstable tracking / temporal disagreement | Distribution shift (input unlike calibration set) | Erratic object motion (large filter innovation),46.003671000107715,6.816464000053202,2,0.9504707541692301,1.0,0.8334828659973332,1.0,1.0,0.9512181086770813,0.4910528641329811,0.3023255813953488,0.15335496684492847,0.9785714285714286,0.9907593204098566,0.9601939850011313,1.0,0.894556999206543,0
multi,patch_occlusion,image+depth,0.25,2,2,2,0,0,1.0,1.0,1.0,0.9747945756616703,-1.2439535182455312,2.137906655021336,1.254953370824821,0.8814611306082097,TRUSTED,Distribution shift (input unlike calibration set),Distribution shift (input unlike calibration set) | Unstable tracking / temporal disagreement | Erratic object motion (large filter innovation),45.75689900002544,6.745070999954805,2,0.9512557008308204,1.0,0.8850115920975303,1.0,1.0,0.979183083156773,0.6111984478665382,0.72181073768929,0.5386743485242792,0.9788177339901478,0.9907612360413235,0.9887845770187305,1.0,0.8954065778981093,0
multi,patch_occlusion,image+depth,0.25,3,2,2,0,0,1.0,1.0,1.0,0.9547108815504912,-1.2442721905915626,2.1385439997133986,1.2542405193368755,0.875000362639045,TRUSTED,Distribution shift (input unlike calibration set),Distribution shift (input unlike calibration set) | Erratic object motion (large filter innovation) | Unstable tracking / temporal disagreement,45.51689799995984,6.693392999977732,2,0.9512636775575471,1.0,0.8330141947263694,1.0,1.0,0.9571273858242499,0.5081316403462781,0.7963723369070892,0.6408142105634924,0.9959183673469387,0.9907450401543308,0.9480648934224857,1.0,0.895087905552078,0
multi,patch_occlusion,image+depth,0.25,4,2,2,0,0,1.0,1.0,1.0,0.949964489707144,-1.2456356131512187,2.141270844832711,1.2545932274889777,0.8958180644108992,TRUSTED,Distribution shift (input unlike calibration set),Distribution shift (input unlike calibration set) | Unstable tracking / temporal disagreement | Erratic object motion (large filter innovation),45.91689899996254,6.880152000007911,2,0.9433608424312273,1.0,0.872530787723218,1.0,1.0,0.97033558988643,0.5809227893523179,0.8226375495607006,0.7085912385700377,0.968849641464773,0.9897667558595904,0.9622888382618559,1.0,0.8937244829924218,0
multi,patch_occlusion,image+depth,0.25,5,2,2,0,0,1.0,1.0,1.0,0.9551170186950819,-1.2441742523856778,2.138348123301629,1.252398243644092,0.8946425895762365,TRUSTED,Distribution shift (input unlike calibration set),Distribution shift (input unlike calibration set) | Unstable tracking / temporal disagreement | Erratic object motion (large filter innovation),46.34350800006359,6.842999000014061,2,0.9521096732173524,1.0,0.8534351747162283,1.0,1.0,0.9695317763003498,0.5538630660527701,0.8402300533006992,0.7557558230585757,0.9967032967032967,0.9897687782621171,0.9305280945457705,1.0,0.8951858437579627,0
multi,patch_occlusion,image+depth,0.25,6,2,2,0,0,1.0,1.0,1.0,0.9407773413887419,-1.2437590723452363,2.137517763220746,1.2526176325241607,0.9006724035214817,TRUSTED,Distribution shift (input unlike calibration set),Distribution shift (input unlike calibration set) | Unstable tracking / temporal disagreement | Erratic object motion (large filter innovation),46.65749899993443,6.902102000026389,2,0.9520830081098381,1.0,0.8563572074478762,1.0,1.0,0.9662738989126258,0.5802581153952844,0.8481436552745019,0.7877066773011698,0.968956043956044,0.9897529023222349,0.9422555487758965,1.0,0.8956010237984042,0
multi,patch_occlusion,image+depth,0.25,7,2,2,0,0,1.0,1.0,1.0,0.862618288870036,-1.2290855076002032,2.10817063373068,1.263532932660021,0.8761415605358339,TRUSTED,Distribution shift (input unlike calibration set),Distribution shift (input unlike calibration set) | Unstable tracking / temporal disagreement | Erratic object motion (large filter innovation),45.81513199980236,6.702714999960335,2,0.9524112277486233,1.0,0.8358145497846499,1.0,1.0,0.9310398790560561,0.4874948146633421,0.8318384296222399,0.750513403495408,0.9672371031746032,0.9917981106435225,0.9113717086318943,1.0,0.9102745885434373,0
multi,patch_occlusion,image+depth,0.25,8,2,2,0,0,1.0,1.0,1.0,0.8753964972048084,-5.719565598861031,11.089130816252336,5.756501154854505,0.7963935186435737,TRUSTED,Geometric inconsistency (calibration or depth scale error),Geometric inconsistency (calibration or depth scale error) | Distribution shift (input unlike calibration set) | Unstable tracking / temporal disagreement,46.41340500006663,6.991302000074029,2,0.9384830621347897,1.0,0.8602190587206193,1.0,1.0,0.9339203450301006,0.5737565816278682,0.81724784275397,0.7112695960058893,0.9880952380952381,1.0,0.336230315603702,1.0,-3.5802055027173907,1
multi,patch_occlusion,image+depth,0.25,9,2,2,0,0,1.0,1.0,1.0,0.8868789748871242,-1.2637652106907051,2.1775300399116837,1.2640452133929865,0.8929704250517996,TRUSTED,Distribution shift (input unlike calibration set),Distribution shift (input unlike calibration set) | Unstable tracking / temporal disagreement | Erratic object motion (large filter innovation),45.82161299993004,6.716901999993752,2,0.9535653553232366,1.0,0.8811408979706181,1.0,1.0,0.9611657135218953,0.6030158852111704,0.8031894800016133,0.6817706963669984,0.9773291925465839,0.9913084307073914,0.9257857964789273,1.0,0.8755948854529354,0
multi,patch_occlusion,image+depth,0.25,10,2,1,0,1,1.0,0.5,0.6666666666666666,0.976381935510156,-0.35000038146972656,0.35000038146972656,0.35006396430626124,0.8951354277274811,TRUSTED,Distribution shift (input unlike calibration set),Distribution shift (input unlike calibration set) | Unstable tracking / temporal disagreement | Erratic object motion (large filter innovation),44.496858999877986,6.535375999987991,1,0.9547156177573461,1.0,0.8387249099487948,1.0,1.0,0.9086937950785837,0.5171669146235021,0.8564785158284405,0.7691175401633001,0.9980519480519481,1.0,0.9994065974176279,1.0,1.789359714673914,1
multi,patch_occlusion,image+depth,0.25,11,2,2,0,0,1.0,1.0,1.0,0.8896548837903234,-1.2470313777094297,2.144062373949133,1.250277978848061,0.8662523900584853,TRUSTED,Distribution shift (input unlike calibration set),Distribution shift (input unlike calibration set) | Unstable tracking / temporal disagreement | Erratic object motion (large filter innovation),45.61209799999233,6.734725000001163,2,0.9542336928689465,1.0,0.8305664926923537,1.0,1.0,0.9750483151100892,0.5019223636931511,0.7657774133727417,0.6748319980783024,0.9772727272727273,0.9887616849505597,0.8830401233777826,1.0,0.8923287184342108,0
multi,patch_occlusion,image+depth,0.25,12,2,2,0,0,1.0,1.0,1.0,0.9214166169374676,-1.2438257466191835,2.1376511117686405,1.2494668531184392,0.8785118270292624,TRUSTED,Distribution shift (input unlike calibration set),Distribution shift (input unlike calibration set) | Unstable tracking / temporal disagreement | Erratic object motion (large filter innovation),45.47142600006282,6.8410869999979695,2,0.9542635792740755,1.0,0.8472207705203294,1.0,1.0,0.992189947775509,0.5388229486214022,0.7742418377367735,0.694970740773493,1.0,0.9877491702044789,0.8912188728335921,1.0,0.895534349524457,0
multi,patch_occlusion,image+depth,0.25,13,2,1,0,1,1.0,0.5,0.6666666666666666,0.7331662462851303,-0.35000038146972656,0.35000038146972656,0.3618923993995692,0.8955975797509578,TRUSTED,Distribution shift (input unlike calibration set),Distribution shift (input unlike calibration set) | Poor illumination (under-exposed),43.888383999956204,6.643711000037911,1,0.954260544271374,1.0,0.8457482584440859,1.0,1.0,0.8565281440792752,0.49134015162478983,0.8952240744372014,0.8951158627840398,0.938655462184874,1.0,0.9994065974176279,1.0,1.789359714673914,1
multi,patch_occlusion,image+depth,0.25,14,1,1,0,0,1.0,1.0,1.0,0.8340503719437962,-2.13966775977093,2.13966775977093,2.151557505856636,0.8180727013832152,TRUSTED,Distribution shift (input unlike calibration set),Distribution shift (input unlike calibration set) | Geometric inconsistency (calibration or depth scale error) | Unstable tracking / temporal disagreement,44.14240299990979,6.748587999936717,1,0.9536526679626895,1.0,0.8379863547685886,1.0,1.0,0.9204628213861208,0.5448324369790207,0.6118172495210414,0.6123317986051011,1.0,0.9736060494886923,0.6291970337467868,1.0,-0.00030766362728940067,0
multi,patch_occlusion,image+depth,0.25,15,1,1,0,0,1.0,1.0,1.0,0.8774834013323749,-2.138255658357039,2.138255658357039,2.1507251560583263,0.8283378153521092,TRUSTED,Distribution shift (input unlike calibration set),Distribution shift (input unlike calibration set) | Unstable tracking / temporal disagreement | Geometric inconsistency (calibration or depth scale error),43.645849000085946,6.912517000046137,1,0.9511065413486167,1.0,0.8462056108617131,1.0,1.0,0.9469536554819219,0.5458124797807795,0.5969932407457471,0.6255086166501508,1.0,0.9716153574264149,0.6992069676183736,1.0,0.0011044377866014088,0
multi,patch_occlusion,image+depth,0.25,16,1,1,0,0,1.0,1.0,1.0,0.7021220798326047,-2.139051312985629,2.139051312985629,2.1620670397543353,0.7394422344614718,CAUTION,Geometric inconsistency (calibration or depth scale error),Geometric inconsistency (calibration or depth scale error) | Distribution shift (input unlike calibration set) | Unstable tracking / temporal disagreement,44.57074400011152,6.787438999936057,1,0.9511823888611488,1.0,0.8441144527077968,1.0,1.0,0.9094201742860246,0.5361528625716776,0.5697542652634524,0.5695932327245548,0.8214285714285714,0.9698233137986508,0.31865085741382876,1.0,0.0003087831580117495,0
multi,patch_occlusion,image+depth,0.25,17,1,0,1,1,0.0,0.0,0.0,,,,,0.514409781016269,CAUTION,Geometric inconsistency (calibration or depth scale error),Geometric inconsistency (calibration or depth scale error) | Missing depth returns | Distribution shift (input unlike calibration set),44.54526500001066,6.782934000057139,1,0.9069733028161411,1.0,0.848194899335601,1.0,1.0,0.8266561090512469,0.4861380337550961,0.49703692135385974,0.39606859952278606,0.17391304347826086,0.9757204773361281,0.05090171323135996,1.0,,1
multi,patch_occlusion,image+depth,0.25,18,2,1,0,1,1.0,0.5,0.6666666666666666,0.8189477073963592,-0.35000038146972656,0.35000038146972656,0.3744929650142439,0.8497480567045094,TRUSTED,Distribution shift (input unlike calibration set),Distribution shift (input unlike calibration set) | Unstable tracking / temporal disagreement | Erratic object motion (large filter innovation),45.10313200012206,6.5515190000269286,1,0.954401550164726,1.0,0.8420317836938831,1.0,1.0,0.8863241039644382,0.5176909884916174,0.5188818221969559,0.7793623502611047,0.9166666666666666,1.0,0.9994065974176279,1.0,1.789359714673914,1
multi,patch_occlusion,image+depth,0.25,19,2,2,0,0,1.0,1.0,1.0,0.7153090126952113,-1.2431749260943867,2.136349470719047,1.2509819612581885,0.7522297976776421,TRUSTED,Geometric inconsistency (calibration or depth scale error),Geometric inconsistency (calibration or depth scale error) | Unstable tracking / temporal disagreement | Distribution shift (input unlike calibration set),45.53275399996437,6.789320000052612,2,0.951392769953983,1.0,0.8159163593332701,1.0,1.0,1.0,0.46640179020795525,0.4268978873126845,0.4561805707438593,1.0,0.981842856571731,0.5050290478706556,1.0,0.8961851700492538,0
multi,patch_occlusion,image+depth,0.25,20,3,1,0,2,1.0,0.3333333333333333,0.5,0.7912579892838609,-2.1355925435605254,2.1355925435605254,2.149970839572743,0.7398270324708929,CAUTION,Geometric inconsistency (calibration or depth scale error),Geometric inconsistency (calibration or depth scale error) | Unstable tracking / temporal disagreement | Erratic object motion (large filter innovation),42.77285300008771,6.581051000011939,1,0.9533141197471315,1.0,0.8739067358319348,1.0,1.0,1.0,0.6226033349693856,0.39171762757552037,0.2814865880948657,1.0,0.9619655592854941,0.4506759495543434,1.0,0.003767552583115119,1
multi,patch_occlusion,image+depth,0.25,21,3,2,0,1,1.0,0.6666666666666666,0.8,0.8197139279019269,-0.6067743923353106,0.8635484032008947,0.6122228773711653,0.7906689071241839,TRUSTED,Unstable tracking / temporal disagreement,Unstable tracking / temporal disagreement | Distribution shift (input unlike calibration set) | Erratic object motion (large filter innovation),44.29986100012684,6.65723200006596,2,0.9167274061408187,1.0,0.8364653838514979,1.0,1.0,0.9200376467349592,0.47769579305953325,0.260604537713211,0.7801028869669802,0.9976190476190476,0.9939846927309286,0.9476167053941386,1.0,1.53258570380833,1
multi,patch_occlusion,image+depth,0.25,22,3,3,0,0,1.0,1.0,1.0,0.8558161792725691,-1.124827467876931,2.169221587803051,1.1364706764102166,0.7798055084578234,TRUSTED,Unstable tracking / temporal disagreement,Unstable tracking / temporal disagreement | Distribution shift (input unlike calibration set) | Erratic object motion (large filter innovation),46.392768999908185,6.735447999972166,3,0.893338531582133,1.0,0.8427346137432457,1.0,1.0,1.0,0.5172113393052777,0.33057013608109936,0.5523502288679029,0.8737324178652023,0.9859611586830818,0.8156890693693153,1.0,1.0145326282667095,1
multi,patch_occlusion,image+depth,0.25,23,3,2,0,1,1.0,0.6666666666666666,0.8,0.884831299181233,-1.2409210205078125,2.1318416595458984,1.2601602480702327,0.7912002753235088,TRUSTED,Unstable tracking / temporal disagreement,Unstable tracking / temporal disagreement | Distribution shift (input unlike calibration set) | Erratic object motion (large filter innovation),45.421991000011985,6.946168000013131,2,0.9492120738252441,1.0,0.8611931875358909,1.0,1.0,1.0,0.5127152281303156,0.3804756014532932,0.4430757002294876,0.9959183673469387,0.9759097200727697,0.8058584357849596,1.0,0.898439075635828,1
multi,patch_occlusion,image+depth,0.5,0,2,2,0,0,1.0,1.0,1.0,1.0,-1.244034767150879,2.1380691528320312,1.2588873292674259,0.22758186959488824,DEGRADED,Unstable tracking / temporal disagreement,Unstable tracking / temporal disagreement | Distribution shift (input unlike calibration set) | Poor illumination (under-exposed),45.37230499988709,6.661767999958101,2,0.9505856293590424,1.0,0.6737381202886379,1.0,1.0,0.9155626010785695,0.13547482659639698,0.0,1.0,0.9952380952380953,0.9907716530492656,0.9692784097154019,1.0,0.8953253289927616,0
multi,patch_occlusion,image+depth,0.5,1,2,2,0,0,1.0,1.0,1.0,0.9761848982685465,-1.2448030969370976,2.1396058124044686,1.2557476548162199,0.7304648369879682,CAUTION,Distribution shift (input unlike calibration set),Distribution shift (input unlike calibration set) | Unstable tracking / temporal disagreement | Erratic object motion (large filter innovation),45.52999899999577,6.684359000018958,2,0.9504707541692301,1.0,0.6770156357578847,1.0,1.0,0.911235509709693,0.15742213231571756,0.6094961240310077,0.356560980663947,0.9785714285714286,0.9907593204098566,0.9601939850011313,1.0,0.894556999206543,0
multi,patch_occlusion,image+depth,0.5,2,2,1,0,1,1.0,0.5,0.6666666666666666,0.6506722332173339,-2.1021810614544414,2.1021810614544414,2.167729672676822,0.80111347076608,TRUSTED,Distribution shift (input unlike calibration set),Distribution shift (input unlike calibration set) | Unstable tracking / temporal disagreement | Erratic object motion (large filter innovation),42.50213199998143,6.487523000032525,1,0.9528952943131848,1.0,0.7781672760277474,1.0,1.0,0.8212604351531562,0.36115206109726394,0.7496436054530021,0.5954750491178243,0.7931034482758621,0.9876964961858729,0.8057131231353484,1.0,0.03717903468919914,1
multi,patch_occlusion,image+depth,0.5,3,2,0,2,2,0.0,0.0,0.0,,,,,0.5323427557502649,CAUTION,Geometric inconsistency (calibration or depth scale error),Geometric inconsistency (calibration or depth scale error) | Distribution shift (input unlike calibration set) | Unstable tracking / temporal disagreement,45.301604000087536,6.810371000028681,2,0.923243772758295,1.0,0.7278666455145595,1.0,1.0,0.8266827754957029,0.2686606440517244,0.36738759844563385,0.16911685996538806,0.48364661654135344,0.9917672952469159,0.12273276478582903,1.0,,1
multi,patch_occlusion,image+depth,0.5,4,2,2,0,0,1.0,1.0,1.0,0.7403170820502798,-1.2430559241253398,2.136111466780953,1.2789587975088859,0.6244177037558039,CAUTION,Geometric inconsistency (calibration or depth scale error),Geometric inconsistency (calibration or depth scale error) | Distribution shift (input unlike calibration set) | Unstable tracking / temporal disagreement,45.86642700007815,6.912884000030317,2,0.9517075535109638,1.0,0.7481118295635363,1.0,1.0,0.9334280568416685,0.30938963239302897,0.33579167842215485,0.11276489221117157,0.9804526748971194,0.9907814484393966,0.3498769574642404,1.0,0.8963041720183007,0
multi,patch_occlusion,image+depth,0.5,5,2,2,0,0,1.0,1.0,1.0,0.8460482249922214,-1.2441742523856778,2.138348123301629,1.2536133497854969,0.6621246942830318,CAUTION,Distribution shift (input unlike calibration set),Distribution shift (input unlike calibration set) | Unstable tracking / temporal disagreement | Geometric inconsistency (calibration or depth scale error),46.703722999950514,6.776542000011432,2,0.9521096732173524,1.0,0.7097317201845046,1.0,1.0,0.9352697200733782,0.22740018518590543,0.41117546389906207,0.16237736665456487,1.0,0.9897687782621171,0.5566010906529764,1.0,0.8951858437579627,0
multi,patch_occlusion,image+depth,0.5,6,2,2,0,0,1.0,1.0,1.0,0.8867768895310616,-1.242551720660666,2.1351030598516054,1.2511373631428855,0.6868250961139064,CAUTION,Distribution shift (input unlike calibration set),Distribution shift (input unlike calibration set) | Unstable tracking / temporal disagreement | Erratic object motion (large filter innovation),45.64231100005145,6.924161000029017,2,0.9520830081098381,1.0,0.6909707207792748,1.0,1.0,0.9222382844093393,0.18529641684836184,0.4745652708854843,0.22670868320863513,0.9717365967365967,0.9897710783673362,0.7247818506291962,1.0,0.8968083754829745,0
multi,patch_occlusion,image+depth,0.5,7,2,0,1,2,0.0,0.0,0.0,,,,,0.42415347367027795,DEGRADED,Geometric inconsistency (calibration or depth scale error),Geometric inconsistency (calibration or depth scale error) | Distribution shift (input unlike calibration set) | Missing depth returns,44.37210799994773,7.001519999903394,1,0.8621975140918555,1.0,0.7150077206959751,1.0,1.0,0.785076262908115,0.2312751319610119,0.3138088804602761,0.07884296647356223,0.1087962962962963,1.0,0.085540742681324,1.0,,1
multi,patch_occlusion,image+depth,0.5,8,2,2,0,0,1.0,1.0,1.0,0.7927346592938398,-1.290363519088082,2.2307266567064374,1.3217166404067222,0.6452942682613888,CAUTION,Distribution shift (input unlike calibration set),Distribution shift (input unlike calibration set) | Geometric inconsistency (calibration or depth scale error) | Unstable tracking / temporal disagreement,46.2883080000438,6.700212000055217,2,0.8390550899317584,1.0,0.7525668594939445,1.0,1.0,0.8613378740614768,0.3212263519653057,0.4197204289728208,0.17831540520056124,0.6770896927146928,0.9585009383790021,0.45615035466275694,1.0,0.8489965770555585,0
multi,patch_occlusion,image+depth,0.5,9,2,1,1,1,0.5,0.5,0.5,0.6716060618227909,-0.35000038146972656,0.35000038146972656,0.40354019724149814,0.5661322170391104,CAUTION,Geometric inconsistency (calibration or depth scale error),Geometric inconsistency (calibration or depth scale error) | Distribution shift (input unlike calibration set) | Unstable tracking / temporal disagreement,46.18818699998428,7.011156999965351,2,0.9436222356112264,1.0,0.7042095346129651,1.0,1.0,0.8492894005343258,0.19969071383640624,0.4089390166592114,0.17077317702379666,0.7145116927725623,0.9907851880799313,0.19210417817092906,1.0,1.789359714673914,1
multi,patch_occlusion,image+depth,0.5,10,2,0,0,2,0.0,0.0,0.0,,,,,0.0009492645823179177,DEGRADED,Geometric inconsistency (calibration or depth scale error),Geometric inconsistency (calibration or depth scale error) | Low detector confidence | Unstable tracking / temporal disagreement,41.61781500010875,6.512847000067268,0,0.0,1.0,0.712720604893671,1.0,1.0,0.777838695757705,0.21596872912598597,0.0,0.0,0.0,0.0,0.0,1.0,,1
multi,patch_occlusion,image+depth,0.5,11,2,2,0,0,1.0,1.0,1.0,0.7822960654891447,-1.2470313777094297,2.144062373949133,1.2540962015598085,0.6927804501572699,CAUTION,Geometric inconsistency (calibration or depth scale error),Geometric inconsistency (calibration or depth scale error) | Unstable tracking / temporal disagreement | Distribution shift (input unlike calibration set),46.952353999927254,6.8888829999878,2,0.9542336928689465,1.0,0.8033276721380942,1.0,1.0,0.9733984415521724,0.45655967286905874,0.36791509848073395,0.16094225623832253,1.0,0.9887616849505597,0.4683530560008613,1.0,0.8923287184342108,0
multi,patch_occlusion,image+depth,0.5,12,2,2,0,0,1.0,1.0,1.0,0.8677060299330015,-1.2438257466191835,2.1376511117686405,1.2501630806488373,0.6434641708897729,CAUTION,Distribution shift (input unlike calibration set),Distribution shift (input unlike calibration set) | Unstable tracking / temporal disagreement | Erratic object motion (large filter innovation),45.9172649999573,6.646355000043513,2,0.9542635792740755,1.0,0.6667529729233574,1.0,1.0,0.9413625245202817,0.13443087993463365,0.40047826360771643,0.18749966289305833,1.0,0.9877491702044789,0.6557399629060622,1.0,0.895534349524457,0
multi,patch_occlusion,image+depth,0.5,13,2,2,0,0,1.0,1.0,1.0,0.7888573644295187,-1.2432169706925116,2.1364335599152966,1.255699959363193,0.7427611969975614,CAUTION,Unstable tracking / temporal disagreement,Unstable tracking / temporal disagreement | Distribution shift (input unlike calibration set) | Erratic object motion (large filter innovation),45.97111299995049,6.779256999948302,2,0.9540330796856911,1.0,0.8008506118282372,1.0,1.0,0.9553256610217782,0.4376482138095009,0.4051558028373601,0.21137223367220145,0.9701557093425606,0.9867747141626393,0.7647482968439111,1.0,0.896143125451129,0
multi,patch_occlusion,image+depth,0.5,14,1,1,0,0,1.0,1.0,1.0,0.8748203457332913,-2.1379129990287424,2.1379129990287424,2.1499765769122696,0.7427977234175163,CAUTION,Distribution shift (input unlike calibration set),Distribution shift (input unlike calibration set) | Unstable tracking / temporal disagreement | Erratic object motion (large filter innovation),44.01999100014109,6.918482000060067,1,0.9537015839319211,1.0,0.7319513367123647,1.0,1.0,0.90867324352979,0.28138314195094793,0.4600157381660033,0.45067642297818966,1.0,0.9726738545502717,0.7339078332628337,1.0,0.0014470971148980993,0
multi,patch_occlusion,image+depth,0.5,15,1,0,0,1,0.0,0.0,0.0,,,,,0.000927988409932401,DEGRADED,Geometric inconsistency (calibration or depth scale error),Geometric inconsistency (calibration or depth scale error) | Low detector confidence | Unstable tracking / temporal disagreement,41.81999200000064,6.419112999992649,0,0.0,1.0,0.693061878933191,1.0,1.0,0.7709337507196851,0.17303749881111086,0.0,0.0,0.0,0.0,0.0,1.0,,1
multi,patch_occlusion,image+depth,0.5,16,1,0,0,1,0.0,0.0,0.0,,,,,0.0032950096176749227,DEGRADED,Geometric inconsistency (calibration or depth scale error),Geometric inconsistency (calibration or depth scale error) | Unstable tracking / temporal disagreement | Missing depth returns,43.17614000001413,6.633523999994395,0,0.8321953153008128,1.0,0.7187447108678502,1.0,1.0,0.778705742322486,0.22704635276635743,0.0,0.0,0.0,0.0,0.0,1.0,,1
multi,patch_occlusion,image+depth,0.5,17,1,1,0,0,1.0,1.0,1.0,0.8653050848727751,-2.1415635813837497,2.1415635813837497,2.154005747730124,0.7375563749868337,CAUTION,Distribution shift (input unlike calibration set),Distribution shift (input unlike calibration set) | Unstable tracking / temporal disagreement | Geometric inconsistency (calibration or depth scale error),46.15675399998054,7.136774999935369,1,0.9015681508022992,1.0,0.7450228437451751,1.0,1.0,0.9571635470631141,0.32088879015684535,0.4122421262219331,0.43515046496401477,0.9534739454094293,0.9698539763760174,0.7174070643423469,1.0,-0.00220348524010916,0
multi,patch_occlusion,image+depth,0.5,18,2,1,0,1,1.0,0.5,0.6666666666666666,0.7808421801423528,-2.1595234663590137,2.1595234663590137,2.161063390851529,0.7589160182234427,TRUSTED,Distribution shift (input unlike calibration set),Distribution shift (input unlike calibration set) | Unstable tracking / temporal disagreement | Erratic object motion (large filter innovation),44.212063000031776,7.073343999991266,1,0.9516141348928949,1.0,0.7721941048935825,1.0,1.0,0.9444648779684494,0.3853459838513972,0.4015025475138903,0.4254945055441958,0.9322033898305084,0.971892279566866,0.7879506061671722,1.0,-0.020163370215373178,1
multi,patch_occlusion,image+depth,0.5,19,2,2,0,0,1.0,1.0,1.0,0.877445048791937,-1.2418311989825703,2.133662016495414,1.2487753183315708,0.6753564555442191,CAUTION,Distribution shift (input unlike calibration set),Distribution shift (input unlike calibration set) | Unstable tracking / temporal disagreement | Erratic object motion (large filter innovation),47.20029199995679,6.835820999981479,2,0.9401982278518886,1.0,0.6809277144423087,1.0,1.0,1.0,0.17102254580254905,0.34906908272685194,0.2284996496815681,0.9446532863632149,0.9848333849858704,0.855984592780887,1.0,0.8975288971610702,0
multi,patch_occlusion,image+depth,0.5,20,3,2,0,1,1.0,0.6666666666666666,0.8,0.7328271142327677,-1.272288363912831,2.1945763463559356,1.2795632928796745,0.6823441092509616,CAUTION,Distribution shift (input unlike calibration set),Distribution shift (input unlike calibration set) | Unstable tracking / temporal disagreement | Erratic object motion (large filter innovation),46.64287000002787,6.631394000010005,2,0.9514036535725232,1.0,0.6917099833878142,1.0,1.0,0.9881126988737545,0.2048020829691467,0.35505308523270285,0.23337366831778208,0.8332417582417583,0.9909172862829302,0.8429213376974449,1.0,0.8670717322308095,1
multi,patch_occlusion,image+depth,0.5,21,3,0,1,3,0.0,0.0,0.0,,,,,0.6807270096855017,CAUTION,Distribution shift (input unlike calibration set),Distribution shift (input unlike calibration set) | Unstable tracking / temporal disagreement | Erratic object motion (large filter innovation),44.64307100010956,7.107257000029676,1,0.9509189158909515,1.0,0.7164625470638806,1.0,1.0,0.8850309555923807,0.2571263607832033,0.40321108643396153,0.26017529788508764,0.627906976744186,0.9857842449023551,0.7272898104818827,1.0,,1
multi,patch_occlusion,image+depth,0.5,22,3,1,0,2,1.0,0.3333333333333333,0.5,0.6620905611214778,-2.122173019077465,2.122173019077465,2.155696701732706,0.6859058247191945,CAUTION,Distribution shift (input unlike calibration set),Distribution shift (input unlike calibration set) | Unstable tracking / temporal disagreement | Erratic object motion (large filter innovation),45.20240199985892,7.016398999894591,1,0.9519697520442533,1.0,0.7065458166844496,1.0,1.0,1.0,0.2012238808544593,0.4352692476803457,0.2037278269267037,1.0,0.9659552261256774,0.7149635380256752,1.0,0.017187077066175505,1
multi,patch_occlusion,image+depth,0.5,23,3,2,0,1,1.0,0.6666666666666666,0.8,0.8149332736532368,-1.2368595600128174,2.123718738555908,1.261299781530715,0.612682044459764,CAUTION,Distribution shift (input unlike calibration set),Distribution shift (input unlike calibration set) | Unstable tracking / temporal disagreement | Erratic object motion (large filter innovation),47.64055200007533,6.872474000033435,2,0.949192871644883,1.0,0.6394504838190802,1.0,1.0,1.0,0.08142076469304704,0.3737161605108073,0.18006147785680038,0.9818338603046852,0.9788719674203653,0.7009790126998949,1.0,0.9025005361308231,1
multi,patch_occlusion,image+depth,0.75,0,2,1,0,1,1.0,0.5,0.6666666666666666,0.6551724137931034,-0.35000038146972656,0.35000038146972656,0.3503146637909712,0.23989218669223888,DEGRADED,Unstable tracking / temporal disagreement,Unstable tracking / temporal disagreement | Distribution shift (input unlike calibration set) | Poor illumination (under-exposed),44.34936999996353,6.898007000017969,1,0.9548872644504404,1.0,0.7093115077543872,1.0,1.0,0.8551569052823503,0.22942317766598264,0.0,1.0,1.0,1.0,0.9994065974176279,1.0,1.789359714673914,1
multi,patch_occlusion,image+depth,0.75,1,2,1,1,1,0.5,0.5,0.5,0.884057971014493,-0.35000038146972656,0.35000038146972656,0.36014597709363766,0.44367230478091696,DEGRADED,Unstable tracking / temporal disagreement,Unstable tracking / temporal disagreement | Distribution shift (input unlike calibration set) | Geometric inconsistency (calibration or depth scale error),46.48641799997222,7.02520300001197,2,0.9411876325654461,1.0,0.6381339596903799,1.0,1.0,0.8862737537958623,0.07444838269133236,0.06976744186046512,0.0820849986238988,0.9974285714285714,0.9907593204098566,0.24716898350249858,1.0,1.789359714673914,1
multi,patch_occlusion,image+depth,0.75,2,2,0,0,2,0.0,0.0,0.0,,,,,0.00030438382340256193,DEGRADED,Geometric inconsistency (calibration or depth scale error),Geometric inconsistency (calibration or depth scale error) | Low detector confidence | Distribution shift (input unlike calibration set),41.789055999970515,6.33881199996722,0,0.0,1.0,0.5569565584177518,1.0,1.0,0.7384146700166383,0.0,0.0,0.0,0.0,0.0,0.0,1.0,,1
multi,patch_occlusion,image+depth,0.75,3,2,0,0,2,0.0,0.0,0.0,,,,,0.0010584209753280824,DEGRADED,Geometric inconsistency (calibration or depth scale error),Geometric inconsistency (calibration or depth scale error) | Distribution shift (input unlike calibration set) | Unstable tracking / temporal disagreement,44.02121199996145,6.77920299995094,0,0.8220463373678534,1.0,0.600847888229153,1.0,1.0,0.7742682997626056,0.0,0.0,0.0,0.0,0.0,0.0,1.0,,1
multi,patch_occlusion,image+depth,0.75,4,2,0,0,2,0.0,0.0,0.0,,,,,0.0009314799087965272,DEGRADED,Geometric inconsistency (calibration or depth scale error),Geometric inconsistency (calibration or depth scale error) | Low detector confidence | Unstable tracking / temporal disagreement,40.79272600006334,6.1953890000268075,0,0.0,1.0,0.6914701651827473,1.0,1.0,0.7831888139850887,0.17896568585956774,0.0,0.0,0.0,0.0,0.0,1.0,,1
multi,patch_occlusion,image+depth,0.75,5,2,1,0,1,1.0,0.5,0.6666666666666666,0.986647646219685,-0.35000038146972656,0.35000038146972656,0.35522431922467135,0.20372716365936416,DEGRADED,Distribution shift (input unlike calibration set),Distribution shift (input unlike calibration set) | Unstable tracking / temporal disagreement | Erratic object motion (large filter innovation),45.385030000261395,6.914300000062212,1,0.9508263497531921,1.0,0.5640485274613951,1.0,1.0,0.8989403023322659,0.0,0.1237110669605376,0.1836147889437248,0.9934065934065934,1.0,0.9994065974176279,1.0,1.789359714673914,1
multi,patch_occlusion,image+depth,0.75,6,2,2,0,0,1.0,1.0,1.0,0.918089252414208,-1.2401351099428926,2.1302698384160585,1.2518366012001645,0.6683829219440562,CAUTION,Distribution shift (input unlike calibration set),Distribution shift (input unlike calibration set) | Unstable tracking / temporal disagreement | Erratic object motion (large filter innovation),45.68437400007497,6.71114099998249,2,0.9520830081098381,1.0,0.6501754510695699,1.0,1.0,0.9172580976498703,0.11444268358864385,0.30769621778452294,0.38742452089525514,0.9973214285714286,0.9907507760567456,0.9499164277531681,1.0,0.899224986200748,0
multi,patch_occlusion,image+depth,0.75,7,2,2,0,0,1.0,1.0,1.0,0.8906843946182752,-1.226747098176375,2.1034938148830236,1.2678219697634174,0.6705473229322708,CAUTION,Distribution shift (input unlike calibration set),Distribution shift (input unlike calibration set) | Unstable tracking / temporal disagreement | Erratic object motion (large filter innovation),45.74285399996825,6.773166000016317,2,0.9524112277486233,1.0,0.6483513471115612,1.0,1.0,0.8818851075854849,0.09162637259261774,0.39160399621586395,0.46555590292043864,0.9652116402116402,0.9927957373030514,0.9161625502565435,1.0,0.9126129979672655,0
multi,patch_occlusion,image+depth,0.75,8,2,0,0,2,0.0,0.0,0.0,,,,,0.0008507653123064374,DEGRADED,Geometric inconsistency (calibration or depth scale error),Geometric inconsistency (calibration or depth scale error) | Low detector confidence | Unstable tracking / temporal disagreement,41.1939559998018,6.334278999929666,0,0.0,1.0,0.644673780919703,1.0,1.0,0.7647811191135313,0.07084565462498082,0.0,0.0,0.0,0.0,0.0,1.0,,1
multi,patch_occlusion,image+depth,0.75,9,2,0,0,2,0.0,0.0,0.0,,,,,0.0003044863138903692,DEGRADED,Geometric inconsistency (calibration or depth scale error),Geometric inconsistency (calibration or depth scale error) | Low detector confidence | Distribution shift (input unlike calibration set),41.90899499997158,6.352135000042836,0,0.0,1.0,0.5590374588608318,1.0,1.0,0.739301112552338,0.0,0.0,0.0,0.0,0.0,0.0,1.0,,1
multi,patch_occlusion,image+depth,0.75,10,2,2,0,0,1.0,1.0,1.0,0.8903182532159778,-1.2406964509383496,2.1313925204069726,1.2504777397560376,0.6634272300348838,CAUTION,Distribution shift (input unlike calibration set),Distribution shift (input unlike calibration set) | Unstable tracking / temporal disagreement | Erratic object motion (large filter innovation),45.33179999998538,6.786049999959687,2,0.9521057493409935,1.0,0.6539838915031313,1.0,1.0,0.9387238491315563,0.10775311973040536,0.3068575359704355,0.38035309789259136,0.999025974025974,0.9897433844841746,0.9287994721095462,1.0,0.898663645205291,0
multi,patch_occlusion,image+depth,0.75,11,2,2,0,0,1.0,1.0,1.0,0.7020684734876357,-1.2440292109613829,2.138058040453039,1.31739951126462,0.5367412286877314,CAUTION,Distribution shift (input unlike calibration set),Distribution shift (input unlike calibration set) | Geometric inconsistency (calibration or depth scale error) | Unstable tracking / temporal disagreement,46.559284999943884,6.836862999989535,2,0.9486560280542009,1.0,0.621430161879057,1.0,1.0,0.8718058978981452,0.0387137234110323,0.3388467500756896,0.36116451607145417,0.7771687771687772,0.9877706328734015,0.3763508813649577,1.0,0.8953308851822577,0
multi,patch_occlusion,image+depth,0.75,12,2,0,0,2,0.0,0.0,0.0,,,,,0.000945443714879537,DEGRADED,Geometric inconsistency (calibration or depth scale error),Geometric inconsistency (calibration or depth scale error) | Low detector confidence | Unstable tracking / temporal disagreement,40.90417800000523,6.33590200004619,0,0.0,1.0,0.7019079165298234,1.0,1.0,0.7821974584543566,0.2084387773984795,0.0,0.0,0.0,0.0,0.0,1.0,,1
multi,patch_occlusion,image+depth,0.75,13,2,2,0,0,1.0,1.0,1.0,0.7727107300389187,-1.2441353590592108,2.138270336648695,1.2603445092467163,0.6523979122742348,CAUTION,Distribution shift (input unlike calibration set),Distribution shift (input unlike calibration set) | Unstable tracking / temporal disagreement | Geometric inconsistency (calibration or depth scale error),46.07239500001015,7.103343000039786,2,0.9540330796856911,1.0,0.6670430185401051,1.0,1.0,0.9259126263342777,0.14742450417857444,0.3363086508629677,0.33219360809273013,0.96875,0.9872470068910537,0.6167809786178017,1.0,0.8952247370844297,0
multi,patch_occlusion,image+depth,0.75,14,1,1,0,0,1.0,1.0,1.0,0.8733174125459736,-2.1379129990287424,2.1379129990287424,2.1487976391968293,0.5335378966667741,CAUTION,Distribution shift (input unlike calibration set),Distribution shift (input unlike calibration set) | Unstable tracking / temporal disagreement | Erratic object motion (large filter innovation),44.36671100006606,6.884584000090399,1,0.9537015839319211,1.0,0.6104664375660009,1.0,1.0,0.870016026045248,0.011425617527103804,0.37048834192574626,0.42197323356652866,1.0,0.9726738545502717,0.7285632905821036,1.0,0.0014470971148980993,0
multi,patch_occlusion,image+depth,0.75,15,1,0,0,1,0.0,0.0,0.0,,,,,0.00030433024822102187,DEGRADED,Geometric inconsistency (calibration or depth scale error),Geometric inconsistency (calibration or depth scale error) | Low detector confidence | Distribution shift (input unlike calibration set),41.07464300000174,6.286475999900176,0,0.0,1.0,0.5574248759745488,1.0,1.0,0.7352111356069655,0.0,0.0,0.0,0.0,0.0,0.0,1.0,,1
multi,patch_occlusion,image+depth,0.75,16,1,1,0,0,1.0,1.0,1.0,0.8635789778955332,-2.0912016578342616,2.0912016578342616,2.102183633907368,0.2156416632714788,DEGRADED,Distribution shift (input unlike calibration set),Distribution shift (input unlike calibration set) | Unstable tracking / temporal disagreement | Missing depth returns,45.19337599992923,6.7857740000363265,1,0.8680407296817538,1.0,0.5612106787014375,1.0,1.0,0.8111109693435564,0.0,0.4000882936896539,0.46128387577852686,0.4852992044275337,0.9856937371552587,0.7405031936731625,1.0,0.04815843830937894,0
multi,patch_occlusion,image+depth,0.75,17,1,1,0,0,1.0,1.0,1.0,0.8889776583566089,-2.1475888957148044,2.1475888957148044,2.159797219713467,0.22210067339045628,DEGRADED,Distribution shift (input unlike calibration set),Distribution shift (input unlike calibration set) | Unstable tracking / temporal disagreement | Poor illumination (under-exposed),44.80110400004378,6.744217000004937,1,0.824826798151009,1.0,0.5298302189685236,1.0,1.0,0.8466507412273019,0.0,0.43587733228847664,0.4944390866400058,0.660377358490566,0.965695035511,0.7647394744250589,1.0,-0.008228799571163847,0
multi,patch_occlusion,image+depth,0.75,18,2,1,0,1,1.0,0.5,0.6666666666666666,0.8907674139655903,-2.136750677357549,2.136750677357549,2.149453640260627,0.23710503256799018,DEGRADED,Distribution shift (input unlike calibration set),Distribution shift (input unlike calibration set) | Unstable tracking / temporal disagreement | Poor illumination (under-exposed),46.001620999959414,6.917756000007103,1,0.9508855634643234,1.0,0.5840018973227905,1.0,1.0,0.9413551917741892,0.0,0.4420669569891092,0.5222523303200458,1.0,0.9659381890024918,0.8014642147944475,1.0,0.0026094187860916662,1
multi,patch_occlusion,image+depth,0.75,19,2,2,0,0,1.0,1.0,1.0,0.8922708378473749,-1.239142314247463,2.1282842470251992,1.248477988026016,0.2203124955329154,DEGRADED,Distribution shift (input unlike calibration set),Distribution shift (input unlike calibration set) | Unstable tracking / temporal disagreement | Poor illumination (under-exposed),47.561539999946945,7.2581009999339585,2,0.8746887736509763,1.0,0.49436329946697066,1.0,1.0,0.9697440052393895,0.0,0.309839812850893,0.39781422486782536,0.8484471620858999,0.9837207331081346,0.8194122277588596,1.0,0.9002177818961776,0
multi,patch_occlusion,image+depth,0.75,20,3,3,0,0,1.0,1.0,1.0,0.8532703758382048,-1.1173665627189298,2.1368533010068145,1.1248216906776642,0.23209378174962897,DEGRADED,Distribution shift (input unlike calibration set),Distribution shift (input unlike calibration set) | Unstable tracking / temporal disagreement | Poor illumination (under-exposed),48.129389999985506,7.045231999995849,3,0.9290763941455884,1.0,0.5592100713742132,1.0,1.0,1.0,0.0,0.31965024663383307,0.541927417937785,0.9915365877202446,0.9845588801620894,0.8568850404981664,1.0,1.0219935334247108,1
multi,patch_occlusion,image+depth,0.75,21,3,3,0,0,1.0,1.0,1.0,0.876858037615146,-1.1152590184971902,2.1354192650836445,1.1241250121869506,0.23551524139570199,DEGRADED,Distribution shift (input unlike calibration set),Distribution shift (input unlike calibration set) | Unstable tracking / temporal disagreement | Poor illumination (under-exposed),48.80103799996505,7.1888830000261805,3,0.9279348149322084,1.0,0.48611362395550417,1.0,1.0,1.0,0.0,0.3928085296282135,0.5765622117102985,0.9978835978835979,0.983140478500937,0.8764229807920069,1.0,1.0241010776464503,1
multi,patch_occlusion,image+depth,0.75,22,3,1,0,2,1.0,0.3333333333333333,0.5,0.864426522334346,-2.143013663913891,2.143013663913891,2.15952917938782,0.24272007798996936,DEGRADED,Distribution shift (input unlike calibration set),Distribution shift (input unlike calibration set) | Unstable tracking / temporal disagreement | Poor illumination (under-exposed),44.16800499996043,6.683940999892002,1,0.9118595533664784,1.0,0.5971777500347966,1.0,1.0,1.0,0.0,0.6281717094194952,0.6071395295026971,0.901685393258427,0.9599763935339869,0.7320486545877373,1.0,-0.0036535677702502767,1
multi,patch_occlusion,image+depth,0.75,23,3,2,0,1,1.0,0.6666666666666666,0.8,0.8861187908633843,-0.5999777317047119,0.8499550819396973,0.6109393364284242,0.6236758418239021,CAUTION,Distribution shift (input unlike calibration set),Distribution shift (input unlike calibration set) | Unstable tracking / temporal disagreement | Poor illumination (under-exposed),45.96094299995457,6.871743999909086,2,0.9209255377263948,1.0,0.630147447518987,1.0,1.0,0.8787776784354803,0.050049806205979874,0.2777195204796,0.5971555505432263,0.9959183673469387,0.9929814662925025,0.9434257496711174,1.0,1.5393823644389286,1
multi,patch_occlusion,image+depth,1.0,0,2,2,0,0,1.0,1.0,1.0,0.8275862068965517,-1.244034767150879,2.1380691528320312,1.2679183610485274,0.06978019148060861,DEGRADED,Distribution shift (input unlike calibration set),Distribution shift (input unlike calibration set) | Unstable tracking / temporal disagreement | Geometric inconsistency (calibration or depth scale error),46.34635499996875,6.574180000029628,2,0.9504237245971376,1.0,0.5320929284933209,1.0,1.0,0.878004103869516,0.0,0.0,1.0,0.9952380952380953,0.9907716530492656,0.4307977306246538,1.0,0.8953253289927616,0
multi,patch_occlusion,image+depth,1.0,1,2,1,0,1,1.0,0.5,0.6666666666666666,0.9635499207606966,-0.35000038146972656,0.35000038146972656,0.361181380274551,0.6592922269194798,CAUTION,Distribution shift (input unlike calibration set),Distribution shift (input unlike calibration set) | Unstable tracking / temporal disagreement | Erratic object motion (large filter innovation),44.736126000088916,6.822670000019571,1,0.9476903364085282,1.0,0.6869861306906642,1.0,1.0,0.8785028893825276,0.166349345447785,0.3023255813953488,0.15335496684492847,0.9571428571428572,1.0,0.9994065974176279,1.0,1.789359714673914,1
multi,patch_occlusion,image+depth,1.0,2,2,0,1,2,0.0,0.0,0.0,,,,,0.13199230182260085,DEGRADED,Geometric inconsistency (calibration or depth scale error),Geometric inconsistency (calibration or depth scale error) | Distribution shift (input unlike calibration set) | Unstable tracking / temporal disagreement,45.39587900001152,7.123062999994545,1,0.8840646160938739,1.0,0.5123266734261445,1.0,1.0,0.7401179973964745,0.0,0.18936454402938235,0.05425860251111201,0.17422867513611615,1.0,0.096134832949371,1.0,,1
multi,patch_occlusion,image+depth,1.0,3,2,0,0,2,0.0,0.0,0.0,,,,,0.0010478520666850624,DEGRADED,Geometric inconsistency (calibration or depth scale error),Geometric inconsistency (calibration or depth scale error) | Distribution shift (input unlike calibration set) | Unstable tracking / temporal disagreement,47.40010800003347,6.834502000060638,0,0.9123892222373144,1.0,0.441174592782144,1.0,1.0,0.8173071406181613,0.0,0.0,0.0,0.0,0.0,0.0,1.0,,1
multi,patch_occlusion,image+depth,1.0,4,2,1,0,1,1.0,0.5,0.6666666666666666,0.643113236411543,-2.1773216413415,2.1773216413415,2.178408965993873,0.21285006246986488,DEGRADED,Distribution shift (input unlike calibration set),Distribution shift (input unlike calibration set) | Unstable tracking / temporal disagreement | Poor illumination (under-exposed),46.46866100006264,6.845099999964077,1,0.9530112363421702,1.0,0.46782589410540654,1.0,1.0,0.846811388800543,0.0,0.2541443305582084,0.4095325984276105,0.7931034482758621,0.9877408496329878,0.7489485293089405,1.0,-0.037961545197859436,1
multi,patch_occlusion,image+depth,1.0,5,2,0,0,2,0.0,0.0,0.0,,,,,0.0003042031052248602,DEGRADED,Geometric inconsistency (calibration or depth scale error),Geometric inconsistency (calibration or depth scale error) | Low detector confidence | Distribution shift (input unlike calibration set),42.32965399978639,6.623432999958823,0,0.0,1.0,0.5506795468143353,1.0,1.0,0.7415404703747113,0.0,0.0,0.0,0.0,0.0,0.0,1.0,,1
multi,patch_occlusion,image+depth,1.0,6,2,2,0,0,1.0,1.0,1.0,0.8740599491006883,-1.2461728220400605,2.1423452626103945,1.2521861317445602,0.20978046582733165,DEGRADED,Distribution shift (input unlike calibration set),Distribution shift (input unlike calibration set) | Unstable tracking / temporal disagreement | Erratic object motion (large filter innovation),47.23489699995298,6.893742999977803,2,0.9520830081098381,1.0,0.48659184550897083,1.0,1.0,0.8759115258690506,0.0,0.23311241718495446,0.20903008201494463,0.9797014925373134,0.9907748055095773,0.8193872121384076,1.0,0.89318727410358,0
multi,patch_occlusion,image+depth,1.0,7,2,0,0,2,0.0,0.0,0.0,,,,,0.00030516788198428835,DEGRADED,Geometric inconsistency (calibration or depth scale error),Geometric inconsistency (calibration or depth scale error) | Low detector confidence | Distribution shift (input unlike calibration set),42.3252160002221,6.393241000068883,0,0.0,1.0,0.5716123512035036,1.0,1.0,0.7477268192236013,0.0,0.0,0.0,0.0,0.0,0.0,1.0,,1
multi,patch_occlusion,image+depth,1.0,8,2,2,0,0,1.0,1.0,1.0,0.8976157921600147,-5.625330655471139,10.90066092947255,5.658591142951564,0.19656386403864815,DEGRADED,Distribution shift (input unlike calibration set),Distribution shift (input unlike calibration set) | Geometric inconsistency (calibration or depth scale error) | Unstable tracking / temporal disagreement,46.09870799993132,6.722810999917783,2,0.9384830621347897,1.0,0.5192099511113966,1.0,1.0,0.8563853886735231,0.0,0.2828633252579983,0.29676990097251466,0.9891304347826086,0.9300201704750315,0.3274743809733469,1.0,-3.485970559327498,1
multi,patch_occlusion,image+depth,1.0,9,2,2,0,0,1.0,1.0,1.0,0.8897369433403477,-1.264844770016877,2.1796891585640275,1.2650551971902508,0.22831707599275208,DEGRADED,Distribution shift (input unlike calibration set),Distribution shift (input unlike calibration set) | Unstable tracking / temporal disagreement | Erratic object motion (large filter innovation),47.09993999995277,6.903523000005407,2,0.9535653553232366,1.0,0.5525054193431778,1.0,1.0,0.871616736793486,0.0,0.34923889608405645,0.34735404825271227,0.9776307498424701,0.9908176603482554,0.9084938658771773,1.0,0.8745153261267635,0
multi,patch_occlusion,image+depth,1.0,10,2,0,1,2,0.0,0.0,0.0,,,,,0.1718545260558699,DEGRADED,Distribution shift (input unlike calibration set),Distribution shift (input unlike calibration set) | Geometric inconsistency (calibration or depth scale error) | Unstable tracking / temporal disagreement,44.57644000012806,6.65966600001866,1,0.9277325773635123,1.0,0.5059449624293657,1.0,1.0,0.751209196181947,0.0,0.3702438095616098,0.19852544741327657,0.44242424242424244,1.0,0.16683996390512837,1.0,,1
multi,patch_occlusion,image+depth,1.0,11,2,0,0,2,0.0,0.0,0.0,,,,,0.0003023353948356809,DEGRADED,Geometric inconsistency (calibration or depth scale error),Geometric inconsistency (calibration or depth scale error) | Low detector confidence | Distribution shift (input unlike calibration set),41.66915600001175,6.332713999995576,0,0.0,1.0,0.5104067129289425,1.0,1.0,0.7329534268163505,0.0,0.0,0.0,0.0,0.0,0.0,1.0,,1
multi,patch_occlusion,image+depth,1.0,12,2,1,0,1,1.0,0.5,0.6666666666666666,0.8303544860264545,-2.1395718118418827,2.1395718118418827,2.149752677759471,0.21955311766278998,DEGRADED,Distribution shift (input unlike calibration set),Distribution shift (input unlike calibration set) | Unstable tracking / temporal disagreement | Poor illumination (under-exposed),43.63256999999976,6.660859000021446,1,0.9536167648460098,1.0,0.5013760365372586,1.0,1.0,0.8364699783342714,0.0,0.2798868176317583,0.39859070250347806,1.0,0.9757061747269089,0.7720977691555309,1.0,-0.0002117156982421875,1
multi,patch_occlusion,image+depth,1.0,13,2,1,0,1,1.0,0.5,0.6666666666666666,0.7018509484359386,-0.35000038146972656,0.35000038146972656,0.3741106940674993,0.19526049558831918,DEGRADED,Distribution shift (input unlike calibration set),Distribution shift (input unlike calibration set) | Unstable tracking / temporal disagreement | Geometric inconsistency (calibration or depth scale error),44.01471300002413,6.867499999998472,1,0.954260544271374,1.0,0.49291802338156754,1.0,1.0,0.7649263500346029,0.0,0.27449534045750285,0.12000223373994416,0.9375,1.0,0.5299421588889438,1.0,1.789359714673914,1
multi,patch_occlusion,image+depth,1.0,14,1,0,1,1,0.0,0.0,0.0,,,,,0.16316646375110946,DEGRADED,Geometric inconsistency (calibration or depth scale error),Geometric inconsistency (calibration or depth scale error) | Distribution shift (input unlike calibration set) | Unstable tracking / temporal disagreement,43.7225049998915,6.822873999908552,1,0.9530916108017071,1.0,0.5527551415449139,1.0,1.0,0.7726215654937065,0.0,0.29580765326560726,0.3306818549913543,0.52,0.9736060494886923,0.08048130754881294,1.0,,1
multi,patch_occlusion,image+depth,1.0,15,1,0,0,1,0.0,0.0,0.0,,,,,0.0003038674136768442,DEGRADED,Geometric inconsistency (calibration or depth scale error),Geometric inconsistency (calibration or depth scale error) | Low detector confidence | Distribution shift (input unlike calibration set),40.91914699995414,6.247264999956315,0,0.0,1.0,0.542215874231976,1.0,1.0,0.7418442511458233,0.0,0.0,0.0,0.0,0.0,0.0,1.0,,1
multi,patch_occlusion,image+depth,1.0,16,1,1,0,0,1.0,1.0,1.0,0.7250339396938236,-2.115163201871127,2.115163201871127,2.1289703290376405,0.18338552681054177,DEGRADED,Distribution shift (input unlike calibration set),Distribution shift (input unlike calibration set) | Geometric inconsistency (calibration or depth scale error) | Unstable tracking / temporal disagreement,45.32767000000604,6.978580999998485,1,0.9072082559981272,1.0,0.35914827750927913,1.0,1.0,0.7963632572493212,0.0,0.22745338101064808,0.2603802688189519,0.7457627118644068,0.9776819410893959,0.35340486642906455,1.0,0.024196894272513703,0
multi,patch_occlusion,image+depth,1.0,17,1,0,0,1,0.0,0.0,0.0,,,,,0.00029974856211418486,DEGRADED,Geometric inconsistency (calibration or depth scale error),Geometric inconsistency (calibration or depth scale error) | Low detector confidence | Distribution shift (input unlike calibration set),42.35506500003794,6.8058120000387134,0,0.0,1.0,0.4601280126940941,1.0,1.0,0.7189666683223938,0.0,0.0,0.0,0.0,0.0,0.0,1.0,,1
multi,patch_occlusion,image+depth,1.0,18,2,0,1,2,0.0,0.0,0.0,,,,,0.14595014084655122,DEGRADED,Geometric inconsistency (calibration or depth scale error),Geometric inconsistency (calibration or depth scale error) | Distribution shift (input unlike calibration set) | Unstable tracking / temporal disagreement,44.068282000012005,6.895712999948955,1,0.9475665158452758,1.0,0.4284369919227602,1.0,1.0,0.7507504468420173,0.0,0.1968359746618861,0.21947452036080708,0.557396449704142,0.9676992095817571,0.05780677181194163,1.0,,1
multi,patch_occlusion,image+depth,1.0,19,2,0,0,2,0.0,0.0,0.0,,,,,0.0003007045734890309,DEGRADED,Geometric inconsistency (calibration or depth scale error),Geometric inconsistency (calibration or depth scale error) | Low detector confidence | Distribution shift (input unlike calibration set),42.82178699986616,6.689276999964022,0,0.0,1.0,0.478831356690141,1.0,1.0,0.7227539979359958,0.0,0.0,0.0,0.0,0.0,0.0,1.0,,1
multi,patch_occlusion,image+depth,1.0,20,3,1,0,2,1.0,0.3333333333333333,0.5,0.8850607570836314,-0.35000038146972656,0.35000038146972656,0.3598521336977871,0.19689773897732388,DEGRADED,Distribution shift (input unlike calibration set),Distribution shift (input unlike calibration set) | Unstable tracking / temporal disagreement | Erratic object motion (large filter innovation),45.632158999978856,6.590869999968163,1,0.9492208778798572,1.0,0.5858970978283189,1.0,1.0,0.8522056411473465,0.0,0.12901103609350836,0.11961504880497376,0.997737556561086,1.0,0.8746238940805493,1.0,1.789359714673914,1
multi,patch_occlusion,image+depth,1.0,21,3,0,1,3,0.0,0.0,0.0,,,,,0.11553836250734904,DEGRADED,Geometric inconsistency (calibration or depth scale error),Geometric inconsistency (calibration or depth scale error) | Distribution shift (input unlike calibration set) | Unstable tracking / temporal disagreement,45.107605999987754,6.997425000008661,1,0.942471390342907,1.0,0.4321294141096228,1.0,1.0,0.7404049899559665,0.0,0.08844630904575009,0.11609264907419126,0.5333333333333333,0.9598871109263822,0.018931055377274332,1.0,,1
multi,patch_occlusion,image+depth,1.0,22,3,1,0,2,1.0,0.3333333333333333,0.5,0.9565248210453545,-0.35000038146972656,0.35000038146972656,0.36353960147583053,0.5598182379574884,CAUTION,Distribution shift (input unlike calibration set),Distribution shift (input unlike calibration set) | Unstable tracking / temporal disagreement | Erratic object motion (large filter innovation),48.37763999989875,7.111444999964078,1,0.9371966014644253,1.0,0.6440123354278517,1.0,1.0,0.8890901071976323,0.08686023012101429,0.10770619067352012,0.15254701922633995,0.9587301587301588,1.0,0.9508656003724099,1.0,1.789359714673914,1
multi,patch_occlusion,image+depth,1.0,23,3,1,0,2,1.0,0.3333333333333333,0.5,0.9469080667303342,-0.35000038146972656,0.35000038146972656,0.36684032220443685,0.1971827854481836,DEGRADED,Distribution shift (input unlike calibration set),Distribution shift (input unlike calibration set) | Unstable tracking / temporal disagreement | Erratic object motion (large filter innovation),46.994044000030044,7.447470999977668,1,0.8227992958063328,1.0,0.4955758316306418,1.0,1.0,0.7927299049386196,0.0,0.18191932334083213,0.18660163995561685,0.6010204081632653,1.0,0.9756677458945092,1.0,1.789359714673914,1
multi,depth_degradation,depth,0.25,0,2,2,0,0,1.0,1.0,1.0,1.0,-1.18117356300354,2.094754219055176,1.193589286879569,0.2709291324796017,DEGRADED,Unstable tracking / temporal disagreement,Unstable tracking / temporal disagreement | Distribution shift (input unlike calibration set) | Inconsistent depth within objects,44.56897299996854,6.210285000065596,2,0.9505856293590424,1.0,0.9966140711386395,1.0,1.0,0.9997637354238725,0.820288995541156,0.0,1.0,0.8919047619047619,0.8339914788687894,0.9504416000322399,1.0,0.9581865331401005,0
multi,depth_degradation,depth,0.25,1,2,2,0,0,1.0,1.0,1.0,0.9761848982685465,-1.2165857812632694,2.1564744037130623,1.2258669455974833,0.8584275976848055,TRUSTED,Unstable tracking / temporal disagreement,Unstable tracking / temporal disagreement | Erratic object motion (large filter innovation) | Distribution shift (input unlike calibration set),44.95978800002831,6.2318860000232235,2,0.9504707541692301,1.0,0.9973703120271837,1.0,1.0,0.9943964851825511,0.8234825173166942,0.6094961240310077,0.356560980663947,0.878236179529283,0.835587239518093,0.9454977677938879,1.0,0.9227743148803711,0
multi,depth_degradation,depth,0.25,2,2,2,0,0,1.0,1.0,1.0,0.9699998642573293,-1.1853936236837637,2.0882745825726055,1.194837689018393,0.8990511686325079,TRUSTED,Erratic object motion (large filter innovation),Erratic object motion (large filter innovation) | Unstable tracking / temporal disagreement | Distribution shift (input unlike calibration set),42.75311700007478,6.288340999958564,2,0.9512557008308204,1.0,0.99674742137951,1.0,1.0,0.9988858796382466,0.8475438437896108,0.7393669552144184,0.543402674063275,0.8791974548440066,0.840659745315676,0.9654819727960396,1.0,0.9539664724598769,0
multi,depth_degradation,depth,0.25,3,2,2,0,0,1.0,1.0,1.0,0.9513859617109259,-1.2260176720826514,2.1579932337221877,1.2351107486252209,0.9081412309229853,TRUSTED,Erratic object motion (large filter innovation),Erratic object motion (large filter innovation) | Unstable tracking / temporal disagreement | Distribution shift (input unlike calibration set),46.22149100009665,6.746378999991975,2,0.9512636775575471,1.0,0.9965702105819607,1.0,1.0,1.0,0.8131511195321126,0.8034515993435419,0.6472779075777755,0.8917419332597905,0.8405986544805749,0.9277770268993414,1.0,0.9133424240609891,0
multi,depth_degradation,depth,0.25,4,2,2,0,0,1.0,1.0,1.0,0.9479125398216857,-1.231032236762669,2.148551194564156,1.2395695361525414,0.9211228995110015,TRUSTED,Erratic object motion (large filter innovation),Erratic object motion (large filter innovation) | Unstable tracking / temporal disagreement | Distribution shift (input unlike calibration set),44.30380500002684,6.243767999990268,2,0.9517075535109638,1.0,0.9968192253553634,1.0,1.0,0.9977677053065849,0.8409005612923582,0.8280177310428889,0.7127342635544152,0.8945097117794486,0.8456819824554379,0.9497013977439557,1.0,0.9083278593809716,0
multi,depth_degradation,depth,0.25,5,2,2,0,0,1.0,1.0,1.0,0.9539891245502226,-1.2456023796744962,2.176204225291375,1.2536194621675179,0.9247301916046567,TRUSTED,Unstable tracking / temporal disagreement,Unstable tracking / temporal disagreement | Erratic object motion (large filter innovation) | Distribution shift (input unlike calibration set),47.05569399993692,6.62394599999061,2,0.9521096732173524,1.0,0.996167330146015,1.0,1.0,1.0,0.8581715729043413,0.8449522710178887,0.758079164953971,0.8929487179487179,0.8519722167121209,0.9182903014585908,1.0,0.8937577164691444,0
multi,depth_degradation,depth,0.25,6,2,2,0,0,1.0,1.0,1.0,0.9401802339603851,-1.2018968229708467,2.1042106877202578,1.2103608755646176,0.9273865947005526,TRUSTED,Unstable tracking / temporal disagreement,Unstable tracking / temporal disagreement | Distribution shift (input unlike calibration set) | Erratic object motion (large filter innovation),44.155863000014506,6.084949999944911,2,0.9520830081098381,1.0,0.9966561631244846,1.0,1.0,0.9989509718254005,0.8567469687213646,0.852178547493122,0.7895706850438238,0.8721881060116354,0.8492549785044082,0.935217153857403,1.0,0.9374632731727939,0
multi,depth_degradation,depth,0.25,7,2,2,0,0,1.0,1.0,1.0,0.8626397439123228,-1.2875807907270342,2.259166841921598,1.3212129307661395,0.914191438651808,TRUSTED,Distribution shift (input unlike calibration set),Distribution shift (input unlike calibration set) | Unstable tracking / temporal disagreement | Erratic object motion (large filter innovation),47.14915000010933,6.720123000036438,2,0.9524112277486233,1.0,0.9996712226819917,1.0,1.0,0.9742018057233197,0.82531671866967,0.8390799212815074,0.7603730249033875,0.8750744047619048,0.8348219565112863,0.8904953094137412,1.0,0.8517793054166063,0
multi,depth_degradation,depth,0.25,8,2,2,0,0,1.0,1.0,1.0,0.8752658159137674,-5.572151868239693,10.834816393644914,5.608283859378451,0.8185855661945416,TRUSTED,Geometric inconsistency (calibration or depth scale error),Geometric inconsistency (calibration or depth scale error) | Unstable tracking / temporal disagreement | Inconsistent depth within objects,43.776204999971924,6.022151000024678,2,0.9384830621347897,0.9938330170406932,0.9996712226819917,1.0,1.0,0.9664882648616636,0.8416598118346639,0.8263248456078358,0.7262295762897812,0.9000104427736006,0.7895086339653054,0.343258815309711,1.0,-3.432791772096053,1
multi,depth_degradation,depth,0.25,9,2,2,0,0,1.0,1.0,1.0,0.8867917966850737,-1.2849539466526192,2.240199793940004,1.2852529141109956,0.9145978884527496,TRUSTED,Unstable tracking / temporal disagreement,Unstable tracking / temporal disagreement | Erratic object motion (large filter innovation) | Distribution shift (input unlike calibration set),46.606332999886035,6.560381999975107,2,0.9535653553232366,1.0,0.9984102316774734,1.0,1.0,0.9833751174433771,0.8516971218951256,0.813330312618899,0.698936957432149,0.8749317347076131,0.8516187998451515,0.9157151126029022,1.0,0.8544061494910213,0
multi,depth_degradation,depth,0.25,10,2,2,0,0,1.0,1.0,1.0,0.8937428554739426,-1.2565860955611523,2.167561572530996,1.2595998625816573,0.9192676884447247,TRUSTED,Unstable tracking / temporal disagreement,Unstable tracking / temporal disagreement | Erratic object motion (large filter innovation) | Distribution shift (input unlike calibration set),44.392402000084985,6.0834760000716415,2,0.9521057493409935,1.0,0.9945756163955712,1.0,1.0,1.0,0.8442734393949486,0.8113385147336952,0.6918026121676427,0.8924532784288882,0.8637434137354891,0.9473558796255253,1.0,0.8827740005824882,0
multi,depth_degradation,depth,0.25,11,2,2,0,0,1.0,1.0,1.0,0.913572691526894,-1.2458919753199034,2.1511643865834102,1.2503746727880347,0.9198685902273778,TRUSTED,Unstable tracking / temporal disagreement,Unstable tracking / temporal disagreement | Erratic object motion (large filter innovation) | Distribution shift (input unlike calibration set),48.17325000010442,6.940082000028269,2,0.9542336928689465,1.0,0.9943142216263317,1.0,1.0,1.0,0.8648209046825233,0.8152116068723579,0.7080462481372014,0.8896969696969697,0.8750592953761833,0.9121033046403484,1.0,0.8934681208237372,0
multi,depth_degradation,depth,0.25,12,2,2,0,0,1.0,1.0,1.0,0.9304927709401046,-1.2435439358586855,2.1365524789561405,1.249519756014314,0.9196940645787403,TRUSTED,Unstable tracking / temporal disagreement,Unstable tracking / temporal disagreement | Erratic object motion (large filter innovation) | Distribution shift (input unlike calibration set),45.05354599996281,6.228970000051959,2,0.9542635792740755,1.0,0.9933429225243944,1.0,1.0,1.0,0.8367244482932941,0.8210586173346512,0.7267338483364335,0.9103954081632653,0.8792792036559505,0.9020247883475825,1.0,0.895816160284955,0
multi,depth_degradation,depth,0.25,13,2,2,0,0,1.0,1.0,1.0,0.8119373307146411,-1.2715236933335028,2.151266056558363,1.2833502590760628,0.9206457747281114,TRUSTED,Unstable tracking / temporal disagreement,Unstable tracking / temporal disagreement | Erratic object motion (large filter innovation) | Distribution shift (input unlike calibration set),47.115891000089505,6.4109190000181115,2,0.9540330796856911,1.0,0.9960088661993043,1.0,1.0,1.0,0.863620571577709,0.8291809229003202,0.771871747743583,0.8755920550038196,0.8608681659004358,0.8870778370983737,1.0,0.8678364028101377,0
multi,depth_degradation,depth,0.25,14,1,1,0,0,1.0,1.0,1.0,0.8896911352085559,-2.1639921768851877,2.1639921768851877,2.175841737601696,0.8948346506688879,TRUSTED,Geometric inconsistency (calibration or depth scale error),Geometric inconsistency (calibration or depth scale error) | Unstable tracking / temporal disagreement | Erratic object motion (large filter innovation),41.736915000115005,6.143789000020661,1,0.9537015839319211,1.0,0.9993231679418946,1.0,1.0,0.9713591529950519,0.8774383444845747,0.7546871784303798,0.6570511714532814,0.8904991948470209,0.8716819628728555,0.7852796042285467,1.0,-0.024632080741547213,0
multi,depth_degradation,depth,0.25,15,1,1,0,0,1.0,1.0,1.0,0.899274993846527,-2.1429286625074297,2.1429286625074297,2.1553619395196955,0.8931268010090839,TRUSTED,Geometric inconsistency (calibration or depth scale error),Geometric inconsistency (calibration or depth scale error) | Unstable tracking / temporal disagreement | Erratic object motion (large filter innovation),44.2783479999207,6.642573000021912,1,0.9511065413486167,0.9904080534752324,0.998807452686751,1.0,1.0,0.9850433554298572,0.8896885765168517,0.7442008595102753,0.6541595973088355,0.9016812865497076,0.872526015258387,0.7693353374034959,1.0,-0.003568566363789216,0
multi,depth_degradation,depth,0.25,16,1,1,0,0,1.0,1.0,1.0,0.8958730585005164,-2.1450842567112147,2.1450842567112147,2.1572133018639215,0.8983365446797402,TRUSTED,Unstable tracking / temporal disagreement,Unstable tracking / temporal disagreement | Geometric inconsistency (calibration or depth scale error) | Erratic object motion (large filter innovation),43.36993599986272,6.31397199992989,1,0.9505827415948349,1.0,0.9968209939261972,1.0,1.0,1.0,0.877772434527187,0.7375716023630804,0.6467171142794289,0.9156666666666666,0.8774937634413352,0.808701939969595,1.0,-0.005724160567574188,0
multi,depth_degradation,depth,0.25,17,1,1,0,0,1.0,1.0,1.0,0.8993422557506565,-2.134646581566855,2.134646581566855,2.146973266797604,0.8937896298853838,TRUSTED,Unstable tracking / temporal disagreement,Unstable tracking / temporal disagreement | Geometric inconsistency (calibration or depth scale error) | Erratic object motion (large filter innovation),45.48249900005885,6.271943000001556,1,0.954184790692335,1.0,0.9942753130679876,1.0,1.0,1.0,0.8590780059282903,0.7327518420092382,0.6400602033582375,0.9044679600235156,0.8825636896142796,0.7966440847734925,1.0,0.0047135145767853714,0
multi,depth_degradation,depth,0.25,18,2,2,0,0,1.0,1.0,1.0,0.8566706395149323,-1.2560486689857813,2.139760473500127,1.2732382597860228,0.8954028015454727,TRUSTED,Unstable tracking / temporal disagreement,Unstable tracking / temporal disagreement | Erratic object motion (large filter innovation) | Geometric inconsistency (calibration or depth scale error),44.00220499996976,6.249885999977778,2,0.9526435568145247,1.0,0.9889589891415058,1.0,1.0,1.0,0.8805827850150302,0.6226553476606638,0.7026634870402491,0.8603322672352522,0.8890537777872048,0.8967198449970069,1.0,0.8833114271578593,0
multi,depth_degradation,depth,0.25,19,2,2,0,0,1.0,1.0,1.0,0.8209134127169431,-1.241137877754543,2.1348607851111367,1.2478455931041172,0.8886104481686545,TRUSTED,Unstable tracking / temporal disagreement,Unstable tracking / temporal disagreement | Erratic object motion (large filter innovation) | Distribution shift (input unlike calibration set),46.89205599993329,6.694637999999031,2,0.951392769953983,1.0,0.9798547402031346,1.0,1.0,1.0,0.8330852161619919,0.6056561053436136,0.696545796744473,0.9000917787426312,0.8954408093921744,0.875642314330374,1.0,0.8982222183890975,0
multi,depth_degradation,depth,0.25,20,3,3,0,0,1.0,1.0,1.0,0.8288399782796597,-1.1080823843029954,2.135338389355203,1.1145867333099988,0.8649153340491269,TRUSTED,Unstable tracking / temporal disagreement,Unstable tracking / temporal disagreement | Distribution shift (input unlike calibration set) | Geometric inconsistency (calibration or depth scale error),45.78118699998868,6.367008999973223,3,0.9305295579505528,1.0,0.9725975866436116,1.0,1.0,1.0,0.7856166634386447,0.4723903044538871,0.7635400788052564,0.8950141101936703,0.8890221798207004,0.870676343743116,1.0,1.031277711840645,1
multi,depth_degradation,depth,0.25,21,3,3,0,0,1.0,1.0,1.0,0.8639149865344526,-1.1048169205154192,2.1339982903521992,1.1135476025431235,0.8707106117361202,TRUSTED,Unstable tracking / temporal disagreement,Unstable tracking / temporal disagreement | Distribution shift (input unlike calibration set) | Geometric inconsistency (calibration or depth scale error),47.66288100006477,6.5460690000236355,3,0.9279348149322084,1.0,0.9677888425464378,1.0,1.0,1.0,0.772144231419027,0.5041375088247513,0.793036640534778,0.8928527536370673,0.8899454716956067,0.878571052043739,1.0,1.0345431756282213,1
multi,depth_degradation,depth,0.25,22,3,3,0,0,1.0,1.0,1.0,0.8820037082108932,-1.091732108074685,2.1351668316385,1.1024239941354959,0.8685799357220714,TRUSTED,Unstable tracking / temporal disagreement,Unstable tracking / temporal disagreement | Distribution shift (input unlike calibration set) | Geometric inconsistency (calibration or depth scale error),45.7909170000903,6.325363999962974,3,0.9301146301979465,1.0,0.9623621597999252,1.0,1.0,1.0,0.7075026979118366,0.5270763422735596,0.8112081628291774,0.8944582709563983,0.8861740479807321,0.8833444732535632,1.0,1.0476279880689556,1
multi,depth_degradation,depth,0.25,23,3,3,0,0,1.0,1.0,1.0,0.8831381282445481,-1.0897620519002278,2.12886381149292,1.103048260171957,0.8663130723181616,TRUSTED,Unstable tracking / temporal disagreement,Unstable tracking / temporal disagreement | Distribution shift (input unlike calibration set) | Geometric inconsistency (calibration or depth scale error),49.453296000137925,6.835691999981464,3,0.9307790489657118,1.0,0.9546296144002697,1.0,1.0,1.0,0.681252901153917,0.5419691372601786,0.8101479938691034,0.9006261934598401,0.887674130547528,0.8693756676967548,1.0,1.0495980442434127,1
multi,depth_degradation,depth,0.5,0,2,2,0,0,1.0,1.0,1.0,1.0,-1.2169289588928223,2.1943416595458984,1.2287191657549934,0.2653601251097206,DEGRADED,Unstable tracking / temporal disagreement,Unstable tracking / temporal disagreement | Inconsistent depth within objects | Distribution shift (input unlike calibration set),46.38263499987261,6.428892999906566,2,0.9505856293590424,1.0,0.9966140711386395,1.0,1.0,0.9997637354238725,0.820288995541156,0.0,1.0,0.7878571428571428,0.7058755912242999,0.9537722402775598,1.0,0.9224311372508183,0
multi,depth_degradation,depth,0.5,1,2,2,0,0,1.0,1.0,1.0,0.9761848982685465,-1.1674222013224735,2.066542915675953,1.1763427291263928,0.8412628363132555,TRUSTED,Unstable tracking / temporal disagreement,Unstable tracking / temporal disagreement | Erratic object motion (large filter innovation) | Inconsistent depth within objects,45.23724599994239,6.431800999962434,2,0.9504707541692301,1.0,0.9973703120271837,1.0,1.0,0.9943964851825511,0.8234825173166942,0.6094961240310077,0.356560980663947,0.7742952928297756,0.7109531588275497,0.9516731509764839,1.0,0.971937894821167,0
multi,depth_degradation,depth,0.5,2,2,2,0,0,1.0,1.0,1.0,0.9699998642573293,-1.1918409388998281,2.129091843314793,1.200844045727183,0.8791207786972706,TRUSTED,Erratic object motion (large filter innovation),Erratic object motion (large filter innovation) | Unstable tracking / temporal disagreement | Inconsistent depth within objects,42.83158300006562,6.219197000064014,2,0.9512557008308204,1.0,0.99674742137951,1.0,1.0,0.9988858796382466,0.8475438437896108,0.7393669552144184,0.543402674063275,0.7728443999726327,0.7125932674401293,0.9564905232853431,1.0,0.9475191572438124,0
multi,depth_degradation,depth,0.5,3,2,2,0,0,1.0,1.0,1.0,0.9513859617109259,-1.1654362263886817,2.067991173785664,1.1738674440764931,0.8911878875352449,TRUSTED,Inconsistent depth within objects,Inconsistent depth within objects | Erratic object motion (large filter innovation) | Unstable tracking / temporal disagreement,46.8914999999015,6.622768000056567,2,0.9512636775575471,1.0,0.9965702105819607,1.0,1.0,1.0,0.8131511195321126,0.8034515993435419,0.6472779075777755,0.8023614175399889,0.7183493176815499,0.9300450117651885,1.0,0.9739238697549588,0
multi,depth_degradation,depth,0.5,4,2,2,0,0,1.0,1.0,1.0,0.9479125398216857,-1.2037843310314678,2.1340982602990195,1.2118165526269817,0.9016020452050634,TRUSTED,Inconsistent depth within objects,Inconsistent depth within objects | Erratic object motion (large filter innovation) | Unstable tracking / temporal disagreement,45.095192999951905,6.302783000023737,2,0.9517075535109638,1.0,0.9968192253553634,1.0,1.0,0.9977677053065849,0.8409005612923582,0.8280177310428889,0.7127342635544152,0.7867942425508214,0.7231668024998731,0.9435698718206864,1.0,0.9355757651121728,0
multi,depth_degradation,depth,0.5,5,2,2,0,0,1.0,1.0,1.0,0.9539891245502226,-1.2264645203300137,2.1873250214949884,1.2340797404552446,0.906208734776632,TRUSTED,Inconsistent depth within objects,Inconsistent depth within objects | Missing depth returns | Unstable tracking / temporal disagreement,46.711534999985815,6.510301999924195,2,0.9521096732173524,1.0,0.996167330146015,1.0,1.0,1.0,0.8581715729043413,0.8449522710178887,0.758079164953971,0.8025317819435467,0.7295644454230314,0.9083469430881086,1.0,0.9128955758136268,0
multi,depth_degradation,depth,0.5,6,2,2,0,0,1.0,1.0,1.0,0.9401802339603851,-1.2837003832278047,2.2756384144658632,1.2925467429916584,0.906907314013376,TRUSTED,Inconsistent depth within objects,Inconsistent depth within objects | Missing depth returns | Unstable tracking / temporal disagreement,44.855726999912804,6.126854000058302,2,0.9520830081098381,1.0,0.9966561631244846,1.0,1.0,0.9989509718254005,0.8567469687213646,0.852178547493122,0.7895706850438238,0.7700589851325146,0.7286899317598751,0.9170702959579904,1.0,0.8556597129158359,0
multi,depth_degradation,depth,0.5,7,2,2,0,0,1.0,1.0,1.0,0.8626397439123228,-1.3964172031568438,2.485544329104215,1.4293873064035534,0.8918908271482244,TRUSTED,Inconsistent depth within objects,Inconsistent depth within objects | Missing depth returns | Distribution shift (input unlike calibration set),46.47814500003733,6.364036000036322,2,0.9524112277486233,1.0,0.9996712226819917,1.0,1.0,0.9742018057233197,0.82531671866967,0.8390799212815074,0.7603730249033875,0.7790426587301588,0.6943172541590257,0.8676170667889899,1.0,0.7429428929867967,0
multi,depth_degradation,depth,0.5,8,2,2,0,0,1.0,1.0,1.0,0.8752658159137674,-5.446365086928658,10.636660990507707,5.481831343900288,0.8007771843735211,TRUSTED,Geometric inconsistency (calibration or depth scale error),Geometric inconsistency (calibration or depth scale error) | Inconsistent depth within objects | Unstable tracking / temporal disagreement,44.21506999983649,6.344678999994358,2,0.9384830621347897,0.9938330170406932,0.9996712226819917,1.0,1.0,0.9664882648616636,0.8416598118346639,0.8263248456078358,0.7262295762897812,0.7922775689223058,0.6514316681357303,0.34724039695482867,1.0,-3.3070049907850176,1
multi,depth_degradation,depth,0.5,9,2,2,0,0,1.0,1.0,1.0,0.8867917966850737,-1.3478387542392891,2.3569848433784806,1.3482470897555727,0.8966406395073623,TRUSTED,Inconsistent depth within objects,Inconsistent depth within objects | Unstable tracking / temporal disagreement | Erratic object motion (large filter innovation),46.0240889999568,6.4875040000060835,2,0.9535653553232366,1.0,0.9984102316774734,1.0,1.0,0.9833751174433771,0.8516971218951256,0.813330312618899,0.698936957432149,0.7891227429186778,0.7317751482840988,0.9049346881143893,1.0,0.7915213419043514,0
multi,depth_degradation,depth,0.5,10,2,2,0,0,1.0,1.0,1.0,0.8937428554739426,-1.2483720986739453,2.1956606325895898,1.2514802749346114,0.9014866730008589,TRUSTED,Inconsistent depth within objects,Inconsistent depth within objects | Unstable tracking / temporal disagreement | Erratic object motion (large filter innovation),43.789207999907376,6.149439999944661,2,0.9521057493409935,1.0,0.9945756163955712,1.0,1.0,1.0,0.8442734393949486,0.8113385147336952,0.6918026121676427,0.7945993031358884,0.7553625661531649,0.9358357107145139,1.0,0.8909879974696953,0
multi,depth_degradation,depth,0.5,11,2,2,0,0,1.0,1.0,1.0,0.913572691526894,-1.2390724887018614,2.134550426317297,1.2434945995381501,0.9030077545438008,TRUSTED,Inconsistent depth within objects,Inconsistent depth within objects | Unstable tracking / temporal disagreement | Erratic object motion (large filter innovation),46.964060999926005,6.665046999955848,2,0.9542336928689465,1.0,0.9943142216263317,1.0,1.0,1.0,0.8648209046825233,0.8152116068723579,0.7080462481372014,0.782521645021645,0.7683747381678097,0.9145405350805311,1.0,0.9002876074417792,0
multi,depth_degradation,depth,0.5,12,2,2,0,0,1.0,1.0,1.0,0.9304927709401046,-1.237333847128827,2.159995701002039,1.243411966322644,0.9008969314142867,TRUSTED,Inconsistent depth within objects,Inconsistent depth within objects | Unstable tracking / temporal disagreement | Missing depth returns,44.449888000031024,6.3512430000400855,2,0.9542635792740755,1.0,0.9933429225243944,1.0,1.0,1.0,0.8367244482932941,0.8210586173346512,0.7267338483364335,0.7946145124716553,0.7690609180631429,0.893653222483143,1.0,0.9020262490148134,0
multi,depth_degradation,depth,0.5,13,2,2,0,0,1.0,1.0,1.0,0.8119373307146411,-1.2732324392899237,2.1137914242951794,1.2845554370639063,0.9021514616540198,TRUSTED,Inconsistent depth within objects,Inconsistent depth within objects | Missing depth returns | Unstable tracking / temporal disagreement,46.14040100011607,6.380117000048813,2,0.9540330796856911,1.0,0.9960088661993043,1.0,1.0,1.0,0.863620571577709,0.8291809229003202,0.771871747743583,0.7736058059587472,0.7404626521046292,0.8844065843480654,1.0,0.8661276568537168,0
multi,depth_degradation,depth,0.5,14,1,1,0,0,1.0,1.0,1.0,0.8896911352085559,-2.1586506470389963,2.1586506470389963,2.170451033879016,0.8793330985674154,TRUSTED,Geometric inconsistency (calibration or depth scale error),Geometric inconsistency (calibration or depth scale error) | Unstable tracking / temporal disagreement | Erratic object motion (large filter innovation),41.6805720000184,6.230985000001965,1,0.9537015839319211,1.0,0.9993231679418946,1.0,1.0,0.9713591529950519,0.8774383444845747,0.7546871784303798,0.6570511714532814,0.8027375201288245,0.7587229842504389,0.7864629405128323,1.0,-0.019290550895355807,0
multi,depth_degradation,depth,0.5,15,1,1,0,0,1.0,1.0,1.0,0.899274993846527,-2.1531940128492266,2.1531940128492266,2.1657299251901865,0.8754398180274314,TRUSTED,Geometric inconsistency (calibration or depth scale error),Geometric inconsistency (calibration or depth scale error) | Unstable tracking / temporal disagreement | Erratic object motion (large filter innovation),44.28324400009842,6.678235000094901,1,0.9511065413486167,0.9904080534752324,0.998807452686751,1.0,1.0,0.9850433554298572,0.8896885765168517,0.7442008595102753,0.6541595973088355,0.7964181286549707,0.7537236316438621,0.7670174146403498,1.0,-0.013833916705586091,0
multi,depth_degradation,depth,0.5,16,1,1,0,0,1.0,1.0,1.0,0.8958730585005164,-2.1404050536777675,2.1404050536777675,2.1524837813952393,0.8828989558870822,TRUSTED,Unstable tracking / temporal disagreement,Unstable tracking / temporal disagreement | Geometric inconsistency (calibration or depth scale error) | Erratic object motion (large filter innovation),43.50584300004812,6.566873999986456,1,0.9505827415948349,1.0,0.9968209939261972,1.0,1.0,1.0,0.877772434527187,0.7375716023630804,0.6467171142794289,0.8106666666666666,0.779249367923849,0.8098843557367575,1.0,-0.0010449575341269224,0
multi,depth_degradation,depth,0.5,17,1,1,0,0,1.0,1.0,1.0,0.8993422557506565,-2.124950574791953,2.124950574791953,2.1371641069849803,0.8785508478762172,TRUSTED,Unstable tracking / temporal disagreement,Unstable tracking / temporal disagreement | Geometric inconsistency (calibration or depth scale error) | Erratic object motion (large filter innovation),45.93151400001716,6.540011999959461,1,0.954184790692335,1.0,0.9942753130679876,1.0,1.0,1.0,0.8590780059282903,0.7327518420092382,0.6400602033582375,0.8057025279247502,0.7784013338475052,0.7991798906344119,1.0,0.014409521351687715,0
multi,depth_degradation,depth,0.5,18,2,2,0,0,1.0,1.0,1.0,0.8566706395149323,-1.3088681594185205,2.1442408354386036,1.3212863893592202,0.8780992029648526,TRUSTED,Unstable tracking / temporal disagreement,Unstable tracking / temporal disagreement | Missing depth returns | Erratic object motion (large filter innovation),44.69105599991963,6.396999999992659,2,0.9526435568145247,1.0,0.9889589891415058,1.0,1.0,1.0,0.8805827850150302,0.6226553476606638,0.7026634870402491,0.7661958066808813,0.7875075018314014,0.8782881545093262,1.0,0.83049193672512,0
multi,depth_degradation,depth,0.5,19,2,2,0,0,1.0,1.0,1.0,0.8209134127169431,-1.2483621991198994,2.1447666002356485,1.2551396770002248,0.8748814409913048,TRUSTED,Unstable tracking / temporal disagreement,Unstable tracking / temporal disagreement | Erratic object motion (large filter innovation) | Distribution shift (input unlike calibration set),46.331979999990835,6.414990000052967,2,0.951392769953983,1.0,0.9798547402031346,1.0,1.0,1.0,0.8330852161619919,0.6056561053436136,0.696545796744473,0.8100497723181193,0.8059590355030944,0.8736533345920282,1.0,0.8909978970237411,0
multi,depth_degradation,depth,0.5,20,3,3,0,0,1.0,1.0,1.0,0.8288399782796597,-1.0930545433707852,2.131732546764871,1.0992853252409238,0.8501353197724338,TRUSTED,Unstable tracking / temporal disagreement,Unstable tracking / temporal disagreement | Distribution shift (input unlike calibration set) | Inconsistent depth within objects,45.305260999953134,6.251828000017667,3,0.9305295579505528,1.0,0.9725975866436116,1.0,1.0,1.0,0.7856166634386447,0.4723903044538871,0.7635400788052564,0.7930592496643406,0.7927923950006942,0.8698096758427212,1.0,1.0463055527728553,1
multi,depth_degradation,depth,0.5,21,3,3,0,0,1.0,1.0,1.0,0.8639149865344526,-1.1014177073603086,2.1449283516925313,1.1098848622257231,0.856618545188001,TRUSTED,Unstable tracking / temporal disagreement,Unstable tracking / temporal disagreement | Distribution shift (input unlike calibration set) | Inconsistent depth within objects,47.29945599990515,6.516112999975121,3,0.9279348149322084,1.0,0.9677888425464378,1.0,1.0,1.0,0.772144231419027,0.5041375088247513,0.793036640534778,0.8032794124297392,0.7969919806782096,0.8737093383665951,1.0,1.037942388783332,1
multi,depth_degradation,depth,0.5,22,3,3,0,0,1.0,1.0,1.0,0.8820037082108932,-1.083093726116677,2.1323430019876213,1.0933352065148325,0.854376054927803,TRUSTED,Unstable tracking / temporal disagreement,Unstable tracking / temporal disagreement | Distribution shift (input unlike calibration set) | Inconsistent depth within objects,45.43211199995767,6.315535999988242,3,0.9301146301979465,1.0,0.9623621597999252,1.0,1.0,1.0,0.7075026979118366,0.5270763422735596,0.8112081628291774,0.8015749162752908,0.7929812228777804,0.8798423163836989,1.0,1.0562663700269634,1
multi,depth_degradation,depth,0.5,23,3,3,0,0,1.0,1.0,1.0,0.8831381282445481,-1.0877165794372559,2.132823944091797,1.1004537109092427,0.8513085840665776,TRUSTED,Unstable tracking / temporal disagreement,Unstable tracking / temporal disagreement | Distribution shift (input unlike calibration set) | Geometric inconsistency (calibration or depth scale error),48.04812199984099,6.938759999911781,3,0.9307790489657118,1.0,0.9546296144002697,1.0,1.0,1.0,0.681252901153917,0.5419691372601786,0.8101479938691034,0.7966171007876834,0.7999839210057248,0.8615827146131455,1.0,1.0516435167063847,1
multi,depth_degradation,depth,0.75,0,2,2,0,0,1.0,1.0,1.0,1.0,-1.141603708267212,2.082263946533203,1.152123410612493,0.259213060330522,DEGRADED,Unstable tracking / temporal disagreement,Unstable tracking / temporal disagreement | Inconsistent depth within objects | Missing depth returns,45.23982500006696,6.698310000047059,2,0.9505856293590424,1.0,0.9966140711386395,1.0,1.0,0.9997637354238725,0.820288995541156,0.0,1.0,0.7104761904761905,0.582459149325982,0.9369424604766781,1.0,0.9977563878764286,0
multi,depth_degradation,depth,0.75,1,2,2,0,0,1.0,1.0,1.0,0.9761848982685465,-1.1615268251170292,2.0654738467672615,1.1702047791875216,0.8245754922554965,TRUSTED,Unstable tracking / temporal disagreement,Unstable tracking / temporal disagreement | Erratic object motion (large filter innovation) | Inconsistent depth within objects,45.08777500018368,6.151711000029536,2,0.9504707541692301,1.0,0.9973703120271837,1.0,1.0,0.9943964851825511,0.8234825173166942,0.6094961240310077,0.356560980663947,0.6812716657544243,0.6153207825063629,0.949751242421475,1.0,0.9778332710266113,0
multi,depth_degradation,depth,0.75,2,2,2,0,0,1.0,1.0,1.0,0.9699998642573293,-1.140242390010668,2.024424179740574,1.1490666166646304,0.8628058949261526,TRUSTED,Inconsistent depth within objects,Inconsistent depth within objects | Erratic object motion (large filter innovation) | Unstable tracking / temporal disagreement,42.52416299982542,6.135075999964101,2,0.9512557008308204,1.0,0.99674742137951,1.0,1.0,0.9988858796382466,0.8475438437896108,0.7393669552144184,0.543402674063275,0.6921216475095786,0.6057408716461431,0.9662335297449709,1.0,0.9991177061329726,0
multi,depth_degradation,depth,0.75,3,2,2,0,0,1.0,1.0,1.0,0.9513859617109259,-1.2559737744538673,2.2376345758852736,1.2649373899094292,0.8695760881228285,TRUSTED,Inconsistent depth within objects,Inconsistent depth within objects | Missing depth returns | Erratic object motion (large filter innovation),46.30271499979699,6.42874799996207,2,0.9512636775575471,1.0,0.9965702105819607,1.0,1.0,1.0,0.8131511195321126,0.8034515993435419,0.6472779075777755,0.7030508825151682,0.5973212243322374,0.917161580124134,1.0,0.8833863216897733,0
multi,depth_degradation,depth,0.75,4,2,2,0,0,1.0,1.0,1.0,0.9479125398216857,-1.2366763197857402,2.159508912459664,1.2452426167949717,0.8820613536439736,TRUSTED,Inconsistent depth within objects,Inconsistent depth within objects | Missing depth returns | Erratic object motion (large filter innovation),44.06919799998832,6.27793199998905,2,0.9517075535109638,1.0,0.9968192253553634,1.0,1.0,0.9977677053065849,0.8409005612923582,0.8280177310428889,0.7127342635544152,0.6822503306878307,0.6120072073975533,0.9487303227160441,1.0,0.9026837763579003,0
multi,depth_degradation,depth,0.75,5,2,2,0,0,1.0,1.0,1.0,0.9539891245502226,-1.1671283348746915,2.0347304551497736,1.1746638946433037,0.8890983709770165,TRUSTED,Inconsistent depth within objects,Inconsistent depth within objects | Missing depth returns | Unstable tracking / temporal disagreement,45.71562900002846,6.39785100008794,2,0.9521096732173524,1.0,0.996167330146015,1.0,1.0,1.0,0.8581715729043413,0.8449522710178887,0.758079164953971,0.6986856280973928,0.6237094434974841,0.9286969167872408,1.0,0.9722317612689491,0
multi,depth_degradation,depth,0.75,6,2,2,0,0,1.0,1.0,1.0,0.9401802339603851,-1.2609416609225068,2.2186907063359804,1.2697144726879104,0.8913906292994829,TRUSTED,Inconsistent depth within objects,Inconsistent depth within objects | Missing depth returns | Unstable tracking / temporal disagreement,43.31842900000993,6.038255000021309,2,0.9520830081098381,1.0,0.9966561631244846,1.0,1.0,0.9989509718254005,0.8567469687213646,0.852178547493122,0.7895706850438238,0.6831367162249515,0.6399229854013075,0.9246716478917766,1.0,0.8784184352211337,0
multi,depth_degradation,depth,0.75,7,2,2,0,0,1.0,1.0,1.0,0.8626397439123228,-1.5219088222669512,2.7504073433254064,1.5543170105274662,0.8699024110502788,TRUSTED,Inconsistent depth within objects,Inconsistent depth within objects | Missing depth returns | Geometric inconsistency (calibration or depth scale error),45.652197000208616,6.485639000061383,2,0.9524112277486233,1.0,0.9996712226819917,1.0,1.0,0.9742018057233197,0.82531671866967,0.8390799212815074,0.7603730249033875,0.6864335317460317,0.5858254501728578,0.8409801441171868,1.0,0.6174512738766893,0
multi,depth_degradation,depth,0.75,8,2,2,0,0,1.0,1.0,1.0,0.8752658159137674,-5.351901261702828,10.40480369070302,5.386826392309598,0.7834712671769797,TRUSTED,Geometric inconsistency (calibration or depth scale error),Geometric inconsistency (calibration or depth scale error) | Inconsistent depth within objects | Missing depth returns,43.63628399994468,6.07342199998584,2,0.9384830621347897,0.9938330170406932,0.9996712226819917,1.0,1.0,0.9664882648616636,0.8416598118346639,0.8263248456078358,0.7262295762897812,0.6924237677527152,0.5242554961976379,0.359367474886098,1.0,-3.2125411655591876,1
multi,depth_degradation,depth,0.75,9,2,2,0,0,1.0,1.0,1.0,0.8867917966850737,-1.4203542419101876,2.4927155867866837,1.4209300745280822,0.8739040195085053,TRUSTED,Inconsistent depth within objects,Inconsistent depth within objects | Missing depth returns | Unstable tracking / temporal disagreement,45.84955599989371,6.416423000018767,2,0.9535653553232366,1.0,0.9984102316774734,1.0,1.0,0.9833751174433771,0.8516971218951256,0.813330312618899,0.698936957432149,0.6758605272772724,0.612916764232608,0.8923633779303627,1.0,0.719005854233453,0
multi,depth_degradation,depth,0.75,10,2,2,0,0,1.0,1.0,1.0,0.8937428554739426,-1.215173265208369,2.1086731371672265,1.2180048921888982,0.8860431597155836,TRUSTED,Inconsistent depth within objects,Inconsistent depth within objects | Missing depth returns | Unstable tracking / temporal disagreement,43.502823000039825,6.1237830000209215,2,0.9521057493409935,1.0,0.9945756163955712,1.0,1.0,1.0,0.8442734393949486,0.8113385147336952,0.6918026121676427,0.6958188153310104,0.6653366091536765,0.9496997823076255,1.0,0.9241868309352714,0
multi,depth_degradation,depth,0.75,11,2,2,0,0,1.0,1.0,1.0,0.913572691526894,-1.189121173775714,2.104558322740637,1.193460325511905,0.8850107473254003,TRUSTED,Inconsistent depth within objects,Inconsistent depth within objects | Missing depth returns | Unstable tracking / temporal disagreement,45.37533199993504,6.24478600002476,2,0.9542336928689465,1.0,0.9943142216263317,1.0,1.0,1.0,0.8648209046825233,0.8152116068723579,0.7080462481372014,0.6882106782106783,0.6724891063676773,0.9053876621288467,1.0,0.9502389223679266,0
multi,depth_degradation,depth,0.75,12,2,2,0,0,1.0,1.0,1.0,0.9304927709401046,-1.2886746655339785,2.1906582376231327,1.2948606698552485,0.8834858273895965,TRUSTED,Inconsistent depth within objects,Inconsistent depth within objects | Missing depth returns | Unstable tracking / temporal disagreement,43.661630000087825,6.235350999986622,2,0.9542635792740755,1.0,0.9933429225243944,1.0,1.0,1.0,0.8367244482932941,0.8210586173346512,0.7267338483364335,0.6927508503401361,0.6794478359133381,0.8893365037013444,1.0,0.8506854306096621,0
multi,depth_degradation,depth,0.75,13,2,2,0,0,1.0,1.0,1.0,0.8119373307146411,-1.3252296240433417,2.1597108426301403,1.3363659930192289,0.8838694304018988,TRUSTED,Inconsistent depth within objects,Inconsistent depth within objects | Missing depth returns | Unstable tracking / temporal disagreement,45.99123899981805,6.326762999947277,2,0.9540330796856911,1.0,0.9960088661993043,1.0,1.0,1.0,0.863620571577709,0.8291809229003202,0.771871747743583,0.685542398777693,0.6475171615959758,0.8689060789669046,1.0,0.8141304721002989,0
multi,depth_degradation,depth,0.75,14,1,1,0,0,1.0,1.0,1.0,0.8896911352085559,-2.2161371811576487,2.2161371811576487,2.228467641388255,0.8588925691469325,TRUSTED,Inconsistent depth within objects,Inconsistent depth within objects | Geometric inconsistency (calibration or depth scale error) | Missing depth returns,41.59071199990194,6.172438999897167,1,0.9537015839319211,1.0,0.9993231679418946,1.0,1.0,0.9713591529950519,0.8774383444845747,0.7546871784303798,0.6570511714532814,0.6932367149758454,0.6514508474330094,0.7738207772941635,1.0,-0.07677708501400815,0
multi,depth_degradation,depth,0.75,15,1,1,0,0,1.0,1.0,1.0,0.899274993846527,-2.130367818086043,2.130367818086043,2.1426756094685655,0.8599077106824202,TRUSTED,Geometric inconsistency (calibration or depth scale error),Geometric inconsistency (calibration or depth scale error) | Inconsistent depth within objects | Unstable tracking / temporal disagreement,44.07603899994683,6.582907999927556,1,0.9511065413486167,0.9904080534752324,0.998807452686751,1.0,1.0,0.9850433554298572,0.8896885765168517,0.7442008595102753,0.6541595973088355,0.6944444444444444,0.6690307950164909,0.772181115806219,1.0,0.008992278057597503,0
multi,depth_degradation,depth,0.75,16,1,1,0,0,1.0,1.0,1.0,0.8958730585005164,-2.103930825772494,2.103930825772494,2.115618146719944,0.8674674237850967,TRUSTED,Unstable tracking / temporal disagreement,Unstable tracking / temporal disagreement | Inconsistent depth within objects | Missing depth returns,43.3095419999745,6.271094999988236,1,0.9505827415948349,1.0,0.9968209939261972,1.0,1.0,1.0,0.877772434527187,0.7375716023630804,0.6467171142794289,0.7066666666666667,0.6895882831334684,0.8191607041294806,1.0,0.035429270371146515,0
multi,depth_degradation,depth,0.75,17,1,1,0,0,1.0,1.0,1.0,0.8993422557506565,-2.149087594903037,2.149087594903037,2.161583051328831,0.8619411303362793,TRUSTED,Unstable tracking / temporal disagreement,Unstable tracking / temporal disagreement | Geometric inconsistency (calibration or depth scale error) | Inconsistent depth within objects,44.84123599991108,6.496163999941018,1,0.954184790692335,1.0,0.9942753130679876,1.0,1.0,1.0,0.8590780059282903,0.7327518420092382,0.6400602033582375,0.7042915931804821,0.6931093506494228,0.7928822211363387,1.0,-0.00972749875939627,0
multi,depth_degradation,depth,0.75,18,2,2,0,0,1.0,1.0,1.0,0.8566706395149323,-1.291002501612124,2.1489643843277637,1.3050606429037859,0.8623051291161101,TRUSTED,Unstable tracking / temporal disagreement,Unstable tracking / temporal disagreement | Missing depth returns | Inconsistent depth within objects,44.011848000081955,6.216847000018788,2,0.9526435568145247,1.0,0.9889589891415058,1.0,1.0,1.0,0.8805827850150302,0.6226553476606638,0.7026634870402491,0.6554015636105188,0.7096245119597332,0.8846103030074057,1.0,0.8483575945315165,0
multi,depth_degradation,depth,0.75,19,2,2,0,0,1.0,1.0,1.0,0.8209134127169431,-1.2428850091021992,2.151249678238578,1.2497159680872563,0.8582891557512581,TRUSTED,Unstable tracking / temporal disagreement,Unstable tracking / temporal disagreement | Missing depth returns | Inconsistent depth within objects,45.9315290000859,6.389740000031452,2,0.951392769953983,1.0,0.9798547402031346,1.0,1.0,1.0,0.8330852161619919,0.6056561053436136,0.696545796744473,0.7000494193229553,0.7202449145705482,0.8708102205824216,1.0,0.8964750870414413,0
multi,depth_degradation,depth,0.75,20,3,3,0,0,1.0,1.0,1.0,0.8288399782796597,-1.0757758721061368,2.150962912518045,1.0821833905264648,0.8388022948631386,TRUSTED,Unstable tracking / temporal disagreement,Unstable tracking / temporal disagreement | Missing depth returns | Inconsistent depth within objects,45.112971999969886,6.131983999921431,3,0.9305295579505528,1.0,0.9725975866436116,1.0,1.0,1.0,0.7856166634386447,0.4723903044538871,0.7635400788052564,0.7132512531653793,0.7243467270581235,0.8766928967749568,1.0,1.0635842240375037,1
multi,depth_degradation,depth,0.75,21,3,3,0,0,1.0,1.0,1.0,0.8639149865344526,-1.0765786240066302,2.1333459771197774,1.0849606250186952,0.8433078146236058,TRUSTED,Unstable tracking / temporal disagreement,Unstable tracking / temporal disagreement | Missing depth returns | Distribution shift (input unlike calibration set),47.38688000009006,6.439376999992419,3,0.9279348149322084,1.0,0.9677888425464378,1.0,1.0,1.0,0.772144231419027,0.5041375088247513,0.793036640534778,0.6957646686404857,0.728681396361635,0.8842362496100932,1.0,1.0627814721370104,1
multi,depth_degradation,depth,0.75,22,3,3,0,0,1.0,1.0,1.0,0.8820037082108932,-1.1112051839413841,2.126551337864086,1.1219047744568484,0.8405240680756699,TRUSTED,Unstable tracking / temporal disagreement,Unstable tracking / temporal disagreement | Distribution shift (input unlike calibration set) | Missing depth returns,44.83082400008698,6.1023570000315885,3,0.9301146301979465,1.0,0.9623621597999252,1.0,1.0,1.0,0.7075026979118366,0.5270763422735596,0.8112081628291774,0.7013467563093032,0.7320421191664467,0.8732868167384392,1.0,1.0281549122022564,1
multi,depth_degradation,depth,0.75,23,3,3,0,0,1.0,1.0,1.0,0.8831381282445481,-1.0836731592814128,2.1205620765686035,1.096609583969273,0.836680714009717,TRUSTED,Unstable tracking / temporal disagreement,Unstable tracking / temporal disagreement | Distribution shift (input unlike calibration set) | Missing depth returns,47.27775000003476,6.5411069999754545,3,0.9307790489657118,1.0,0.9546296144002697,1.0,1.0,1.0,0.681252901153917,0.5419691372601786,0.8101479938691034,0.6893927527151211,0.7205365746316557,0.8678324923731436,1.0,1.0556869368622277,1
multi,depth_degradation,depth,1.0,0,2,2,0,0,1.0,1.0,1.0,1.0,-1.2594826221466064,2.238475799560547,1.2725115124136774,0.25375193257043255,DEGRADED,Unstable tracking / temporal disagreement,Unstable tracking / temporal disagreement | Inconsistent depth within objects | Missing depth returns,44.94976399996631,6.2461610000354995,2,0.9505856293590424,1.0,0.9966140711386395,1.0,1.0,0.9997637354238725,0.820288995541156,0.0,1.0,0.5895238095238096,0.500814100092241,0.9653883351495419,1.0,0.8798774739970341,0
multi,depth_degradation,depth,1.0,1,2,2,0,0,1.0,1.0,1.0,0.9761848982685465,-1.254994537519373,2.262486748073414,1.2638231169277516,0.8059498275146183,TRUSTED,Unstable tracking / temporal disagreement,Unstable tracking / temporal disagreement | Erratic object motion (large filter innovation) | Inconsistent depth within objects,45.36442599987822,6.341630999941117,2,0.9504707541692301,1.0,0.9973703120271837,1.0,1.0,0.9943964851825511,0.8234825173166942,0.6094961240310077,0.356560980663947,0.5965311986863711,0.5288239071341002,0.9310496372590169,1.0,0.8843655586242676,0
multi,depth_degradation,depth,1.0,2,2,2,0,0,1.0,1.0,1.0,0.9699998642573293,-1.166999391887499,2.125204666801121,1.175168385720948,0.8416429129052245,TRUSTED,Inconsistent depth within objects,Inconsistent depth within objects | Missing depth returns | Erratic object motion (large filter innovation),42.606780999904004,6.307963000040218,2,0.9512557008308204,1.0,0.99674742137951,1.0,1.0,0.9988858796382466,0.8475438437896108,0.7393669552144184,0.543402674063275,0.5956687021072797,0.5145490579487408,0.948220405937632,1.0,0.9723607042561415,0
multi,depth_degradation,depth,1.0,3,2,2,0,0,1.0,1.0,1.0,0.9513859617109259,-1.1508483472077735,2.0879410868105666,1.1586051721698893,0.852109658393706,TRUSTED,Inconsistent depth within objects,Inconsistent depth within objects | Missing depth returns | Erratic object motion (large filter innovation),45.81830099994022,6.60914499997034,2,0.9512636775575471,1.0,0.9965702105819607,1.0,1.0,1.0,0.8131511195321126,0.8034515993435419,0.6472779075777755,0.608311500275786,0.5204519914313168,0.9193063577159233,1.0,0.988511748935867,0
multi,depth_degradation,depth,1.0,4,2,2,0,0,1.0,1.0,1.0,0.9479125398216857,-1.1311336600262187,1.9824993299401328,1.1388928895825,0.8654104769071473,TRUSTED,Inconsistent depth within objects,Inconsistent depth within objects | Missing depth returns | Erratic object motion (large filter innovation),44.611715000087315,6.158056999993278,2,0.9517075535109638,1.0,0.9968192253553634,1.0,1.0,0.9977677053065849,0.8409005612923582,0.8280177310428889,0.7127342635544152,0.5987146686159843,0.5279711843521468,0.9590773681718788,1.0,1.0082264361174218,1
multi,depth_degradation,depth,1.0,5,2,2,0,0,1.0,1.0,1.0,0.9539891245502226,-1.1912653549857755,2.0607667176619806,1.19906075064249,0.8735277334710422,TRUSTED,Inconsistent depth within objects,Inconsistent depth within objects | Missing depth returns | Unstable tracking / temporal disagreement,54.65096000000358,9.435796999923696,2,0.9521096732173524,1.0,0.996167330146015,1.0,1.0,1.0,0.8581715729043413,0.8449522710178887,0.758079164953971,0.6095884507649214,0.5592126967666896,0.9303306984036805,1.0,0.9480947411578651,0
multi,depth_degradation,depth,1.0,6,2,2,0,0,1.0,1.0,1.0,0.9401802339603851,-1.15436545662258,2.0808990727300234,1.1623573528517277,0.8682187963967812,TRUSTED,Inconsistent depth within objects,Inconsistent depth within objects | Missing depth returns | Unstable tracking / temporal disagreement,45.89534100000492,6.415350999986913,2,0.9520830081098381,1.0,0.9966561631244846,1.0,1.0,0.9989509718254005,0.8567469687213646,0.852178547493122,0.7895706850438238,0.5610374919198449,0.5427613766178436,0.9243167346174908,1.0,0.9849946395210605,0
multi,depth_degradation,depth,1.0,7,2,2,0,0,1.0,1.0,1.0,0.8626397439123228,-1.6737652446912676,3.042400484499723,1.7058689404886453,0.8451840040409284,TRUSTED,Inconsistent depth within objects,Inconsistent depth within objects | Missing depth returns | Geometric inconsistency (calibration or depth scale error),45.52456000010352,6.320991000052345,2,0.9524112277486233,1.0,0.9996712226819917,1.0,1.0,0.9742018057233197,0.82531671866967,0.8390799212815074,0.7603730249033875,0.5836061507936507,0.4841978102598947,0.8169118018855666,1.0,0.4655948514523729,0
multi,depth_degradation,depth,1.0,8,2,2,0,0,1.0,1.0,1.0,0.8752658159137674,-5.246371476546578,10.229296145231828,5.280734038380864,0.7655445862718286,TRUSTED,Geometric inconsistency (calibration or depth scale error),Geometric inconsistency (calibration or depth scale error) | Inconsistent depth within objects | Missing depth returns,44.46380500007763,6.062710000037441,2,0.9384830621347897,0.9938330170406932,0.9996712226819917,1.0,1.0,0.9664882648616636,0.8416598118346639,0.8263248456078358,0.7262295762897812,0.6003185045948204,0.43166029026399333,0.3639017680334894,1.0,-3.1070113804029376,1
multi,depth_degradation,depth,1.0,9,2,2,0,0,1.0,1.0,1.0,0.8867917966850737,-1.4739729114200752,2.667699565058168,1.4747488827998922,0.8531104391277576,TRUSTED,Inconsistent depth within objects,Inconsistent depth within objects | Missing depth returns | Unstable tracking / temporal disagreement,46.47185199996784,6.815422999920884,2,0.9535653553232366,1.0,0.9984102316774734,1.0,1.0,0.9833751174433771,0.8516971218951256,0.813330312618899,0.698936957432149,0.5843946503086361,0.5355023280534611,0.862712965665084,1.0,0.6653871847235653,0
multi,depth_degradation,depth,1.0,10,2,2,0,0,1.0,1.0,1.0,0.8937428554739426,-1.2502145974532421,2.1659269747526757,1.2532237620610673,0.8682593370363481,TRUSTED,Inconsistent depth within objects,Inconsistent depth within objects | Missing depth returns | Unstable tracking / temporal disagreement,44.15765199996713,6.067270000016833,2,0.9521057493409935,1.0,0.9945756163955712,1.0,1.0,1.0,0.8442734393949486,0.8113385147336952,0.6918026121676427,0.6046840354767185,0.5832357749091982,0.9454676116392758,1.0,0.8891454986903984,0
multi,depth_degradation,depth,1.0,11,2,2,0,0,1.0,1.0,1.0,0.913572691526894,-1.2595445384149961,2.2082589605580196,1.2642421608834333,0.8668858423308254,TRUSTED,Missing depth returns,Missing depth returns | Inconsistent depth within objects | Unstable tracking / temporal disagreement,45.81336200010355,6.290124000088326,2,0.9542336928689465,1.0,0.9943142216263317,1.0,1.0,1.0,0.8648209046825233,0.8152116068723579,0.7080462481372014,0.5869696969696969,0.5982783754145542,0.9002895430230928,1.0,0.8798155577286444,0
multi,depth_degradation,depth,1.0,12,2,2,0,0,1.0,1.0,1.0,0.9304927709401046,-1.2618513832921572,2.1846500894297733,1.2680214015493045,0.8666145761024777,TRUSTED,Missing depth returns,Missing depth returns | Inconsistent depth within objects | Unstable tracking / temporal disagreement,43.024427999966974,6.1228160000155185,2,0.9542635792740755,1.0,0.9933429225243944,1.0,1.0,1.0,0.8367244482932941,0.8210586173346512,0.7267338483364335,0.5951318027210885,0.6008617813471769,0.8951004425006838,1.0,0.8775087128514834,0
multi,depth_degradation,depth,1.0,13,2,2,0,0,1.0,1.0,1.0,0.8119373307146411,-1.3187517912491522,2.0917996945588513,1.329312664602018,0.8637627244715951,TRUSTED,Inconsistent depth within objects,Inconsistent depth within objects | Missing depth returns | Unstable tracking / temporal disagreement,45.77594499994575,6.278941000005034,2,0.9540330796856911,1.0,0.9960088661993043,1.0,1.0,1.0,0.863620571577709,0.8291809229003202,0.771871747743583,0.577922077922078,0.5611757170547256,0.8674463539495123,1.0,0.8206083048944883,0
multi,depth_degradation,depth,1.0,14,1,1,0,0,1.0,1.0,1.0,0.8896911352085559,-2.0969116791434885,2.0969116791434885,2.1081449486037904,0.8467751451480692,TRUSTED,Inconsistent depth within objects,Inconsistent depth within objects | Missing depth returns | Unstable tracking / temporal disagreement,41.452323000157776,6.301865000068574,1,0.9537015839319211,1.0,0.9993231679418946,1.0,1.0,0.9713591529950519,0.8774383444845747,0.7546871784303798,0.6570511714532814,0.6175523349436393,0.5719356580280823,0.80027039254196,1.0,0.042448417000152006,0
multi,depth_degradation,depth,1.0,15,1,1,0,0,1.0,1.0,1.0,0.899274993846527,-2.1716571476148516,2.1716571476148516,2.1843778411248054,0.8425311822777575,TRUSTED,Inconsistent depth within objects,Inconsistent depth within objects | Missing depth returns | Geometric inconsistency (calibration or depth scale error),44.05916399991838,6.4184089999344,1,0.9511065413486167,0.9904080534752324,0.998807452686751,1.0,1.0,0.9850433554298572,0.8896885765168517,0.7442008595102753,0.6541595973088355,0.6114766081871345,0.5843924251589266,0.7628659888542938,1.0,-0.03229705147121109,0
multi,depth_degradation,depth,1.0,16,1,1,0,0,1.0,1.0,1.0,0.8958730585005164,-2.07604681927225,2.07604681927225,2.087435923625928,0.8456125110203258,TRUSTED,Missing depth returns,Missing depth returns | Inconsistent depth within objects | Unstable tracking / temporal disagreement,42.78840000006312,6.301859000018339,1,0.9505827415948349,1.0,0.9968209939261972,1.0,1.0,1.0,0.877772434527187,0.7375716023630804,0.6467171142794289,0.5803333333333334,0.583553568800618,0.8263239326191979,1.0,0.06331327687139066,0
multi,depth_degradation,depth,1.0,17,1,1,0,0,1.0,1.0,1.0,0.8993422557506565,-2.147608922875449,2.147608922875449,2.160087084902157,0.8451874340124258,TRUSTED,Missing depth returns,Missing depth returns | Inconsistent depth within objects | Unstable tracking / temporal disagreement,45.020939000096405,6.347672000060811,1,0.954184790692335,1.0,0.9942753130679876,1.0,1.0,1.0,0.8590780059282903,0.7327518420092382,0.6400602033582375,0.5961199294532628,0.6247294871820647,0.7932665953558489,1.0,-0.008248826731808379,0
multi,depth_degradation,depth,1.0,18,2,2,0,0,1.0,1.0,1.0,0.8566706395149323,-1.2682936087898584,2.1563210280045215,1.285108429092323,0.8472131296304678,TRUSTED,Unstable tracking / temporal disagreement,Unstable tracking / temporal disagreement | Missing depth returns | Inconsistent depth within objects,43.50139199993919,6.146717999968132,2,0.9526435568145247,1.0,0.9889589891415058,1.0,1.0,1.0,0.8805827850150302,0.6226553476606638,0.7026634870402491,0.5751421464108031,0.6256938801584041,0.8927406409394502,1.0,0.8710664873537821,0
multi,depth_degradation,depth,1.0,19,2,2,0,0,1.0,1.0,1.0,0.8209134127169431,-1.260241881660793,2.1535280061804727,1.2670927247812471,0.8429925635616611,TRUSTED,Unstable tracking / temporal disagreement,Unstable tracking / temporal disagreement | Missing depth returns | Inconsistent depth within objects,46.29692800006069,6.588786000065738,2,0.951392769953983,1.0,0.9798547402031346,1.0,1.0,1.0,0.8330852161619919,0.6056561053436136,0.696545796744473,0.6017640933319214,0.6556072256093638,0.8696787659480353,1.0,0.8791182144828475,0
multi,depth_degradation,depth,1.0,20,3,3,0,0,1.0,1.0,1.0,0.8288399782796597,-1.0831851268160164,2.070473753887674,1.089776252514185,0.8206715210546469,TRUSTED,Unstable tracking / temporal disagreement,Unstable tracking / temporal disagreement | Missing depth returns | Inconsistent depth within objects,45.96512299997357,6.665710999982366,3,0.9305295579505528,1.0,0.9725975866436116,1.0,1.0,1.0,0.7856166634386447,0.4723903044538871,0.7635400788052564,0.5873576726606917,0.6423579328054819,0.8848298397615221,1.0,1.0561749693276241,1
multi,depth_degradation,depth,1.0,21,3,3,0,0,1.0,1.0,1.0,0.8639149865344526,-1.123445199883502,2.142263785652492,1.1322652623089076,0.8256494414828908,TRUSTED,Unstable tracking / temporal disagreement,Unstable tracking / temporal disagreement | Missing depth returns | Inconsistent depth within objects,48.13035199981641,6.34398699992289,3,0.9279348149322084,1.0,0.9677888425464378,1.0,1.0,1.0,0.772144231419027,0.5041375088247513,0.793036640534778,0.6138773838120244,0.6320879757519415,0.8704622401106692,1.0,1.0159148962601385,1
multi,depth_degradation,depth,1.0,22,3,3,0,0,1.0,1.0,1.0,0.8820037082108932,-1.0660550628883243,2.136884399082348,1.0752120318010288,0.8213248854867816,TRUSTED,Unstable tracking / temporal disagreement,Unstable tracking / temporal disagreement | Missing depth returns | Distribution shift (input unlike calibration set),45.48339100017529,6.2784799999917595,3,0.9301146301979465,1.0,0.9623621597999252,1.0,1.0,1.0,0.7075026979118366,0.5270763422735596,0.8112081628291774,0.5901915534874337,0.6386261047893017,0.868268337764217,1.0,1.0733050332553162,1
multi,depth_degradation,depth,1.0,23,3,3,0,0,1.0,1.0,1.0,0.8831381282445481,-1.0842111905415852,2.118769645690918,1.0972278695757043,0.8210989871398418,TRUSTED,Unstable tracking / temporal disagreement,Unstable tracking / temporal disagreement | Missing depth returns | Distribution shift (input unlike calibration set),46.676662999971086,6.461311999942154,3,0.9307790489657118,1.0,0.9546296144002697,1.0,1.0,1.0,0.681252901153917,0.5419691372601786,0.8101479938691034,0.5845754639575129,0.6549517548113051,0.8689182576136991,1.0,1.0551489056020553,1
multi,calibration_error,intrinsics,0.25,0,2,2,0,0,1.0,1.0,1.0,1.0,-1.244034767150879,2.1380691528320312,1.2653701853456647,0.27602223603430187,DEGRADED,Unstable tracking / temporal disagreement,Unstable tracking / temporal disagreement | Distribution shift (input unlike calibration set),45.15758000002279,6.0261760000912545,2,0.9505856293590424,1.0,0.9966140711386395,1.0,1.0,0.9997637354238725,0.820288995541156,0.0,1.0,0.9952380952380953,0.9907716530492656,0.934232824562045,1.0,0.8953253289927616,0
multi,calibration_error,intrinsics,0.25,1,2,2,0,0,1.0,1.0,1.0,0.9761848982685465,-1.2448030969370976,2.1396058124044686,1.2602073107556155,0.8682088379852534,TRUSTED,Unstable tracking / temporal disagreement,Unstable tracking / temporal disagreement | Erratic object motion (large filter innovation) | Distribution shift (input unlike calibration set),45.642605999887564,6.152511999971466,2,0.9504707541692301,1.0,0.9973703120271837,1.0,1.0,0.9943964851825511,0.8234825173166942,0.6094961240310077,0.356560980663947,0.9785714285714286,0.9907593204098566,0.8712183075951202,1.0,0.894556999206543,0
multi,calibration_error,intrinsics,0.25,2,2,2,0,0,1.0,1.0,1.0,0.9699998642573293,-1.2439535182455312,2.137906655021336,1.2574380739162363,0.908084866284296,TRUSTED,Erratic object motion (large filter innovation),Erratic object motion (large filter innovation) | Unstable tracking / temporal disagreement | Distribution shift (input unlike calibration set),45.33726299996488,6.2079320000520966,2,0.9512557008308204,1.0,0.99674742137951,1.0,1.0,0.9988858796382466,0.8475438437896108,0.7393669552144184,0.543402674063275,0.9788177339901478,0.9907612360413235,0.8828833346683198,1.0,0.8954065778981093,0
multi,calibration_error,intrinsics,0.25,3,2,2,0,0,1.0,1.0,1.0,0.9513859617109259,-1.2442721905915626,2.1385439997133986,1.2557818472342777,0.9179755010829789,TRUSTED,Erratic object motion (large filter innovation),Erratic object motion (large filter innovation) | Unstable tracking / temporal disagreement | Distribution shift (input unlike calibration set),46.035944999971434,6.493645999967157,2,0.9512636775575471,1.0,0.9965702105819607,1.0,1.0,1.0,0.8131511195321126,0.8034515993435419,0.6472779075777755,0.9959183673469387,0.9907450401543308,0.8526104661876113,1.0,0.895087905552078,0
multi,calibration_error,intrinsics,0.25,4,2,2,0,0,1.0,1.0,1.0,0.9479125398216857,-1.2443457686382793,2.138691155806832,1.254234197569951,0.9287237497253333,TRUSTED,Erratic object motion (large filter innovation),Erratic object motion (large filter innovation) | Unstable tracking / temporal disagreement | Distribution shift (input unlike calibration set),47.50550699998257,6.325722000042333,2,0.9517075535109638,1.0,0.9968192253553634,1.0,1.0,0.9977677053065849,0.8409005612923582,0.8280177310428889,0.7127342635544152,0.9783068783068782,0.9902545871008644,0.8683259302889454,1.0,0.8950143275053613,0
multi,calibration_error,intrinsics,0.25,5,2,2,0,0,1.0,1.0,1.0,0.9539891245502226,-1.2441742523856778,2.138348123301629,1.2530087624656452,0.9335298467674791,TRUSTED,Geometric inconsistency (calibration or depth scale error),Geometric inconsistency (calibration or depth scale error) | Unstable tracking / temporal disagreement | Erratic object motion (large filter innovation),47.63408500002697,7.219066000061503,2,0.9521096732173524,1.0,0.996167330146015,1.0,1.0,1.0,0.8581715729043413,0.8449522710178887,0.758079164953971,0.9967032967032967,0.9897687782621171,0.8422718085990094,1.0,0.8951858437579627,0
multi,calibration_error,intrinsics,0.25,6,2,2,0,0,1.0,1.0,1.0,0.9401802339603851,-1.2437590723452363,2.137517763220746,1.2528007029386796,0.9356409128880553,TRUSTED,Geometric inconsistency (calibration or depth scale error),Geometric inconsistency (calibration or depth scale error) | Unstable tracking / temporal disagreement | Distribution shift (input unlike calibration set),47.070363999978326,6.16424999998344,2,0.9520830081098381,1.0,0.9966561631244846,1.0,1.0,0.9989509718254005,0.8567469687213646,0.852178547493122,0.7895706850438238,0.968956043956044,0.9897529023222349,0.8538881256596879,1.0,0.8956010237984042,0
multi,calibration_error,intrinsics,0.25,7,2,2,0,0,1.0,1.0,1.0,0.8626397439123228,-1.2290855076002032,2.10817063373068,1.2579155513620512,0.9250017626387166,TRUSTED,Geometric inconsistency (calibration or depth scale error),Geometric inconsistency (calibration or depth scale error) | Distribution shift (input unlike calibration set) | Unstable tracking / temporal disagreement,46.265807999930075,6.532847000016773,2,0.9524112277486233,1.0,0.9996712226819917,1.0,1.0,0.9742018057233197,0.82531671866967,0.8390799212815074,0.7603730249033875,0.9672371031746032,0.9917981106435225,0.8270903976668708,1.0,0.9102745885434373,0
multi,calibration_error,intrinsics,0.25,8,2,2,0,0,1.0,1.0,1.0,0.8752658159137674,-5.719565598861031,11.089130816252336,5.756909798399045,0.8295722536199226,TRUSTED,Geometric inconsistency (calibration or depth scale error),Geometric inconsistency (calibration or depth scale error) | Unstable tracking / temporal disagreement | Erratic object motion (large filter innovation),48.546884000188584,6.981476999953884,2,0.9384830621347897,0.9938330170406932,0.9996712226819917,1.0,1.0,0.9664882648616636,0.8416598118346639,0.8263248456078358,0.7262295762897812,0.9880952380952381,1.0,0.3113400735540068,1.0,-3.5802055027173907,1
multi,calibration_error,intrinsics,0.25,9,2,2,0,0,1.0,1.0,1.0,0.8867917966850737,-1.2637652106907051,2.1775300399116837,1.2705151562733705,0.9235456224867782,TRUSTED,Geometric inconsistency (calibration or depth scale error),Geometric inconsistency (calibration or depth scale error) | Unstable tracking / temporal disagreement | Erratic object motion (large filter innovation),48.368308999897636,6.268456999919181,2,0.9535653553232366,1.0,0.9984102316774734,1.0,1.0,0.9833751174433771,0.8516971218951256,0.813330312618899,0.698936957432149,0.9773291925465839,0.9913084307073914,0.8404237915104169,1.0,0.8755948854529354,0
multi,calibration_error,intrinsics,0.25,10,2,2,0,0,1.0,1.0,1.0,0.8937428554739426,-1.2469516007796582,2.1439028200895898,1.255617378847371,0.9265281356006718,TRUSTED,Unstable tracking / temporal disagreement,Unstable tracking / temporal disagreement | Erratic object motion (large filter innovation) | Geometric inconsistency (calibration or depth scale error),46.27342999981465,6.339672999956747,2,0.9521057493409935,1.0,0.9945756163955712,1.0,1.0,1.0,0.8442734393949486,0.8113385147336952,0.6918026121676427,0.999025974025974,0.9897495872839543,0.86247045569156,1.0,0.8924084953639824,0
multi,calibration_error,intrinsics,0.25,11,2,2,0,0,1.0,1.0,1.0,0.913572691526894,-1.2460309733515196,2.1420615652333126,1.2564799851542976,0.9249128001590143,TRUSTED,Geometric inconsistency (calibration or depth scale error),Geometric inconsistency (calibration or depth scale error) | Unstable tracking / temporal disagreement | Erratic object motion (large filter innovation),46.649431000105324,6.263795999984723,2,0.9542336928689465,1.0,0.9943142216263317,1.0,1.0,1.0,0.8648209046825233,0.8152116068723579,0.7080462481372014,0.9772727272727273,0.9887325853996777,0.8303697286686301,1.0,0.893329122792121,0
multi,calibration_error,intrinsics,0.25,12,2,2,0,0,1.0,1.0,1.0,0.9304927709401046,-1.2438257466191835,2.1376511117686405,1.256967645237278,0.9241274262684479,TRUSTED,Geometric inconsistency (calibration or depth scale error),Geometric inconsistency (calibration or depth scale error) | Unstable tracking / temporal disagreement | Erratic object motion (large filter innovation),49.60013099992011,7.237009999926158,2,0.9542635792740755,1.0,0.9933429225243944,1.0,1.0,1.0,0.8367244482932941,0.8210586173346512,0.7267338483364335,1.0,0.9877491702044789,0.8194132038910446,1.0,0.895534349524457,0
multi,calibration_error,intrinsics,0.25,13,2,2,0,0,1.0,1.0,1.0,0.8119373307146411,-1.2432169706925116,2.1364335599152966,1.2723207357297557,0.9280241148241226,TRUSTED,Geometric inconsistency (calibration or depth scale error),Geometric inconsistency (calibration or depth scale error) | Unstable tracking / temporal disagreement | Erratic object motion (large filter innovation),54.93032900005801,9.214901000063946,2,0.9540330796856911,1.0,0.9960088661993043,1.0,1.0,1.0,0.863620571577709,0.8291809229003202,0.771871747743583,0.969327731092437,0.9867747141626393,0.8142785490753809,1.0,0.896143125451129,0
multi,calibration_error,intrinsics,0.25,14,1,1,0,0,1.0,1.0,1.0,0.8896911352085559,-2.1379129990287424,2.1379129990287424,2.1470958859396494,0.9011341641006376,TRUSTED,Geometric inconsistency (calibration or depth scale error),Geometric inconsistency (calibration or depth scale error) | Unstable tracking / temporal disagreement | Erratic object motion (large filter innovation),49.96381100011149,6.621435000056408,1,0.9537015839319211,1.0,0.9993231679418946,1.0,1.0,0.9713591529950519,0.8774383444845747,0.7546871784303798,0.6570511714532814,1.0,0.9726738545502717,0.7205016065721555,1.0,0.0014470971148980993,0
multi,calibration_error,intrinsics,0.25,15,1,1,0,0,1.0,1.0,1.0,0.899274993846527,-2.138255658357039,2.138255658357039,2.1482180815969913,0.8979291296392032,TRUSTED,Geometric inconsistency (calibration or depth scale error),Geometric inconsistency (calibration or depth scale error) | Unstable tracking / temporal disagreement | Erratic object motion (large filter innovation),54.560994000212304,7.44851300009941,1,0.9511065413486167,0.9904080534752324,0.998807452686751,1.0,1.0,0.9850433554298572,0.8896885765168517,0.7442008595102753,0.6541595973088355,1.0,0.9716153574264149,0.702029993110682,1.0,0.0011044377866014088,0
multi,calibration_error,intrinsics,0.25,16,1,1,0,0,1.0,1.0,1.0,0.8958730585005164,-2.1374610610630214,2.1374610610630214,2.1473660802288594,0.9016577606031171,TRUSTED,Geometric inconsistency (calibration or depth scale error),Geometric inconsistency (calibration or depth scale error) | Unstable tracking / temporal disagreement | Erratic object motion (large filter innovation),47.812160000034964,6.513713000003918,1,0.9505827415948349,1.0,0.9968209939261972,1.0,1.0,1.0,0.877772434527187,0.7375716023630804,0.6467171142794289,1.0,0.9697337351034728,0.7379588409935505,1.0,0.0018990350806191714,0
multi,calibration_error,intrinsics,0.25,17,1,1,0,0,1.0,1.0,1.0,0.8993422557506565,-2.1385490168695895,2.1385490168695895,2.1489504112846536,0.8970736984250492,TRUSTED,Geometric inconsistency (calibration or depth scale error),Geometric inconsistency (calibration or depth scale error) | Unstable tracking / temporal disagreement | Erratic object motion (large filter innovation),44.72710499999266,6.311905999950795,1,0.954184790692335,1.0,0.9942753130679876,1.0,1.0,1.0,0.8590780059282903,0.7327518420092382,0.6400602033582375,1.0,0.9678770129054551,0.7245657903648195,1.0,0.0008110792740509964,0
multi,calibration_error,intrinsics,0.25,18,2,2,0,0,1.0,1.0,1.0,0.8566706395149323,-1.2433755294136377,2.136750677357549,1.2525700856604678,0.9000746231130945,TRUSTED,Unstable tracking / temporal disagreement,Unstable tracking / temporal disagreement | Geometric inconsistency (calibration or depth scale error) | Erratic object motion (large filter innovation),46.21425100003762,6.6736010001022805,2,0.9526435568145247,1.0,0.9889589891415058,1.0,1.0,1.0,0.8805827850150302,0.6226553476606638,0.7026634870402491,0.9583333333333333,0.982821544840411,0.8186709790148124,1.0,0.8959845667300028,0
multi,calibration_error,intrinsics,0.25,19,2,2,0,0,1.0,1.0,1.0,0.8209134127169431,-1.2431749260943867,2.136349470719047,1.2655017312210122,0.8920876787124453,TRUSTED,Unstable tracking / temporal disagreement,Unstable tracking / temporal disagreement | Geometric inconsistency (calibration or depth scale error) | Erratic object motion (large filter innovation),46.79637099991396,6.743261999986316,2,0.951392769953983,1.0,0.9798547402031346,1.0,1.0,1.0,0.8330852161619919,0.6056561053436136,0.696545796744473,1.0,0.981842856571731,0.7956627412759405,1.0,0.8961851700492538,0
multi,calibration_error,intrinsics,0.25,20,3,3,0,0,1.0,1.0,1.0,0.8288399782796597,-1.1169463102368333,2.1355925435605254,1.1500815337795063,0.8696834354587524,TRUSTED,Unstable tracking / temporal disagreement,Unstable tracking / temporal disagreement | Geometric inconsistency (calibration or depth scale error) | Distribution shift (input unlike calibration set),47.51524300013443,6.3872229999333285,3,0.9305295579505528,1.0,0.9725975866436116,1.0,1.0,1.0,0.7856166634386447,0.4723903044538871,0.7635400788052564,0.9989648033126294,0.9845102873980859,0.7950439080293906,1.0,1.0224137859068072,1
multi,calibration_error,intrinsics,0.25,21,3,3,0,0,1.0,1.0,1.0,0.8639149865344526,-1.1152590184971902,2.1354192650836445,1.1572311438594884,0.8757167388146347,TRUSTED,Unstable tracking / temporal disagreement,Unstable tracking / temporal disagreement | Geometric inconsistency (calibration or depth scale error) | Distribution shift (input unlike calibration set),47.32748399999309,6.39137699999992,3,0.9279348149322084,1.0,0.9677888425464378,1.0,1.0,1.0,0.772144231419027,0.5041375088247513,0.793036640534778,0.9978021978021978,0.983140478500937,0.8046165949324728,1.0,1.0241010776464503,1
multi,calibration_error,intrinsics,0.25,22,3,3,0,0,1.0,1.0,1.0,0.8820037082108932,-1.113169753033181,2.134248443271801,1.162367448887965,0.8733796535751783,TRUSTED,Unstable tracking / temporal disagreement,Unstable tracking / temporal disagreement | Distribution shift (input unlike calibration set) | Geometric inconsistency (calibration or depth scale error),47.34338199989452,6.609714999967764,3,0.9301146301979465,1.0,0.9623621597999252,1.0,1.0,1.0,0.7075026979118366,0.5270763422735596,0.8112081628291774,0.9966490299823633,0.9811593264169566,0.8077308868296894,1.0,1.0261903431104595,1
multi,calibration_error,intrinsics,0.25,23,3,3,0,0,1.0,1.0,1.0,0.8831381282445481,-1.1105990409851074,2.1318416595458984,1.167243247734132,0.8705404009466259,TRUSTED,Unstable tracking / temporal disagreement,Unstable tracking / temporal disagreement | Distribution shift (input unlike calibration set) | Geometric inconsistency (calibration or depth scale error),47.03655500009063,6.446869999990668,3,0.9307790489657118,1.0,0.9546296144002697,1.0,1.0,1.0,0.681252901153917,0.5419691372601786,0.8101479938691034,0.9972789115646258,0.9792656572961536,0.7955003585248482,1.0,1.028761055158533,1
multi,calibration_error,intrinsics,0.5,0,2,2,0,0,1.0,1.0,1.0,1.0,-1.244034767150879,2.1380691528320312,1.286115160006998,0.2731810157341346,DEGRADED,Unstable tracking / temporal disagreement,Unstable tracking / temporal disagreement | Geometric inconsistency (calibration or depth scale error) | Distribution shift (input unlike calibration set),45.42486900015774,6.176404000029834,2,0.9505856293590424,1.0,0.9966140711386395,1.0,1.0,0.9997637354238725,0.820288995541156,0.0,1.0,0.9952380952380953,0.9907716530492656,0.8496972412632902,1.0,0.8953253289927616,0
multi,calibration_error,intrinsics,0.5,1,2,2,0,0,1.0,1.0,1.0,0.9761848982685465,-1.2448030969370976,2.1396058124044686,1.2783007162789544,0.8593978713393124,TRUSTED,Unstable tracking / temporal disagreement,Unstable tracking / temporal disagreement | Erratic object motion (large filter innovation) | Geometric inconsistency (calibration or depth scale error),46.093287999951826,6.533827999987807,2,0.9504707541692301,1.0,0.9973703120271837,1.0,1.0,0.9943964851825511,0.8234825173166942,0.6094961240310077,0.356560980663947,0.9785714285714286,0.9907593204098566,0.7934495390884959,1.0,0.894556999206543,0
multi,calibration_error,intrinsics,0.5,2,2,2,0,0,1.0,1.0,1.0,0.9699998642573293,-1.2439535182455312,2.137906655021336,1.2732013609007249,0.8988441391990951,TRUSTED,Erratic object motion (large filter innovation),Erratic object motion (large filter innovation) | Unstable tracking / temporal disagreement | Geometric inconsistency (calibration or depth scale error),46.573688999956175,6.564171000036367,2,0.9512557008308204,1.0,0.99674742137951,1.0,1.0,0.9988858796382466,0.8475438437896108,0.7393669552144184,0.543402674063275,0.9788177339901478,0.9907612360413235,0.8038676562983668,1.0,0.8954065778981093,0
multi,calibration_error,intrinsics,0.5,3,2,2,0,0,1.0,1.0,1.0,0.9513859617109259,-1.2442721905915626,2.1385439997133986,1.270140954909955,0.908700637482833,TRUSTED,Geometric inconsistency (calibration or depth scale error),Geometric inconsistency (calibration or depth scale error) | Erratic object motion (large filter innovation) | Unstable tracking / temporal disagreement,46.43520799993439,6.276748000004773,2,0.9512636775575471,1.0,0.9965702105819607,1.0,1.0,1.0,0.8131511195321126,0.8034515993435419,0.6472779075777755,0.9959183673469387,0.9907450401543308,0.7768251772351202,1.0,0.895087905552078,0
multi,calibration_error,intrinsics,0.5,4,2,2,0,0,1.0,1.0,1.0,0.9479125398216857,-1.2443457686382793,2.138691155806832,1.2677770218198616,0.9193050645068933,TRUSTED,Geometric inconsistency (calibration or depth scale error),Geometric inconsistency (calibration or depth scale error) | Erratic object motion (large filter innovation) | Unstable tracking / temporal disagreement,46.46018100015681,6.297597000070709,2,0.9517075535109638,1.0,0.9968192253553634,1.0,1.0,0.9977677053065849,0.8409005612923582,0.8280177310428889,0.7127342635544152,0.9783068783068782,0.9902545871008644,0.7908659230246257,1.0,0.8950143275053613,0
multi,calibration_error,intrinsics,0.5,5,2,2,0,0,1.0,1.0,1.0,0.9539891245502226,-1.2441742523856778,2.138348123301629,1.2662295209754488,0.9241214802193917,TRUSTED,Geometric inconsistency (calibration or depth scale error),Geometric inconsistency (calibration or depth scale error) | Unstable tracking / temporal disagreement | Erratic object motion (large filter innovation),46.717584000020906,6.6989359999070075,2,0.9521096732173524,1.0,0.996167330146015,1.0,1.0,1.0,0.8581715729043413,0.8449522710178887,0.758079164953971,0.9967032967032967,0.9897687782621171,0.7675855497688365,1.0,0.8951858437579627,0
multi,calibration_error,intrinsics,0.5,6,2,2,0,0,1.0,1.0,1.0,0.9401802339603851,-1.2437590723452363,2.137517763220746,1.2657962356574357,0.926184655382082,TRUSTED,Geometric inconsistency (calibration or depth scale error),Geometric inconsistency (calibration or depth scale error) | Unstable tracking / temporal disagreement | Distribution shift (input unlike calibration set),47.17209000011735,6.601493000061964,2,0.9520830081098381,1.0,0.9966561631244846,1.0,1.0,0.9989509718254005,0.8567469687213646,0.852178547493122,0.7895706850438238,0.968956043956044,0.9897529023222349,0.7779668675849367,1.0,0.8956010237984042,0
multi,calibration_error,intrinsics,0.5,7,2,2,0,0,1.0,1.0,1.0,0.8626397439123228,-1.2290855076002032,2.10817063373068,1.2659466751633088,0.9157142858432407,TRUSTED,Geometric inconsistency (calibration or depth scale error),Geometric inconsistency (calibration or depth scale error) | Distribution shift (input unlike calibration set) | Unstable tracking / temporal disagreement,47.09979399979147,6.6717759999619375,2,0.9524112277486233,1.0,0.9996712226819917,1.0,1.0,0.9742018057233197,0.82531671866967,0.8390799212815074,0.7603730249033875,0.9672371031746032,0.9917981106435225,0.7540140069718972,1.0,0.9102745885434373,0
multi,calibration_error,intrinsics,0.5,8,2,2,0,0,1.0,1.0,1.0,0.8752658159137674,-5.719565598861031,11.089130816252336,5.766244944576242,0.8229279722397943,TRUSTED,Geometric inconsistency (calibration or depth scale error),Geometric inconsistency (calibration or depth scale error) | Unstable tracking / temporal disagreement | Erratic object motion (large filter innovation),46.438151999950605,6.561821999980566,2,0.9384830621347897,0.9938330170406932,0.9996712226819917,1.0,1.0,0.9664882648616636,0.8416598118346639,0.8263248456078358,0.7262295762897812,0.9880952380952381,1.0,0.2892154032350691,1.0,-3.5802055027173907,1
multi,calibration_error,intrinsics,0.5,9,2,2,0,0,1.0,1.0,1.0,0.8867917966850737,-1.2637652106907051,2.1775300399116837,1.290442351223172,0.9142420925044743,TRUSTED,Geometric inconsistency (calibration or depth scale error),Geometric inconsistency (calibration or depth scale error) | Unstable tracking / temporal disagreement | Erratic object motion (large filter innovation),46.469185999853835,6.547684999986814,2,0.9535653553232366,1.0,0.9984102316774734,1.0,1.0,0.9833751174433771,0.8516971218951256,0.813330312618899,0.698936957432149,0.9773291925465839,0.9913084307073914,0.7659337533895153,1.0,0.8755948854529354,0
multi,calibration_error,intrinsics,0.5,10,2,2,0,0,1.0,1.0,1.0,0.8937428554739426,-1.2469516007796582,2.1439028200895898,1.2755054803219166,0.9171447359866451,TRUSTED,Geometric inconsistency (calibration or depth scale error),Geometric inconsistency (calibration or depth scale error) | Unstable tracking / temporal disagreement | Erratic object motion (large filter innovation),46.413459000063995,6.574453999974139,2,0.9521057493409935,1.0,0.9945756163955712,1.0,1.0,1.0,0.8442734393949486,0.8113385147336952,0.6918026121676427,0.999025974025974,0.9897495872839543,0.7856350129983258,1.0,0.8924084953639824,0
multi,calibration_error,intrinsics,0.5,11,2,2,0,0,1.0,1.0,1.0,0.913572691526894,-1.2460309733515196,2.1420615652333126,1.277375342709848,0.9156186155274757,TRUSTED,Geometric inconsistency (calibration or depth scale error),Geometric inconsistency (calibration or depth scale error) | Unstable tracking / temporal disagreement | Erratic object motion (large filter innovation),46.46422600001188,6.390576999933728,2,0.9542336928689465,1.0,0.9943142216263317,1.0,1.0,1.0,0.8648209046825233,0.8152116068723579,0.7080462481372014,0.9772727272727273,0.9887325853996777,0.7569459936109488,1.0,0.893329122792121,0
multi,calibration_error,intrinsics,0.5,12,2,2,0,0,1.0,1.0,1.0,0.9304927709401046,-1.2438257466191835,2.1376511117686405,1.2796652500949008,0.9148666265412622,TRUSTED,Geometric inconsistency (calibration or depth scale error),Geometric inconsistency (calibration or depth scale error) | Unstable tracking / temporal disagreement | Erratic object motion (large filter innovation),46.0538169999154,6.179686999985279,2,0.9542635792740755,1.0,0.9933429225243944,1.0,1.0,1.0,0.8367244482932941,0.8210586173346512,0.7267338483364335,1.0,0.9877491702044789,0.7471491000628476,1.0,0.895534349524457,0
multi,calibration_error,intrinsics,0.5,13,2,2,0,0,1.0,1.0,1.0,0.8119373307146411,-1.2432169706925116,2.1364335599152966,1.3026213341359552,0.9187363815052416,TRUSTED,Geometric inconsistency (calibration or depth scale error),Geometric inconsistency (calibration or depth scale error) | Unstable tracking / temporal disagreement | Erratic object motion (large filter innovation),45.40532099997563,6.245926000019608,2,0.9540330796856911,1.0,0.9960088661993043,1.0,1.0,1.0,0.863620571577709,0.8291809229003202,0.771871747743583,0.969327731092437,0.9867747141626393,0.7425570287103059,1.0,0.896143125451129,0
multi,calibration_error,intrinsics,0.5,14,1,1,0,0,1.0,1.0,1.0,0.8896911352085559,-2.1379129990287424,2.1379129990287424,2.150287954371802,0.8923445725885811,TRUSTED,Geometric inconsistency (calibration or depth scale error),Geometric inconsistency (calibration or depth scale error) | Unstable tracking / temporal disagreement | Erratic object motion (large filter innovation),44.209000000137166,6.5640120000125535,1,0.9537015839319211,1.0,0.9993231679418946,1.0,1.0,0.9713591529950519,0.8774383444845747,0.7546871784303798,0.6570511714532814,1.0,0.9726738545502717,0.658587764708269,1.0,0.0014470971148980993,0
multi,calibration_error,intrinsics,0.5,15,1,1,0,0,1.0,1.0,1.0,0.899274993846527,-2.138255658357039,2.138255658357039,2.150819487972301,0.8892192481934311,TRUSTED,Geometric inconsistency (calibration or depth scale error),Geometric inconsistency (calibration or depth scale error) | Unstable tracking / temporal disagreement | Erratic object motion (large filter innovation),44.40244599993548,6.4455039999984365,1,0.9511065413486167,0.9904080534752324,0.998807452686751,1.0,1.0,0.9850433554298572,0.8896885765168517,0.7442008595102753,0.6541595973088355,1.0,0.9716153574264149,0.6420240264667854,1.0,0.0011044377866014088,0
multi,calibration_error,intrinsics,0.5,16,1,1,0,0,1.0,1.0,1.0,0.8958730585005164,-2.1374610610630214,2.1374610610630214,2.1496775332870723,0.892818219381606,TRUSTED,Geometric inconsistency (calibration or depth scale error),Geometric inconsistency (calibration or depth scale error) | Unstable tracking / temporal disagreement | Erratic object motion (large filter innovation),44.710490000170466,6.189421000044604,1,0.9505827415948349,1.0,0.9968209939261972,1.0,1.0,1.0,0.877772434527187,0.7375716023630804,0.6467171142794289,1.0,0.9697337351034728,0.674234387502838,1.0,0.0018990350806191714,0
multi,calibration_error,intrinsics,0.5,17,1,1,0,0,1.0,1.0,1.0,0.8993422557506565,-2.1385490168695895,2.1385490168695895,2.1509028591128527,0.8883132297439735,TRUSTED,Geometric inconsistency (calibration or depth scale error),Geometric inconsistency (calibration or depth scale error) | Unstable tracking / temporal disagreement | Erratic object motion (large filter innovation),44.88723600002231,6.327704000000267,1,0.954184790692335,1.0,0.9942753130679876,1.0,1.0,1.0,0.8590780059282903,0.7327518420092382,0.6400602033582375,1.0,0.9678770129054551,0.6622310683312947,1.0,0.0008110792740509964,0
multi,calibration_error,intrinsics,0.5,18,2,2,0,0,1.0,1.0,1.0,0.8566706395149323,-1.2433755294136377,2.136750677357549,1.2721715855573474,0.8910565536414394,TRUSTED,Unstable tracking / temporal disagreement,Unstable tracking / temporal disagreement | Geometric inconsistency (calibration or depth scale error) | Erratic object motion (large filter innovation),45.427213999914784,6.35387299996637,2,0.9526435568145247,1.0,0.9889589891415058,1.0,1.0,1.0,0.8805827850150302,0.6226553476606638,0.7026634870402491,0.9583333333333333,0.982821544840411,0.7464853410335203,1.0,0.8959845667300028,0
multi,calibration_error,intrinsics,0.5,19,2,2,0,0,1.0,1.0,1.0,0.8209134127169431,-1.2431749260943867,2.136349470719047,1.305376609541315,0.8832024504034738,TRUSTED,Unstable tracking / temporal disagreement,Unstable tracking / temporal disagreement | Geometric inconsistency (calibration or depth scale error) | Erratic object motion (large filter innovation),46.20660500006579,6.369057000028988,2,0.951392769953983,1.0,0.9798547402031346,1.0,1.0,1.0,0.8330852161619919,0.6056561053436136,0.696545796744473,1.0,0.981842856571731,0.7259036734809581,1.0,0.8961851700492538,0
multi,calibration_error,intrinsics,0.5,20,3,3,0,0,1.0,1.0,1.0,0.8288399782796597,-1.1169463102368333,2.1355925435605254,1.2016042325747673,0.8610227597347261,TRUSTED,Unstable tracking / temporal disagreement,Unstable tracking / temporal disagreement | Geometric inconsistency (calibration or depth scale error) | Distribution shift (input unlike calibration set),47.09281700002066,6.242476000011266,3,0.9305295579505528,1.0,0.9725975866436116,1.0,1.0,1.0,0.7856166634386447,0.4723903044538871,0.7635400788052564,0.9989648033126294,0.9845102873980859,0.7253499490422672,1.0,1.0224137859068072,1
multi,calibration_error,intrinsics,0.5,21,3,3,0,0,1.0,1.0,1.0,0.8639149865344526,-1.1152590184971902,2.1354192650836445,1.2138441861867608,0.8669742119232638,TRUSTED,Unstable tracking / temporal disagreement,Unstable tracking / temporal disagreement | Geometric inconsistency (calibration or depth scale error) | Distribution shift (input unlike calibration set),47.56530399993153,6.76359900000989,3,0.9279348149322084,1.0,0.9677888425464378,1.0,1.0,1.0,0.772144231419027,0.5041375088247513,0.793036640534778,0.9978021978021978,0.983140478500937,0.7339145489414644,1.0,1.0241010776464503,1
multi,calibration_error,intrinsics,0.5,22,3,3,0,0,1.0,1.0,1.0,0.8820037082108932,-1.113169753033181,2.134248443271801,1.223307114897882,0.8646534510099662,TRUSTED,Unstable tracking / temporal disagreement,Unstable tracking / temporal disagreement | Geometric inconsistency (calibration or depth scale error) | Distribution shift (input unlike calibration set),47.93713099991237,6.851920999906724,3,0.9301146301979465,1.0,0.9623621597999252,1.0,1.0,1.0,0.7075026979118366,0.5270763422735596,0.8112081628291774,0.9966490299823633,0.9811593264169566,0.736700455320964,1.0,1.0261903431104595,1
multi,calibration_error,intrinsics,0.5,23,3,3,0,0,1.0,1.0,1.0,0.8831381282445481,-1.1105990409851074,2.1318416595458984,1.2324392255716536,0.8618701534176919,TRUSTED,Unstable tracking / temporal disagreement,Unstable tracking / temporal disagreement | Geometric inconsistency (calibration or depth scale error) | Distribution shift (input unlike calibration set),47.82460000001265,6.69024499995885,3,0.9307790489657118,1.0,0.9546296144002697,1.0,1.0,1.0,0.681252901153917,0.5419691372601786,0.8101479938691034,0.9972789115646258,0.9792656572961536,0.7257583761782354,1.0,1.028761055158533,1
multi,calibration_error,intrinsics,0.75,0,2,2,0,0,1.0,1.0,1.0,1.0,-1.244034767150879,2.1380691528320312,1.318315061584885,0.2704746262218403,DEGRADED,Unstable tracking / temporal disagreement,Unstable tracking / temporal disagreement | Geometric inconsistency (calibration or depth scale error) | Distribution shift (input unlike calibration set),45.315680000157954,6.20783300007588,2,0.9505856293590424,1.0,0.9966140711386395,1.0,1.0,0.9997637354238725,0.820288995541156,0.0,1.0,0.9952380952380953,0.9907716530492656,0.7755819053651672,1.0,0.8953253289927616,0
multi,calibration_error,intrinsics,0.75,1,2,2,0,0,1.0,1.0,1.0,0.9761848982685465,-1.2448030969370976,2.1396058124044686,1.3074653336190025,0.8510038246783549,TRUSTED,Unstable tracking / temporal disagreement,Unstable tracking / temporal disagreement | Erratic object motion (large filter innovation) | Geometric inconsistency (calibration or depth scale error),46.06066799999553,6.519723999986127,2,0.9504707541692301,1.0,0.9973703120271837,1.0,1.0,0.9943964851825511,0.8234825173166942,0.6094961240310077,0.356560980663947,0.9785714285714286,0.9907593204098566,0.7251769587669599,1.0,0.894556999206543,0
multi,calibration_error,intrinsics,0.75,2,2,2,0,0,1.0,1.0,1.0,0.9699998642573293,-1.2439535182455312,2.137906655021336,1.2997028392989851,0.8900409086549625,TRUSTED,Geometric inconsistency (calibration or depth scale error),Geometric inconsistency (calibration or depth scale error) | Erratic object motion (large filter innovation) | Unstable tracking / temporal disagreement,45.48644799990598,6.3680169999997815,2,0.9512557008308204,1.0,0.99674742137951,1.0,1.0,0.9988858796382466,0.8475438437896108,0.7393669552144184,0.543402674063275,0.9788177339901478,0.9907612360413235,0.7345178397152589,1.0,0.8954065778981093,0
multi,calibration_error,intrinsics,0.75,3,2,2,0,0,1.0,1.0,1.0,0.9513859617109259,-1.2442721905915626,2.1385439997133986,1.2949853225111854,0.8998642519901078,TRUSTED,Geometric inconsistency (calibration or depth scale error),Geometric inconsistency (calibration or depth scale error) | Erratic object motion (large filter innovation) | Unstable tracking / temporal disagreement,46.17892100009158,6.617032000008294,2,0.9512636775575471,1.0,0.9965702105819607,1.0,1.0,1.0,0.8131511195321126,0.8034515993435419,0.6472779075777755,0.9959183673469387,0.9907450401543308,0.7102667544905882,1.0,0.895087905552078,0
multi,calibration_error,intrinsics,0.75,4,2,2,0,0,1.0,1.0,1.0,0.9479125398216857,-1.2443457686382793,2.138691155806832,1.2916640815077574,0.9103319940618245,TRUSTED,Geometric inconsistency (calibration or depth scale error),Geometric inconsistency (calibration or depth scale error) | Erratic object motion (large filter innovation) | Unstable tracking / temporal disagreement,44.94466499988903,6.2221740000723,2,0.9517075535109638,1.0,0.9968192253553634,1.0,1.0,0.9977677053065849,0.8409005612923582,0.8280177310428889,0.7127342635544152,0.9783068783068782,0.9902545871008644,0.7228601323833799,1.0,0.8950143275053613,0
multi,calibration_error,intrinsics,0.75,5,2,2,0,0,1.0,1.0,1.0,0.9539891245502226,-1.2441742523856778,2.138348123301629,1.2897514087132196,0.9151576781530744,TRUSTED,Geometric inconsistency (calibration or depth scale error),Geometric inconsistency (calibration or depth scale error) | Unstable tracking / temporal disagreement | Erratic object motion (large filter innovation),45.52555699990535,6.278009999959977,2,0.9521096732173524,1.0,0.996167330146015,1.0,1.0,1.0,0.8581715729043413,0.8449522710178887,0.758079164953971,0.9967032967032967,0.9897687782621171,0.7019772407398739,1.0,0.8951858437579627,0
multi,calibration_error,intrinsics,0.75,6,2,2,0,0,1.0,1.0,1.0,0.9401802339603851,-1.2437590723452363,2.137517763220746,1.2891534454582814,0.9171754793244229,TRUSTED,Geometric inconsistency (calibration or depth scale error),Geometric inconsistency (calibration or depth scale error) | Unstable tracking / temporal disagreement | Distribution shift (input unlike calibration set),45.624597999903926,6.254585999954543,2,0.9520830081098381,1.0,0.9966561631244846,1.0,1.0,0.9989509718254005,0.8567469687213646,0.852178547493122,0.7895706850438238,0.968956043956044,0.9897529023222349,0.7112909148918034,1.0,0.8956010237984042,0
multi,calibration_error,intrinsics,0.75,7,2,2,0,0,1.0,1.0,1.0,0.8626397439123228,-1.2290855076002032,2.10817063373068,1.2848796848789032,0.9068653299376984,TRUSTED,Geometric inconsistency (calibration or depth scale error),Geometric inconsistency (calibration or depth scale error) | Distribution shift (input unlike calibration set) | Unstable tracking / temporal disagreement,45.125453999958154,6.221693999918898,2,0.9524112277486233,1.0,0.9996712226819917,1.0,1.0,0.9742018057233197,0.82531671866967,0.8390799212815074,0.7603730249033875,0.9672371031746032,0.9917981106435225,0.6897978431138252,1.0,0.9102745885434373,0
multi,calibration_error,intrinsics,0.75,8,2,2,0,0,1.0,1.0,1.0,0.8752658159137674,-5.719565598861031,11.089130816252336,5.782155897421057,0.8165846651465342,TRUSTED,Geometric inconsistency (calibration or depth scale error),Geometric inconsistency (calibration or depth scale error) | Unstable tracking / temporal disagreement | Erratic object motion (large filter innovation),46.48302299995066,6.173952000040117,2,0.9384830621347897,0.9938330170406932,0.9996712226819917,1.0,1.0,0.9664882648616636,0.8416598118346639,0.8263248456078358,0.7262295762897812,0.9880952380952381,1.0,0.2694113420242549,1.0,-3.5802055027173907,1
multi,calibration_error,intrinsics,0.75,9,2,2,0,0,1.0,1.0,1.0,0.8867917966850737,-1.2637652106907051,2.1775300399116837,1.3205198308415558,0.9053781331854507,TRUSTED,Geometric inconsistency (calibration or depth scale error),Geometric inconsistency (calibration or depth scale error) | Unstable tracking / temporal disagreement | Erratic object motion (large filter innovation),45.39936399999078,6.127885000069,2,0.9535653553232366,1.0,0.9984102316774734,1.0,1.0,0.9833751174433771,0.8516971218951256,0.813330312618899,0.698936957432149,0.9773291925465839,0.9913084307073914,0.7004951013531604,1.0,0.8755948854529354,0
multi,calibration_error,intrinsics,0.75,10,2,2,0,0,1.0,1.0,1.0,0.8937428554739426,-1.2469516007796582,2.1439028200895898,1.305807221260844,0.9082051572117462,TRUSTED,Geometric inconsistency (calibration or depth scale error),Geometric inconsistency (calibration or depth scale error) | Unstable tracking / temporal disagreement | Erratic object motion (large filter innovation),45.21847999990314,6.205827000030695,2,0.9521057493409935,1.0,0.9945756163955712,1.0,1.0,1.0,0.8442734393949486,0.8113385147336952,0.6918026121676427,0.999025974025974,0.9897495872839543,0.7181689394627246,1.0,0.8924084953639824,0
multi,calibration_error,intrinsics,0.75,11,2,2,0,0,1.0,1.0,1.0,0.913572691526894,-1.2460309733515196,2.1420615652333126,1.3089300736824765,0.9067633406356491,TRUSTED,Geometric inconsistency (calibration or depth scale error),Geometric inconsistency (calibration or depth scale error) | Unstable tracking / temporal disagreement | Erratic object motion (large filter innovation),56.284987999902114,7.423704999951042,2,0.9542336928689465,1.0,0.9943142216263317,1.0,1.0,1.0,0.8648209046825233,0.8152116068723579,0.7080462481372014,0.9772727272727273,0.9887325853996777,0.6924294194255833,1.0,0.893329122792121,0
multi,calibration_error,intrinsics,0.75,12,2,2,0,0,1.0,1.0,1.0,0.9304927709401046,-1.2438257466191835,2.1376511117686405,1.3130981175924668,0.9060429187306057,TRUSTED,Geometric inconsistency (calibration or depth scale error),Geometric inconsistency (calibration or depth scale error) | Unstable tracking / temporal disagreement | Erratic object motion (large filter innovation),51.49827600007484,6.525976000034461,2,0.9542635792740755,1.0,0.9933429225243944,1.0,1.0,1.0,0.8367244482932941,0.8210586173346512,0.7267338483364335,1.0,0.9877491702044789,0.6836355555441755,1.0,0.895534349524457,0
multi,calibration_error,intrinsics,0.75,13,2,2,0,0,1.0,1.0,1.0,0.8119373307146411,-1.2432169706925116,2.1364335599152966,1.3414694393349262,0.9098868968106466,TRUSTED,Geometric inconsistency (calibration or depth scale error),Geometric inconsistency (calibration or depth scale error) | Unstable tracking / temporal disagreement | Erratic object motion (large filter innovation),45.02454300006775,6.358114000022397,2,0.9540330796856911,1.0,0.9960088661993043,1.0,1.0,1.0,0.863620571577709,0.8291809229003202,0.771871747743583,0.969327731092437,0.9867747141626393,0.6795128843441347,1.0,0.896143125451129,0
multi,calibration_error,intrinsics,0.75,14,1,1,0,0,1.0,1.0,1.0,0.8896911352085559,-2.1379129990287424,2.1379129990287424,2.158417313619079,0.8839676149442774,TRUSTED,Geometric inconsistency (calibration or depth scale error),Geometric inconsistency (calibration or depth scale error) | Unstable tracking / temporal disagreement | Erratic object motion (large filter innovation),43.2167300001538,6.298782000044412,1,0.9537015839319211,1.0,0.9993231679418946,1.0,1.0,0.9713591529950519,0.8774383444845747,0.7546871784303798,0.6570511714532814,1.0,0.9726738545502717,0.6040388392988512,1.0,0.0014470971148980993,0
multi,calibration_error,intrinsics,0.75,15,1,1,0,0,1.0,1.0,1.0,0.899274993846527,-2.138255658357039,2.138255658357039,2.157839629987097,0.8809178147767687,TRUSTED,Geometric inconsistency (calibration or depth scale error),Geometric inconsistency (calibration or depth scale error) | Unstable tracking / temporal disagreement | Erratic object motion (large filter innovation),42.99116000004233,6.332150000048387,1,0.9511065413486167,0.9904080534752324,0.998807452686751,1.0,1.0,0.9850433554298572,0.8896885765168517,0.7442008595102753,0.6541595973088355,1.0,0.9716153574264149,0.5891300985708081,1.0,0.0011044377866014088,0
multi,calibration_error,intrinsics,0.75,16,1,1,0,0,1.0,1.0,1.0,0.8958730585005164,-2.1374610610630214,2.1374610610630214,2.155904449478615,0.884394072106413,TRUSTED,Geometric inconsistency (calibration or depth scale error),Geometric inconsistency (calibration or depth scale error) | Unstable tracking / temporal disagreement | Erratic object motion (large filter innovation),43.91094699997211,6.371778000016093,1,0.9505827415948349,1.0,0.9968209939261972,1.0,1.0,1.0,0.877772434527187,0.7375716023630804,0.6467171142794289,1.0,0.9697337351034728,0.6181155997396824,1.0,0.0018990350806191714,0
multi,calibration_error,intrinsics,0.75,17,1,1,0,0,1.0,1.0,1.0,0.8993422557506565,-2.1385490168695895,2.1385490168695895,2.1563050172910136,0.8799641244092999,TRUSTED,Geometric inconsistency (calibration or depth scale error),Geometric inconsistency (calibration or depth scale error) | Unstable tracking / temporal disagreement | Erratic object motion (large filter innovation),43.60863900012646,6.279917000028945,1,0.954184790692335,1.0,0.9942753130679876,1.0,1.0,1.0,0.8590780059282903,0.7327518420092382,0.6400602033582375,1.0,0.9678770129054551,0.6073171598983034,1.0,0.0008110792740509964,0
multi,calibration_error,intrinsics,0.75,18,2,2,0,0,1.0,1.0,1.0,0.8566706395149323,-1.2433755294136377,2.136750677357549,1.3115617883004482,0.8824641036573512,TRUSTED,Geometric inconsistency (calibration or depth scale error),Geometric inconsistency (calibration or depth scale error) | Unstable tracking / temporal disagreement | Erratic object motion (large filter innovation),45.02825099996244,6.42516200002774,2,0.9526435568145247,1.0,0.9889589891415058,1.0,1.0,1.0,0.8805827850150302,0.6226553476606638,0.7026634870402491,0.9583333333333333,0.982821544840411,0.6830396753901927,1.0,0.8959845667300028,0
multi,calibration_error,intrinsics,0.75,19,2,2,0,0,1.0,1.0,1.0,0.8209134127169431,-1.2431749260943867,2.136349470719047,1.3576703888709063,0.8747360751793718,TRUSTED,Geometric inconsistency (calibration or depth scale error),Geometric inconsistency (calibration or depth scale error) | Unstable tracking / temporal disagreement | Erratic object motion (large filter innovation),45.63783200023863,6.270500000027823,2,0.951392769953983,1.0,0.9798547402031346,1.0,1.0,1.0,0.8330852161619919,0.6056561053436136,0.696545796744473,1.0,0.981842856571731,0.664557771757749,1.0,0.8961851700492538,0
multi,calibration_error,intrinsics,0.75,20,3,3,0,0,1.0,1.0,1.0,0.8288399782796597,-1.1169463102368333,2.1355925435605254,1.2675440067016732,0.8527703383831694,TRUSTED,Unstable tracking / temporal disagreement,Unstable tracking / temporal disagreement | Geometric inconsistency (calibration or depth scale error) | Distribution shift (input unlike calibration set),47.017886999924485,6.6369579999445705,3,0.9305295579505528,1.0,0.9725975866436116,1.0,1.0,1.0,0.7856166634386447,0.4723903044538871,0.7635400788052564,0.9989648033126294,0.9845102873980859,0.6640604035299456,1.0,1.0224137859068072,1
multi,calibration_error,intrinsics,0.75,21,3,3,0,0,1.0,1.0,1.0,0.8639149865344526,-1.1152590184971902,2.1354192650836445,1.2835368665631381,0.8586440030057955,TRUSTED,Unstable tracking / temporal disagreement,Unstable tracking / temporal disagreement | Geometric inconsistency (calibration or depth scale error) | Distribution shift (input unlike calibration set),47.601644999872406,6.633330999989084,3,0.9279348149322084,1.0,0.9677888425464378,1.0,1.0,1.0,0.772144231419027,0.5041375088247513,0.793036640534778,0.9978021978021978,0.983140478500937,0.6717525291282137,1.0,1.0241010776464503,1
multi,calibration_error,intrinsics,0.75,22,3,3,0,0,1.0,1.0,1.0,0.8820037082108932,-1.113169753033181,2.134248443271801,1.2963972803292731,0.8563388626424323,TRUSTED,Unstable tracking / temporal disagreement,Unstable tracking / temporal disagreement | Geometric inconsistency (calibration or depth scale error) | Distribution shift (input unlike calibration set),46.311505000062425,6.248348999974951,3,0.9301146301979465,1.0,0.9623621597999252,1.0,1.0,1.0,0.7075026979118366,0.5270763422735596,0.8112081628291774,0.9966490299823633,0.9811593264169566,0.6742542697027345,1.0,1.0261903431104595,1
multi,calibration_error,intrinsics,0.75,23,3,3,0,0,1.0,1.0,1.0,0.8831381282445481,-1.1105990409851074,2.1318416595458984,1.3089508929662292,0.8536086212258419,TRUSTED,Unstable tracking / temporal disagreement,Unstable tracking / temporal disagreement | Geometric inconsistency (calibration or depth scale error) | Distribution shift (input unlike calibration set),46.36121200007892,6.788781000068411,3,0.9307790489657118,1.0,0.9546296144002697,1.0,1.0,1.0,0.681252901153917,0.5419691372601786,0.8101479938691034,0.9972789115646258,0.9792656572961536,0.6644272630187459,1.0,1.028761055158533,1
multi,calibration_error,intrinsics,1.0,0,2,2,0,0,1.0,1.0,1.0,1.0,-1.244034767150879,2.1380691528320312,1.3594499400213333,0.26789381735075224,DEGRADED,Unstable tracking / temporal disagreement,Unstable tracking / temporal disagreement | Geometric inconsistency (calibration or depth scale error) | Distribution shift (input unlike calibration set),44.579141999975036,6.4106979999678515,2,0.9505856293590424,1.0,0.9966140711386395,1.0,1.0,0.9997637354238725,0.820288995541156,0.0,1.0,0.9952380952380953,0.9907716530492656,0.7103283501727214,1.0,0.8953253289927616,0
multi,calibration_error,intrinsics,1.0,1,2,2,0,0,1.0,1.0,1.0,0.9761848982685465,-1.2448030969370976,2.1396058124044686,1.345330929455517,0.8429981670239299,TRUSTED,Geometric inconsistency (calibration or depth scale error),Geometric inconsistency (calibration or depth scale error) | Unstable tracking / temporal disagreement | Erratic object motion (large filter innovation),44.18709599997328,6.121736999944005,2,0.9504707541692301,1.0,0.9973703120271837,1.0,1.0,0.9943964851825511,0.8234825173166942,0.6094961240310077,0.356560980663947,0.9785714285714286,0.9907593204098566,0.6649912258562114,1.0,0.894556999206543,0
multi,calibration_error,intrinsics,1.0,2,2,2,0,0,1.0,1.0,1.0,0.9699998642573293,-1.2439535182455312,2.137906655021336,1.3346974991060576,0.881645221150805,TRUSTED,Geometric inconsistency (calibration or depth scale error),Geometric inconsistency (calibration or depth scale error) | Erratic object motion (large filter innovation) | Unstable tracking / temporal disagreement,44.480531999852246,6.023671999969338,2,0.9512557008308204,1.0,0.99674742137951,1.0,1.0,0.9988858796382466,0.8475438437896108,0.7393669552144184,0.543402674063275,0.9788177339901478,0.9907612360413235,0.6733972433625109,1.0,0.8954065778981093,0
multi,calibration_error,intrinsics,1.0,3,2,2,0,0,1.0,1.0,1.0,0.9513859617109259,-1.2442721905915626,2.1385439997133986,1.3281273070503208,0.8914363618015324,TRUSTED,Geometric inconsistency (calibration or depth scale error),Geometric inconsistency (calibration or depth scale error) | Erratic object motion (large filter innovation) | Unstable tracking / temporal disagreement,44.82234299996435,6.4720010000201,2,0.9512636775575471,1.0,0.9965702105819607,1.0,1.0,1.0,0.8131511195321126,0.8034515993435419,0.6472779075777755,0.9959183673469387,0.9907450401543308,0.651569113286533,1.0,0.895087905552078,0
multi,calibration_error,intrinsics,1.0,4,2,2,0,0,1.0,1.0,1.0,0.9479125398216857,-1.2443457686382793,2.138691155806832,1.32370156853605,0.9017740474196084,TRUSTED,Geometric inconsistency (calibration or depth scale error),Geometric inconsistency (calibration or depth scale error) | Erratic object motion (large filter innovation) | Unstable tracking / temporal disagreement,44.43774599997141,6.316261000051782,2,0.9517075535109638,1.0,0.9968192253553634,1.0,1.0,0.9977677053065849,0.8409005612923582,0.8280177310428889,0.7127342635544152,0.9783068783068782,0.9902545871008644,0.6629059650551129,1.0,0.8950143275053613,0
multi,calibration_error,intrinsics,1.0,5,2,2,0,0,1.0,1.0,1.0,0.9539891245502226,-1.2441742523856778,2.138348123301629,1.3213157216062381,0.9066080550276677,TRUSTED,Geometric inconsistency (calibration or depth scale error),Geometric inconsistency (calibration or depth scale error) | Unstable tracking / temporal disagreement | Erratic object motion (large filter innovation),45.97946499995942,6.466216000035274,2,0.9521096732173524,1.0,0.996167330146015,1.0,1.0,1.0,0.8581715729043413,0.8449522710178887,0.758079164953971,0.9967032967032967,0.9897687782621171,0.6441046723770665,1.0,0.8951858437579627,0
multi,calibration_error,intrinsics,1.0,6,2,2,0,0,1.0,1.0,1.0,0.9401802339603851,-1.2437590723452363,2.137517763220746,1.3204966374343459,0.9085828119626403,TRUSTED,Geometric inconsistency (calibration or depth scale error),Geometric inconsistency (calibration or depth scale error) | Unstable tracking / temporal disagreement | Distribution shift (input unlike calibration set),45.51570199998878,6.319703000031041,2,0.9520830081098381,1.0,0.9966561631244846,1.0,1.0,0.9989509718254005,0.8567469687213646,0.852178547493122,0.7895706850438238,0.968956043956044,0.9897529023222349,0.6524912244845782,1.0,0.8956010237984042,0
multi,calibration_error,intrinsics,1.0,7,2,2,0,0,1.0,1.0,1.0,0.8626397439123228,-1.2290855076002032,2.10817063373068,1.3121996080602392,0.8984249422327434,TRUSTED,Geometric inconsistency (calibration or depth scale error),Geometric inconsistency (calibration or depth scale error) | Distribution shift (input unlike calibration set) | Unstable tracking / temporal disagreement,45.44640899996466,6.423975000075188,2,0.9524112277486233,1.0,0.9996712226819917,1.0,1.0,0.9742018057233197,0.82531671866967,0.8390799212815074,0.7603730249033875,0.9672371031746032,0.9917981106435225,0.6331345489254941,1.0,0.9102745885434373,0
multi,calibration_error,intrinsics,1.0,8,2,2,0,0,1.0,1.0,1.0,0.8752658159137674,-5.719565598861031,11.089130816252336,5.80244682553161,0.8105225124595683,TRUSTED,Geometric inconsistency (calibration or depth scale error),Geometric inconsistency (calibration or depth scale error) | Unstable tracking / temporal disagreement | Erratic object motion (large filter innovation),45.794578999903024,6.622668999966663,2,0.9384830621347897,0.9938330170406932,0.9996712226819917,1.0,1.0,0.9664882648616636,0.8416598118346639,0.8263248456078358,0.7262295762897812,0.9880952380952381,1.0,0.2516235454478638,1.0,-3.5802055027173907,1
multi,calibration_error,intrinsics,1.0,9,2,2,0,0,1.0,1.0,1.0,0.8867917966850737,-1.2637652106907051,2.1775300399116837,1.3577788985359176,0.8969237027050753,TRUSTED,Geometric inconsistency (calibration or depth scale error),Geometric inconsistency (calibration or depth scale error) | Unstable tracking / temporal disagreement | Erratic object motion (large filter innovation),44.65009299997291,6.087503999992805,2,0.9535653553232366,1.0,0.9984102316774734,1.0,1.0,0.9833751174433771,0.8516971218951256,0.813330312618899,0.698936957432149,0.9773291925465839,0.9913084307073914,0.6427698819835417,1.0,0.8755948854529354,0
multi,calibration_error,intrinsics,1.0,10,2,2,0,0,1.0,1.0,1.0,0.8937428554739426,-1.2469516007796582,2.1439028200895898,1.343308276120212,0.8996790384947114,TRUSTED,Geometric inconsistency (calibration or depth scale error),Geometric inconsistency (calibration or depth scale error) | Unstable tracking / temporal disagreement | Erratic object motion (large filter innovation),44.39361899994765,6.1868619999359,2,0.9521057493409935,1.0,0.9945756163955712,1.0,1.0,1.0,0.8442734393949486,0.8113385147336952,0.6918026121676427,0.999025974025974,0.9897495872839543,0.6586832749469739,1.0,0.8924084953639824,0
multi,calibration_error,intrinsics,1.0,11,2,2,0,0,1.0,1.0,1.0,0.913572691526894,-1.2460309733515196,2.1420615652333126,1.3476308324455268,0.8983169919269035,TRUSTED,Geometric inconsistency (calibration or depth scale error),Geometric inconsistency (calibration or depth scale error) | Unstable tracking / temporal disagreement | Erratic object motion (large filter innovation),44.24939500017899,6.128240000066398,2,0.9542336928689465,1.0,0.9943142216263317,1.0,1.0,1.0,0.8648209046825233,0.8152116068723579,0.7080462481372014,0.9772727272727273,0.9887325853996777,0.6355051415967639,1.0,0.893329122792121,0
multi,calibration_error,intrinsics,1.0,12,2,2,0,0,1.0,1.0,1.0,0.9304927709401046,-1.2438257466191835,2.1376511117686405,1.3534767245594475,0.897626457862078,TRUSTED,Geometric inconsistency (calibration or depth scale error),Geometric inconsistency (calibration or depth scale error) | Unstable tracking / temporal disagreement | Erratic object motion (large filter innovation),44.53014999990046,6.070966999914162,2,0.9542635792740755,1.0,0.9933429225243944,1.0,1.0,1.0,0.8367244482932941,0.8210586173346512,0.7267338483364335,1.0,0.9877491702044789,0.6275827429066976,1.0,0.895534349524457,0
multi,calibration_error,intrinsics,1.0,13,2,2,0,0,1.0,1.0,1.0,0.8119373307146411,-1.2432169706925116,2.1364335599152966,1.385628272273994,0.9014457436193863,TRUSTED,Geometric inconsistency (calibration or depth scale error),Geometric inconsistency (calibration or depth scale error) | Unstable tracking / temporal disagreement | Erratic object motion (large filter innovation),44.37992599980589,6.172769999921002,2,0.9540330796856911,1.0,0.9960088661993043,1.0,1.0,1.0,0.863620571577709,0.8291809229003202,0.771871747743583,0.969327731092437,0.9867747141626393,0.6238679769287081,1.0,0.896143125451129,0
multi,calibration_error,intrinsics,1.0,14,1,1,0,0,1.0,1.0,1.0,0.8896911352085559,-2.1379129990287424,2.1379129990287424,2.1708438216742616,0.8759752480826615,TRUSTED,Geometric inconsistency (calibration or depth scale error),Geometric inconsistency (calibration or depth scale error) | Unstable tracking / temporal disagreement | Erratic object motion (large filter innovation),43.11167599996679,6.60627199999908,1,0.9537015839319211,1.0,0.9993231679418946,1.0,1.0,0.9713591529950519,0.8774383444845747,0.7546871784303798,0.6570511714532814,1.0,0.9726738545502717,0.55578492988774,1.0,0.0014470971148980993,0
multi,calibration_error,intrinsics,1.0,15,1,1,0,0,1.0,1.0,1.0,0.899274993846527,-2.138255658357039,2.138255658357039,2.1687111735729934,0.872997097180377,TRUSTED,Geometric inconsistency (calibration or depth scale error),Geometric inconsistency (calibration or depth scale error) | Unstable tracking / temporal disagreement | Erratic object motion (large filter innovation),42.44152500007203,6.112688000030175,1,0.9511065413486167,0.9904080534752324,0.998807452686751,1.0,1.0,0.9850433554298572,0.8896885765168517,0.7442008595102753,0.6541595973088355,1.0,0.9716153574264149,0.5423181098550197,1.0,0.0011044377866014088,0
multi,calibration_error,intrinsics,1.0,16,1,1,0,0,1.0,1.0,1.0,0.8958730585005164,-2.1374610610630214,2.1374610610630214,2.1655463772229413,0.876357063377858,TRUSTED,Geometric inconsistency (calibration or depth scale error),Geometric inconsistency (calibration or depth scale error) | Unstable tracking / temporal disagreement | Erratic object motion (large filter innovation),43.357189000062135,6.265715000040473,1,0.9505827415948349,1.0,0.9968209939261972,1.0,1.0,1.0,0.877772434527187,0.7375716023630804,0.6467171142794289,1.0,0.9697337351034728,0.568494584309258,1.0,0.0018990350806191714,0
multi,calibration_error,intrinsics,1.0,17,1,1,0,0,1.0,1.0,1.0,0.8993422557506565,-2.1385490168695895,2.1385490168695895,2.1647184734388127,0.871998419925316,TRUSTED,Geometric inconsistency (calibration or depth scale error),Geometric inconsistency (calibration or depth scale error) | Unstable tracking / temporal disagreement | Erratic object motion (large filter innovation),44.0060739999808,6.174926000085179,1,0.954184790692335,1.0,0.9942753130679876,1.0,1.0,1.0,0.8590780059282903,0.7327518420092382,0.6400602033582375,1.0,0.9678770129054551,0.5587453520697349,1.0,0.0008110792740509964,0
multi,calibration_error,intrinsics,1.0,18,2,2,0,0,1.0,1.0,1.0,0.8566706395149323,-1.2433755294136377,2.136750677357549,1.3615353739843128,0.8742682124895742,TRUSTED,Geometric inconsistency (calibration or depth scale error),Geometric inconsistency (calibration or depth scale error) | Unstable tracking / temporal disagreement | Erratic object motion (large filter innovation),44.48415400008798,6.114995000075396,2,0.9526435568145247,1.0,0.9889589891415058,1.0,1.0,1.0,0.8805827850150302,0.6226553476606638,0.7026634870402491,0.9583333333333333,0.982821544840411,0.6270458460169765,1.0,0.8959845667300028,0
multi,calibration_error,intrinsics,1.0,19,2,2,0,0,1.0,1.0,1.0,0.8209134127169431,-1.2431749260943867,2.136349470719047,1.4155803477423448,0.8666599839991479,TRUSTED,Geometric inconsistency (calibration or depth scale error),Geometric inconsistency (calibration or depth scale error) | Unstable tracking / temporal disagreement | Erratic object motion (large filter innovation),45.05081899981178,6.465017999971678,2,0.951392769953983,1.0,0.9798547402031346,1.0,1.0,1.0,0.8330852161619919,0.6056561053436136,0.696545796744473,1.0,0.981842856571731,0.6103890302227601,1.0,0.8961851700492538,0
multi,calibration_error,intrinsics,1.0,20,3,3,0,0,1.0,1.0,1.0,0.8288399782796597,-1.1169463102368333,2.1355925435605254,1.341397053952188,0.8448983260663079,TRUSTED,Unstable tracking / temporal disagreement,Unstable tracking / temporal disagreement | Geometric inconsistency (calibration or depth scale error) | Distribution shift (input unlike calibration set),45.99847600002249,6.13305699994271,3,0.9305295579505528,1.0,0.9725975866436116,1.0,1.0,1.0,0.7856166634386447,0.4723903044538871,0.7635400788052564,0.9989648033126294,0.9845102873980859,0.609940659612666,1.0,1.0224137859068072,1
multi,calibration_error,intrinsics,1.0,21,3,3,0,0,1.0,1.0,1.0,0.8639149865344526,-1.1152590184971902,2.1354192650836445,1.3601618592140232,0.8506979773143998,TRUSTED,Unstable tracking / temporal disagreement,Unstable tracking / temporal disagreement | Geometric inconsistency (calibration or depth scale error) | Distribution shift (input unlike calibration set),46.78653800010579,6.576085999995485,3,0.9279348149322084,1.0,0.9677888425464378,1.0,1.0,1.0,0.772144231419027,0.5041375088247513,0.793036640534778,0.9978021978021978,0.983140478500937,0.6168743121836585,1.0,1.0241010776464503,1
multi,calibration_error,intrinsics,1.0,22,3,3,0,0,1.0,1.0,1.0,0.8820037082108932,-1.113169753033181,2.134248443271801,1.3756592001210155,0.848407797801311,TRUSTED,Unstable tracking / temporal disagreement,Unstable tracking / temporal disagreement | Geometric inconsistency (calibration or depth scale error) | Distribution shift (input unlike calibration set),45.79594700010148,6.193581999923481,3,0.9301146301979465,1.0,0.9623621597999252,1.0,1.0,1.0,0.7075026979118366,0.5270763422735596,0.8112081628291774,0.9966490299823633,0.9811593264169566,0.6191290539012083,1.0,1.0261903431104595,1
multi,calibration_error,intrinsics,1.0,23,3,3,0,0,1.0,1.0,1.0,0.8831381282445481,-1.1105990409851074,2.1318416595458984,1.390923220377946,0.8457279270104845,TRUSTED,Geometric inconsistency (calibration or depth scale error),Geometric inconsistency (calibration or depth scale error) | Unstable tracking / temporal disagreement | Distribution shift (input unlike calibration set),46.229469999843786,6.3765339999690696,3,0.9307790489657118,1.0,0.9546296144002697,1.0,1.0,1.0,0.681252901153917,0.5419691372601786,0.8101479938691034,0.9972789115646258,0.9792656572961536,0.6102713789928221,1.0,1.028761055158533,1
multi,frame_delay,time,0.25,0,2,2,0,0,1.0,1.0,1.0,1.0,-1.244034767150879,2.1380691528320312,1.2588873292674259,0.2668510943496893,DEGRADED,Unstable tracking / temporal disagreement,Unstable tracking / temporal disagreement | Frame delay / dropped frames | Distribution shift (input unlike calibration set),44.77053899984185,6.0317420000046695,2,0.9505856293590424,1.0,0.9966140711386395,1.0,1.0,0.9997637354238725,0.820288995541156,0.0,1.0,0.9952380952380953,0.9907716530492656,0.9692784097154019,0.5,0.8953253289927616,0
multi,frame_delay,time,0.25,1,2,1,1,1,0.5,0.5,0.5,0.9166666666666666,-1.3554604571798592,1.3554604571798592,1.374202431109721,0.9369653567468911,TRUSTED,Frame delay / dropped frames,Frame delay / dropped frames | Distribution shift (input unlike calibration set),44.30655899989233,6.1652999999068925,2,0.9505856293590424,1.0,0.9966140711386395,1.0,1.0,0.9997637354238725,0.820288995541156,1.0,1.0,0.9952380952380953,0.9907716530492656,0.9692784097154019,0.5,0.7838996389637813,1
multi,frame_delay,time,0.25,2,2,2,0,0,1.0,1.0,1.0,0.8651986016515303,-1.2425816577413809,2.135162934013035,1.2494787423832219,0.8572601537487825,TRUSTED,Erratic object motion (large filter innovation),Erratic object motion (large filter innovation) | Frame delay / dropped frames | Unstable tracking / temporal disagreement,45.08164200012743,6.159511000078055,2,0.9512557008308204,1.0,0.99674742137951,1.0,1.0,0.9988858796382466,0.8475438437896108,0.7029746281714786,0.3621759990808257,0.9298029556650247,0.9907756893718027,0.9735604058917304,0.5,0.8967784384022597,0
multi,frame_delay,time,0.25,3,2,1,1,1,0.5,0.5,0.5,0.8998233208588287,-1.3552979593691603,1.3552979593691603,1.3725772866229335,0.858271288285397,TRUSTED,Erratic object motion (large filter innovation),Erratic object motion (large filter innovation) | Unstable tracking / temporal disagreement | Frame delay / dropped frames,45.58401699989645,6.454122999912215,2,0.9512557008308204,1.0,0.99674742137951,1.0,1.0,0.9988858796382466,0.8475438437896108,0.6772688645274085,0.3750846863368771,0.9443349753694581,0.9907612360413235,0.9872954869103078,0.5,0.7840621367744802,1
multi,frame_delay,time,0.25,4,2,2,0,0,1.0,1.0,1.0,0.8466668989248938,-1.2430559241253398,2.136111466780953,1.2500188029436345,0.8481449428667295,TRUSTED,Erratic object motion (large filter innovation),Erratic object motion (large filter innovation) | Unstable tracking / temporal disagreement | Frame delay / dropped frames,45.75204799982657,6.224645999964196,2,0.9517075535109638,1.0,0.9968192253553634,1.0,1.0,0.9977677053065849,0.8409005612923582,0.6435485897018279,0.36394202907982687,0.9253968253968254,0.9907470879147686,0.9571877836332932,0.5,0.8963041720183007,0
multi,frame_delay,time,0.25,5,2,1,1,1,0.5,0.5,0.5,0.8914323334615698,-1.3586621491805353,1.3586621491805353,1.3743734472533118,0.8531186931745626,TRUSTED,Erratic object motion (large filter innovation),Erratic object motion (large filter innovation) | Unstable tracking / temporal disagreement | Frame delay / dropped frames,44.41628600000058,6.211468999936187,2,0.9517075535109638,1.0,0.9968192253553634,1.0,1.0,0.9977677053065849,0.8409005612923582,0.6376375010208275,0.3729761136931566,0.939010989010989,0.9907489429274059,0.9955452232116861,0.5,0.7806979469631052,1
multi,frame_delay,time,0.25,6,2,2,0,0,1.0,1.0,1.0,0.832112736189625,-1.242551720660666,2.1351030598516054,1.2518973512297824,0.8468465933028405,TRUSTED,Unstable tracking / temporal disagreement,Unstable tracking / temporal disagreement | Erratic object motion (large filter innovation) | Frame delay / dropped frames,44.771302000071955,6.194614000037291,2,0.9520830081098381,1.0,0.9966561631244846,1.0,1.0,0.9989509718254005,0.8567469687213646,0.6241986711876772,0.3764500115673246,0.9197142857142857,0.9897710783673362,0.9409550042806509,0.5,0.8968083754829745,0
multi,frame_delay,time,0.25,7,2,1,1,1,0.5,0.5,0.5,0.6070994356966342,-1.3549090675685704,1.3549090675685704,1.376073807428296,0.8538279144388926,TRUSTED,Unstable tracking / temporal disagreement,Unstable tracking / temporal disagreement | Erratic object motion (large filter innovation) | Frame delay / dropped frames,44.395375999897624,6.136093999998593,2,0.9520830081098381,1.0,0.9966561631244846,1.0,1.0,0.9989509718254005,0.8567469687213646,0.6198170582841582,0.38057661774039103,0.9585714285714286,0.9897529023222349,0.9873244327159311,0.5,0.7844510285750701,1
multi,frame_delay,time,0.25,8,2,2,0,0,1.0,1.0,1.0,0.8030757296003981,-5.549810140029244,10.749619898588762,5.58431023076492,0.7502238559189458,TRUSTED,Geometric inconsistency (calibration or depth scale error),Geometric inconsistency (calibration or depth scale error) | Unstable tracking / temporal disagreement | Erratic object motion (large filter innovation),44.6737199998779,6.223084999987805,2,0.9384830621347897,0.9938330170406932,0.9996712226819917,1.0,1.0,0.9664882648616636,0.8416598118346639,0.6074621822896902,0.37602906134376496,0.9619047619047619,0.8788240195976411,0.3491122635770932,0.5,-3.4104500438856036,1
multi,frame_delay,time,0.25,9,2,1,1,1,0.5,0.5,0.5,0.786003503068884,-1.4481179610542618,1.4481179610542618,1.4759918787946047,0.8304542854043417,TRUSTED,Unstable tracking / temporal disagreement,Unstable tracking / temporal disagreement | Erratic object motion (large filter innovation) | Frame delay / dropped frames,45.10212900004262,6.277601000078903,2,0.94298620808469,0.9938330170406932,0.9996712226819917,1.0,1.0,0.9664882648616636,0.8416598118346639,0.5703316296235511,0.34608564421070503,0.8890350877192983,0.9887628287992465,0.9445782740080648,0.5,0.6912421350893787,1
multi,frame_delay,time,0.25,10,2,2,0,0,1.0,1.0,1.0,0.7365880208964248,-1.2511172501937207,2.1522341189177148,1.256425911899482,0.8291544871761531,TRUSTED,Unstable tracking / temporal disagreement,Unstable tracking / temporal disagreement | Erratic object motion (large filter innovation) | Frame delay / dropped frames,44.19303900010618,6.098010000073373,2,0.9521057493409935,1.0,0.9945756163955712,1.0,1.0,1.0,0.8442734393949486,0.5471654714441212,0.3267381287823768,0.9503105590062112,0.990775668382845,0.9201284694182511,0.5,0.8882428459499199,0
multi,frame_delay,time,0.25,11,2,1,1,1,0.5,0.5,0.5,0.8062916862146761,-1.3612941244374142,1.3612941244374142,1.3725724049522954,0.8321783328053688,TRUSTED,Unstable tracking / temporal disagreement,Unstable tracking / temporal disagreement | Erratic object motion (large filter innovation) | Frame delay / dropped frames,44.50098599988905,6.067849000032766,2,0.9521057493409935,1.0,0.9945756163955712,1.0,1.0,1.0,0.8442734393949486,0.5405791254217491,0.32478894408435505,0.912111801242236,0.9887793862098766,0.9919388581520999,0.5,0.7780659717062264,1
multi,frame_delay,time,0.25,12,2,2,0,0,1.0,1.0,1.0,0.780367841362881,-1.2428653965825625,2.1357304116953983,1.2566700428166282,0.8216236065183551,TRUSTED,Unstable tracking / temporal disagreement,Unstable tracking / temporal disagreement | Erratic object motion (large filter innovation) | Frame delay / dropped frames,44.83329499998945,6.342602000017905,2,0.9542635792740755,1.0,0.9933429225243944,1.0,1.0,1.0,0.8367244482932941,0.5351574006545494,0.32694643169804005,0.9090909090909092,0.9877753851897363,0.8952100106694432,0.5,0.8964946995610781,0
multi,frame_delay,time,0.25,13,2,1,1,1,0.5,0.5,0.5,0.822955323651878,-1.3550424161164685,1.3550424161164685,1.3732666846886863,0.8169934897351566,TRUSTED,Unstable tracking / temporal disagreement,Unstable tracking / temporal disagreement | Erratic object motion (large filter innovation) | Frame delay / dropped frames,45.010426999851916,6.12565899996298,2,0.9542635792740755,1.0,0.9933429225243944,1.0,1.0,1.0,0.8367244482932941,0.4968078425385543,0.3038904228068484,0.9090909090909092,0.9872391863644916,0.9383718612812079,0.5,0.7843176800271721,1
multi,frame_delay,time,0.25,14,1,1,0,0,1.0,1.0,1.0,0.8644588830404273,-2.136158238286555,2.136158238286555,2.1510829402976417,0.8652564448870353,TRUSTED,Geometric inconsistency (calibration or depth scale error),Geometric inconsistency (calibration or depth scale error) | Frame delay / dropped frames | Unstable tracking / temporal disagreement,42.28326200018273,6.105548000050476,1,0.9537015839319211,1.0,0.9993231679418946,1.0,1.0,0.9713591529950519,0.8774383444845747,0.7485422520931034,0.5863982752318074,1.0,0.9735995136232842,0.747815391845056,0.5,0.0032018578570855993,0
multi,frame_delay,time,0.25,15,1,1,0,0,1.0,1.0,1.0,0.8385378841192582,-1.3570590641187579,1.3570590641187579,1.3717202847100023,0.8769732472130439,TRUSTED,Frame delay / dropped frames,Frame delay / dropped frames | Unstable tracking / temporal disagreement | Erratic object motion (large filter innovation),42.16808100011349,6.24835600001461,1,0.9537015839319211,1.0,0.9993231679418946,1.0,1.0,0.9713591529950519,0.8774383444845747,0.7461365201708916,0.5853442394727116,1.0,0.9717597212866913,0.8500506933344198,0.5,0.7823010320248827,0
multi,frame_delay,time,0.25,16,1,1,0,0,1.0,1.0,1.0,0.865787384293046,-2.135870809140414,2.135870809140414,2.1505216795574746,0.8653284738896736,TRUSTED,Frame delay / dropped frames,Frame delay / dropped frames | Geometric inconsistency (calibration or depth scale error) | Unstable tracking / temporal disagreement,43.02412699996694,5.982476999975006,1,0.9505827415948349,1.0,0.9968209939261972,1.0,1.0,1.0,0.877772434527187,0.7380792211783881,0.5694871764808462,1.0,0.9698175572668565,0.7623685272233205,0.5,0.0034892870032265932,0
multi,frame_delay,time,0.25,17,1,1,0,0,1.0,1.0,1.0,0.8317528086134004,-1.358032392418906,1.358032392418906,1.3726815350804114,0.8809876326479595,TRUSTED,Frame delay / dropped frames,Frame delay / dropped frames | Unstable tracking / temporal disagreement | Erratic object motion (large filter innovation),43.416501000024255,6.105800999989697,1,0.9505827415948349,1.0,0.9968209939261972,1.0,1.0,1.0,0.877772434527187,0.7346202962535319,0.5630453622812409,1.0,0.9697397732685377,0.9073106356502201,0.5,0.7813277037247346,0
multi,frame_delay,time,0.25,18,2,1,0,1,1.0,0.5,0.6666666666666666,0.8656027217312598,-2.133899191151494,2.133899191151494,2.149691094397967,0.8617293598058341,TRUSTED,Frame delay / dropped frames,Frame delay / dropped frames | Geometric inconsistency (calibration or depth scale error) | Erratic object motion (large filter innovation),44.435204000137674,6.188409999936084,1,0.9508855634643234,1.0,0.9889589891415058,1.0,1.0,1.0,0.8805827850150302,0.7260211927859587,0.5391920493172755,1.0,0.9676865426003617,0.7674698223912503,0.5,0.005460904992146354,1
multi,frame_delay,time,0.25,19,2,1,0,1,1.0,0.5,0.6666666666666666,0.8250967922797426,-1.3569934679114297,1.3569934679114297,1.3725733723558764,0.8765330392079866,TRUSTED,Frame delay / dropped frames,Frame delay / dropped frames | Erratic object motion (large filter innovation) | Unstable tracking / temporal disagreement,44.07142799993835,6.011991000036687,1,0.9508855634643234,1.0,0.9889589891415058,1.0,1.0,1.0,0.8805827850150302,0.72217602959596,0.5305825940384536,1.0,0.9659458020536305,0.9095136184449321,0.5,0.7823666282322108,1
multi,frame_delay,time,0.25,20,3,2,0,1,1.0,0.6666666666666666,0.8,0.8998114326292451,-1.2415352282316787,2.133070074993631,1.2559532976999521,0.7894478478774777,TRUSTED,Unstable tracking / temporal disagreement,Unstable tracking / temporal disagreement | Erratic object motion (large filter innovation) | Frame delay / dropped frames,45.658999000011136,6.0838370000055875,2,0.9512674988134944,1.0,0.9725975866436116,1.0,1.0,1.0,0.7856166634386447,0.40648647065248567,0.29030436269814536,0.9957671957671957,0.9812912363663931,0.8391269085598574,0.5,0.8978248679119618,1
multi,frame_delay,time,0.25,21,3,1,1,2,0.5,0.3333333333333333,0.4,0.7702907798473789,-1.3567661202472188,1.3567661202472188,1.3741026936860783,0.7975818723336257,TRUSTED,Unstable tracking / temporal disagreement,Unstable tracking / temporal disagreement | Erratic object motion (large filter innovation) | Frame delay / dropped frames,46.165913000095316,6.130250000069282,2,0.9512674988134944,1.0,0.9725975866436116,1.0,1.0,1.0,0.7856166634386447,0.42868710025825424,0.30236993584223193,0.9280612244897959,0.9807255222958984,0.9059468428956101,0.5,0.7825939758964218,1
multi,frame_delay,time,0.25,22,3,3,0,0,1.0,1.0,1.0,0.8123222611117863,-1.1120728686235946,2.130957790043041,1.1349347793140339,0.8226928311878383,TRUSTED,Unstable tracking / temporal disagreement,Unstable tracking / temporal disagreement | Erratic object motion (large filter innovation) | Frame delay / dropped frames,46.611331000121936,6.28411499997128,3,0.9301146301979465,1.0,0.9623621597999252,1.0,1.0,1.0,0.7075026979118366,0.5708809042362849,0.442895707407926,0.9610544217687075,0.9815542391701284,0.8564480125841542,0.5,1.027287227520046,1
multi,frame_delay,time,0.25,23,3,2,1,1,0.6666666666666666,0.6666666666666666,0.6666666666666666,0.7777492495251022,-0.976776123046875,1.3560237884521484,0.9880413623333604,0.8289369052644587,TRUSTED,Unstable tracking / temporal disagreement,Unstable tracking / temporal disagreement | Erratic object motion (large filter innovation) | Frame delay / dropped frames,46.01545299976806,6.328827999936948,3,0.9301146301979465,1.0,0.9623621597999252,1.0,1.0,1.0,0.7075026979118366,0.5768546798523039,0.4454975845075931,0.9359346167616844,0.9806427248139918,0.9240598672426139,0.5,1.1625839730967655,1
multi,frame_delay,time,0.5,0,2,2,0,0,1.0,1.0,1.0,1.0,-1.244034767150879,2.1380691528320312,1.2588873292674259,0.2610141251323587,DEGRADED,Unstable tracking / temporal disagreement,Unstable tracking / temporal disagreement | Frame delay / dropped frames | Distribution shift (input unlike calibration set),43.867301000091175,6.073105000041323,2,0.9505856293590424,1.0,0.9966140711386395,1.0,1.0,0.9997637354238725,0.820288995541156,0.0,1.0,0.9952380952380953,0.9907716530492656,0.9692784097154019,0.3333333333333333,0.8953253289927616,0
multi,frame_delay,time,0.5,1,2,1,1,1,0.5,0.5,0.5,0.9166666666666666,-1.3554604571798592,1.3554604571798592,1.374202431109721,0.9164706386781319,TRUSTED,Frame delay / dropped frames,Frame delay / dropped frames | Distribution shift (input unlike calibration set),43.70185200002652,6.113593000009132,2,0.9505856293590424,1.0,0.9966140711386395,1.0,1.0,0.9997637354238725,0.820288995541156,1.0,1.0,0.9952380952380953,0.9907716530492656,0.9692784097154019,0.3333333333333333,0.7838996389637813,1
multi,frame_delay,time,0.5,2,2,2,0,0,1.0,1.0,1.0,0.8651986016515303,-1.2425816577413809,2.135162934013035,1.2494787423832219,0.8385088679769559,TRUSTED,Frame delay / dropped frames,Frame delay / dropped frames | Erratic object motion (large filter innovation) | Unstable tracking / temporal disagreement,44.30504700007987,6.202221999956237,2,0.9512557008308204,1.0,0.99674742137951,1.0,1.0,0.9988858796382466,0.8475438437896108,0.7029746281714786,0.3621759990808257,0.9298029556650247,0.9907756893718027,0.9735604058917304,0.3333333333333333,0.8967784384022597,0
multi,frame_delay,time,0.5,3,2,1,1,1,0.5,0.5,0.5,0.8998233208588287,-1.3552979593691603,1.3552979593691603,1.3725772866229335,0.8394978854554441,TRUSTED,Frame delay / dropped frames,Frame delay / dropped frames | Erratic object motion (large filter innovation) | Unstable tracking / temporal disagreement,45.0212289999854,6.0597919999736405,2,0.9512557008308204,1.0,0.99674742137951,1.0,1.0,0.9988858796382466,0.8475438437896108,0.6772688645274085,0.3750846863368771,0.9443349753694581,0.9907612360413235,0.9872954869103078,0.3333333333333333,0.7840621367744802,1
multi,frame_delay,time,0.5,4,2,2,0,0,1.0,1.0,1.0,0.8466668989248938,-1.2430559241253398,2.136111466780953,1.2500188029436345,0.8295930387217899,TRUSTED,Frame delay / dropped frames,Frame delay / dropped frames | Erratic object motion (large filter innovation) | Unstable tracking / temporal disagreement,44.43469399996047,6.264920999910828,2,0.9517075535109638,1.0,0.9968192253553634,1.0,1.0,0.9977677053065849,0.8409005612923582,0.6435485897018279,0.36394202907982687,0.9253968253968254,0.9907470879147686,0.9571877836332932,0.3333333333333333,0.8963041720183007,0
multi,frame_delay,time,0.5,5,2,1,1,1,0.5,0.5,0.5,0.8914323334615698,-1.3586621491805353,1.3586621491805353,1.3743734472533118,0.8344579956686204,TRUSTED,Frame delay / dropped frames,Frame delay / dropped frames | Erratic object motion (large filter innovation) | Unstable tracking / temporal disagreement,44.19317500003217,6.346033999989231,2,0.9517075535109638,1.0,0.9968192253553634,1.0,1.0,0.9977677053065849,0.8409005612923582,0.6376375010208275,0.3729761136931566,0.939010989010989,0.9907489429274059,0.9955452232116861,0.3333333333333333,0.7806979469631052,1
multi,frame_delay,time,0.5,6,2,2,0,0,1.0,1.0,1.0,0.832112736189625,-1.242551720660666,2.1351030598516054,1.2518973512297824,0.8283230886158692,TRUSTED,Frame delay / dropped frames,Frame delay / dropped frames | Unstable tracking / temporal disagreement | Erratic object motion (large filter innovation),45.03051300014249,6.272721000073034,2,0.9520830081098381,1.0,0.9966561631244846,1.0,1.0,0.9989509718254005,0.8567469687213646,0.6241986711876772,0.3764500115673246,0.9197142857142857,0.9897710783673362,0.9409550042806509,0.3333333333333333,0.8968083754829745,0
multi,frame_delay,time,0.5,7,2,1,1,1,0.5,0.5,0.5,0.6070994356966342,-1.3549090675685704,1.3549090675685704,1.376073807428296,0.8351517037768278,TRUSTED,Frame delay / dropped frames,Frame delay / dropped frames | Unstable tracking / temporal disagreement | Erratic object motion (large filter innovation),45.46685100012837,6.1443959999678555,2,0.9520830081098381,1.0,0.9966561631244846,1.0,1.0,0.9989509718254005,0.8567469687213646,0.6198170582841582,0.38057661774039103,0.9585714285714286,0.9897529023222349,0.9873244327159311,0.3333333333333333,0.7844510285750701,1
multi,frame_delay,time,0.5,8,2,2,0,0,1.0,1.0,1.0,0.8030757296003981,-5.549810140029244,10.749619898588762,5.58431023076492,0.7338138293317304,CAUTION,Geometric inconsistency (calibration or depth scale error),Geometric inconsistency (calibration or depth scale error) | Frame delay / dropped frames | Unstable tracking / temporal disagreement,45.17004799993174,5.945888000042032,2,0.9384830621347897,0.9938330170406932,0.9996712226819917,1.0,1.0,0.9664882648616636,0.8416598118346639,0.6074621822896902,0.37602906134376496,0.9619047619047619,0.8788240195976411,0.3491122635770932,0.3333333333333333,-3.4104500438856036,1
multi,frame_delay,time,0.5,9,2,1,1,1,0.5,0.5,0.5,0.786003503068884,-1.4481179610542618,1.4481179610542618,1.4759918787946047,0.8122893379750714,TRUSTED,Unstable tracking / temporal disagreement,Unstable tracking / temporal disagreement | Frame delay / dropped frames | Erratic object motion (large filter innovation),44.42287699998815,6.185320999975374,2,0.94298620808469,0.9938330170406932,0.9996712226819917,1.0,1.0,0.9664882648616636,0.8416598118346639,0.5703316296235511,0.34608564421070503,0.8890350877192983,0.9887628287992465,0.9445782740080648,0.3333333333333333,0.6912421350893787,1
multi,frame_delay,time,0.5,10,2,2,0,0,1.0,1.0,1.0,0.7365880208964248,-1.2511172501937207,2.1522341189177148,1.256425911899482,0.8110179708922193,TRUSTED,Unstable tracking / temporal disagreement,Unstable tracking / temporal disagreement | Erratic object motion (large filter innovation) | Frame delay / dropped frames,51.132345999803874,10.72998799998004,2,0.9521057493409935,1.0,0.9945756163955712,1.0,1.0,1.0,0.8442734393949486,0.5471654714441212,0.3267381287823768,0.9503105590062112,0.990775668382845,0.9201284694182511,0.3333333333333333,0.8882428459499199,0
multi,frame_delay,time,0.5,11,2,1,1,1,0.5,0.5,0.5,0.8062916862146761,-1.3612941244374142,1.3612941244374142,1.3725724049522954,0.8139756744136101,TRUSTED,Unstable tracking / temporal disagreement,Unstable tracking / temporal disagreement | Erratic object motion (large filter innovation) | Frame delay / dropped frames,44.52384000012444,6.026243000064824,2,0.9521057493409935,1.0,0.9945756163955712,1.0,1.0,1.0,0.8442734393949486,0.5405791254217491,0.32478894408435505,0.912111801242236,0.9887793862098766,0.9919388581520999,0.3333333333333333,0.7780659717062264,1
multi,frame_delay,time,0.5,12,2,2,0,0,1.0,1.0,1.0,0.780367841362881,-1.2428653965825625,2.1357304116953983,1.2566700428166282,0.8036518170034311,TRUSTED,Unstable tracking / temporal disagreement,Unstable tracking / temporal disagreement | Erratic object motion (large filter innovation) | Frame delay / dropped frames,44.21398700003465,6.074949999970158,2,0.9542635792740755,1.0,0.9933429225243944,1.0,1.0,1.0,0.8367244482932941,0.5351574006545494,0.32694643169804005,0.9090909090909092,0.9877753851897363,0.8952100106694432,0.3333333333333333,0.8964946995610781,0
multi,frame_delay,time,0.5,13,2,1,1,1,0.5,0.5,0.5,0.822955323651878,-1.3550424161164685,1.3550424161164685,1.3732666846886863,0.7991229771110097,TRUSTED,Unstable tracking / temporal disagreement,Unstable tracking / temporal disagreement | Erratic object motion (large filter innovation) | Frame delay / dropped frames,44.622607999940556,6.14159099995959,2,0.9542635792740755,1.0,0.9933429225243944,1.0,1.0,1.0,0.8367244482932941,0.4968078425385543,0.3038904228068484,0.9090909090909092,0.9872391863644916,0.9383718612812079,0.3333333333333333,0.7843176800271721,1
multi,frame_delay,time,0.5,14,1,1,0,0,1.0,1.0,1.0,0.8644588830404273,-2.136158238286555,2.136158238286555,2.1510829402976417,0.8463302521869065,TRUSTED,Frame delay / dropped frames,Frame delay / dropped frames | Geometric inconsistency (calibration or depth scale error) | Unstable tracking / temporal disagreement,42.48807900000884,6.029366999996455,1,0.9537015839319211,1.0,0.9993231679418946,1.0,1.0,0.9713591529950519,0.8774383444845747,0.7485422520931034,0.5863982752318074,1.0,0.9735995136232842,0.747815391845056,0.3333333333333333,0.0032018578570855993,0
multi,frame_delay,time,0.5,15,1,1,0,0,1.0,1.0,1.0,0.8385378841192582,-1.3570590641187579,1.3570590641187579,1.3717202847100023,0.8577907669579806,TRUSTED,Frame delay / dropped frames,Frame delay / dropped frames | Unstable tracking / temporal disagreement | Erratic object motion (large filter innovation),41.73097600005349,6.135196000059295,1,0.9537015839319211,1.0,0.9993231679418946,1.0,1.0,0.9713591529950519,0.8774383444845747,0.7461365201708916,0.5853442394727116,1.0,0.9717597212866913,0.8500506933344198,0.3333333333333333,0.7823010320248827,0
multi,frame_delay,time,0.5,16,1,1,0,0,1.0,1.0,1.0,0.865787384293046,-2.135870809140414,2.135870809140414,2.1505216795574746,0.8464007056626683,TRUSTED,Frame delay / dropped frames,Frame delay / dropped frames | Geometric inconsistency (calibration or depth scale error) | Unstable tracking / temporal disagreement,43.49741099986204,6.269286999895485,1,0.9505827415948349,1.0,0.9968209939261972,1.0,1.0,1.0,0.877772434527187,0.7380792211783881,0.5694871764808462,1.0,0.9698175572668565,0.7623685272233205,0.3333333333333333,0.0034892870032265932,0
multi,frame_delay,time,0.5,17,1,1,0,0,1.0,1.0,1.0,0.8317528086134004,-1.358032392418906,1.358032392418906,1.3726815350804114,0.861717343705931,TRUSTED,Frame delay / dropped frames,Frame delay / dropped frames | Unstable tracking / temporal disagreement | Erratic object motion (large filter innovation),43.35588399987955,6.055037999999513,1,0.9505827415948349,1.0,0.9968209939261972,1.0,1.0,1.0,0.877772434527187,0.7346202962535319,0.5630453622812409,1.0,0.9697397732685377,0.9073106356502201,0.3333333333333333,0.7813277037247346,0
multi,frame_delay,time,0.5,18,2,1,0,1,1.0,0.5,0.6666666666666666,0.8656027217312598,-2.133899191151494,2.133899191151494,2.149691094397967,0.8428803168250874,TRUSTED,Frame delay / dropped frames,Frame delay / dropped frames | Geometric inconsistency (calibration or depth scale error) | Erratic object motion (large filter innovation),44.23449900002652,6.017377000034685,1,0.9508855634643234,1.0,0.9889589891415058,1.0,1.0,1.0,0.8805827850150302,0.7260211927859587,0.5391920493172755,1.0,0.9676865426003617,0.7674698223912503,0.3333333333333333,0.005460904992146354,1
multi,frame_delay,time,0.5,19,2,1,0,1,1.0,0.5,0.6666666666666666,0.8250967922797426,-1.3569934679114297,1.3569934679114297,1.3725733723558764,0.8573601878456998,TRUSTED,Frame delay / dropped frames,Frame delay / dropped frames | Erratic object motion (large filter innovation) | Unstable tracking / temporal disagreement,43.852464000224245,6.004357000051641,1,0.9508855634643234,1.0,0.9889589891415058,1.0,1.0,1.0,0.8805827850150302,0.72217602959596,0.5305825940384536,1.0,0.9659458020536305,0.9095136184449321,0.3333333333333333,0.7823666282322108,1
multi,frame_delay,time,0.5,20,3,2,0,1,1.0,0.6666666666666666,0.8,0.8998114326292451,-1.2415352282316787,2.133070074993631,1.2559532976999521,0.7721798550368328,TRUSTED,Unstable tracking / temporal disagreement,Unstable tracking / temporal disagreement | Erratic object motion (large filter innovation) | Frame delay / dropped frames,46.03252399988378,6.258584999955019,2,0.9512674988134944,1.0,0.9725975866436116,1.0,1.0,1.0,0.7856166634386447,0.40648647065248567,0.29030436269814536,0.9957671957671957,0.9812912363663931,0.8391269085598574,0.3333333333333333,0.8978248679119618,1
multi,frame_delay,time,0.5,21,3,1,1,2,0.5,0.3333333333333333,0.4,0.7702907798473789,-1.3567661202472188,1.3567661202472188,1.3741026936860783,0.780135959854018,TRUSTED,Unstable tracking / temporal disagreement,Unstable tracking / temporal disagreement | Erratic object motion (large filter innovation) | Frame delay / dropped frames,45.98311100005503,6.321639000020696,2,0.9512674988134944,1.0,0.9725975866436116,1.0,1.0,1.0,0.7856166634386447,0.42868710025825424,0.30236993584223193,0.9280612244897959,0.9807255222958984,0.9059468428956101,0.3333333333333333,0.7825939758964218,1
multi,frame_delay,time,0.5,22,3,3,0,0,1.0,1.0,1.0,0.8123222611117863,-1.1120728686235946,2.130957790043041,1.1349347793140339,0.8046976539798738,TRUSTED,Unstable tracking / temporal disagreement,Unstable tracking / temporal disagreement | Frame delay / dropped frames | Erratic object motion (large filter innovation),46.887610000112545,6.381351000072755,3,0.9301146301979465,1.0,0.9623621597999252,1.0,1.0,1.0,0.7075026979118366,0.5708809042362849,0.442895707407926,0.9610544217687075,0.9815542391701284,0.8564480125841542,0.3333333333333333,1.027287227520046,1
multi,frame_delay,time,0.5,23,3,2,1,1,0.6666666666666666,0.6666666666666666,0.6666666666666666,0.7777492495251022,-0.976776123046875,1.3560237884521484,0.9880413623333604,0.8108051482599422,TRUSTED,Unstable tracking / temporal disagreement,Unstable tracking / temporal disagreement | Frame delay / dropped frames | Erratic object motion (large filter innovation),46.42689800016342,6.287566000082734,3,0.9301146301979465,1.0,0.9623621597999252,1.0,1.0,1.0,0.7075026979118366,0.5768546798523039,0.4454975845075931,0.9359346167616844,0.9806427248139918,0.9240598672426139,0.3333333333333333,1.1625839730967655,1
multi,frame_delay,time,0.75,0,2,2,0,0,1.0,1.0,1.0,1.0,-1.244034767150879,2.1380691528320312,1.2588873292674259,0.25695032434681925,DEGRADED,Unstable tracking / temporal disagreement,Unstable tracking / temporal disagreement | Frame delay / dropped frames | Distribution shift (input unlike calibration set),44.43204500000775,6.225911000001361,2,0.9505856293590424,1.0,0.9966140711386395,1.0,1.0,0.9997637354238725,0.820288995541156,0.0,1.0,0.9952380952380953,0.9907716530492656,0.9692784097154019,0.25,0.8953253289927616,0
multi,frame_delay,time,0.75,1,2,1,1,1,0.5,0.5,0.5,0.9166666666666666,-1.3554604571798592,1.3554604571798592,1.374202431109721,0.9022018549504488,TRUSTED,Frame delay / dropped frames,Frame delay / dropped frames | Distribution shift (input unlike calibration set),44.948443999942356,6.144108999933451,2,0.9505856293590424,1.0,0.9966140711386395,1.0,1.0,0.9997637354238725,0.820288995541156,1.0,1.0,0.9952380952380953,0.9907716530492656,0.9692784097154019,0.25,0.7838996389637813,1
multi,frame_delay,time,0.75,2,2,2,0,0,1.0,1.0,1.0,0.8651986016515303,-1.2425816577413809,2.135162934013035,1.2494787423832219,0.8254538925244258,TRUSTED,Frame delay / dropped frames,Frame delay / dropped frames | Erratic object motion (large filter innovation) | Unstable tracking / temporal disagreement,44.78781899990736,6.090531999916493,2,0.9512557008308204,1.0,0.99674742137951,1.0,1.0,0.9988858796382466,0.8475438437896108,0.7029746281714786,0.3621759990808257,0.9298029556650247,0.9907756893718027,0.9735604058917304,0.25,0.8967784384022597,0
multi,frame_delay,time,0.75,3,2,1,1,1,0.5,0.5,0.5,0.8998233208588287,-1.3552979593691603,1.3552979593691603,1.3725772866229335,0.8264275117174613,TRUSTED,Frame delay / dropped frames,Frame delay / dropped frames | Erratic object motion (large filter innovation) | Unstable tracking / temporal disagreement,44.60473299991463,6.246837999924537,2,0.9512557008308204,1.0,0.99674742137951,1.0,1.0,0.9988858796382466,0.8475438437896108,0.6772688645274085,0.3750846863368771,0.9443349753694581,0.9907612360413235,0.9872954869103078,0.25,0.7840621367744802,1
multi,frame_delay,time,0.75,4,2,2,0,0,1.0,1.0,1.0,0.8466668989248938,-1.2430559241253398,2.136111466780953,1.2500188029436345,0.8166768762699452,TRUSTED,Frame delay / dropped frames,Frame delay / dropped frames | Erratic object motion (large filter innovation) | Unstable tracking / temporal disagreement,44.5625879998488,6.182496999940668,2,0.9517075535109638,1.0,0.9968192253553634,1.0,1.0,0.9977677053065849,0.8409005612923582,0.6435485897018279,0.36394202907982687,0.9253968253968254,0.9907470879147686,0.9571877836332932,0.25,0.8963041720183007,0
multi,frame_delay,time,0.75,5,2,1,1,1,0.5,0.5,0.5,0.8914323334615698,-1.3586621491805353,1.3586621491805353,1.3743734472533118,0.8214660893624839,TRUSTED,Frame delay / dropped frames,Frame delay / dropped frames | Erratic object motion (large filter innovation) | Unstable tracking / temporal disagreement,44.70899000000372,6.109081999966293,2,0.9517075535109638,1.0,0.9968192253553634,1.0,1.0,0.9977677053065849,0.8409005612923582,0.6376375010208275,0.3729761136931566,0.939010989010989,0.9907489429274059,0.9955452232116861,0.25,0.7806979469631052,1
multi,frame_delay,time,0.75,6,2,2,0,0,1.0,1.0,1.0,0.832112736189625,-1.242551720660666,2.1351030598516054,1.2518973512297824,0.8154266983669097,TRUSTED,Frame delay / dropped frames,Frame delay / dropped frames | Unstable tracking / temporal disagreement | Erratic object motion (large filter innovation),44.528564000074766,6.119963000060125,2,0.9520830081098381,1.0,0.9966561631244846,1.0,1.0,0.9989509718254005,0.8567469687213646,0.6241986711876772,0.3764500115673246,0.9197142857142857,0.9897710783673362,0.9409550042806509,0.25,0.8968083754829745,0
multi,frame_delay,time,0.75,7,2,1,1,1,0.5,0.5,0.5,0.6070994356966342,-1.3549090675685704,1.3549090675685704,1.376073807428296,0.822148996938139,TRUSTED,Frame delay / dropped frames,Frame delay / dropped frames | Unstable tracking / temporal disagreement | Erratic object motion (large filter innovation),44.0629130000616,6.05938600006084,2,0.9520830081098381,1.0,0.9966561631244846,1.0,1.0,0.9989509718254005,0.8567469687213646,0.6198170582841582,0.38057661774039103,0.9585714285714286,0.9897529023222349,0.9873244327159311,0.25,0.7844510285750701,1
multi,frame_delay,time,0.75,8,2,2,0,0,1.0,1.0,1.0,0.8030757296003981,-5.549810140029244,10.749619898588762,5.58431023076492,0.7223888797640938,CAUTION,Geometric inconsistency (calibration or depth scale error),Geometric inconsistency (calibration or depth scale error) | Frame delay / dropped frames | Unstable tracking / temporal disagreement,44.15941200011275,6.07675600008406,2,0.9384830621347897,0.9938330170406932,0.9996712226819917,1.0,1.0,0.9664882648616636,0.8416598118346639,0.6074621822896902,0.37602906134376496,0.9619047619047619,0.8788240195976411,0.3491122635770932,0.25,-3.4104500438856036,1
multi,frame_delay,time,0.75,9,2,1,1,1,0.5,0.5,0.5,0.786003503068884,-1.4481179610542618,1.4481179610542618,1.4759918787946047,0.7996425816048002,TRUSTED,Frame delay / dropped frames,Frame delay / dropped frames | Unstable tracking / temporal disagreement | Erratic object motion (large filter innovation),44.345219999854635,6.264454999950431,2,0.94298620808469,0.9938330170406932,0.9996712226819917,1.0,1.0,0.9664882648616636,0.8416598118346639,0.5703316296235511,0.34608564421070503,0.8890350877192983,0.9887628287992465,0.9445782740080648,0.25,0.6912421350893787,1
multi,frame_delay,time,0.75,10,2,2,0,0,1.0,1.0,1.0,0.7365880208964248,-1.2511172501937207,2.1522341189177148,1.256425911899482,0.7983910087861373,TRUSTED,Unstable tracking / temporal disagreement,Unstable tracking / temporal disagreement | Frame delay / dropped frames | Erratic object motion (large filter innovation),44.88661300001695,6.237542000008034,2,0.9521057493409935,1.0,0.9945756163955712,1.0,1.0,1.0,0.8442734393949486,0.5471654714441212,0.3267381287823768,0.9503105590062112,0.990775668382845,0.9201284694182511,0.25,0.8882428459499199,0
multi,frame_delay,time,0.75,11,2,1,1,1,0.5,0.5,0.5,0.8062916862146761,-1.3612941244374142,1.3612941244374142,1.3725724049522954,0.8013026630069873,TRUSTED,Unstable tracking / temporal disagreement,Unstable tracking / temporal disagreement | Frame delay / dropped frames | Erratic object motion (large filter innovation),45.16119400000207,6.22908799994093,2,0.9521057493409935,1.0,0.9945756163955712,1.0,1.0,1.0,0.8442734393949486,0.5405791254217491,0.32478894408435505,0.912111801242236,0.9887793862098766,0.9919388581520999,0.25,0.7780659717062264,1
multi,frame_delay,time,0.75,12,2,2,0,0,1.0,1.0,1.0,0.780367841362881,-1.2428653965825625,2.1357304116953983,1.2566700428166282,0.7911395405755457,TRUSTED,Unstable tracking / temporal disagreement,Unstable tracking / temporal disagreement | Frame delay / dropped frames | Erratic object motion (large filter innovation),44.28208000001632,6.091203999972095,2,0.9542635792740755,1.0,0.9933429225243944,1.0,1.0,1.0,0.8367244482932941,0.5351574006545494,0.32694643169804005,0.9090909090909092,0.9877753851897363,0.8952100106694432,0.25,0.8964946995610781,0
multi,frame_delay,time,0.75,13,2,1,1,1,0.5,0.5,0.5,0.822955323651878,-1.3550424161164685,1.3550424161164685,1.3732666846886863,0.7866812114384447,TRUSTED,Unstable tracking / temporal disagreement,Unstable tracking / temporal disagreement | Frame delay / dropped frames | Erratic object motion (large filter innovation),44.964260000028844,6.454229000041778,2,0.9542635792740755,1.0,0.9933429225243944,1.0,1.0,1.0,0.8367244482932941,0.4968078425385543,0.3038904228068484,0.9090909090909092,0.9872391863644916,0.9383718612812079,0.25,0.7843176800271721,1
multi,frame_delay,time,0.75,14,1,1,0,0,1.0,1.0,1.0,0.8644588830404273,-2.136158238286555,2.136158238286555,2.1510829402976417,0.8331535034499602,TRUSTED,Frame delay / dropped frames,Frame delay / dropped frames | Geometric inconsistency (calibration or depth scale error) | Unstable tracking / temporal disagreement,43.45035599999392,6.481419000010646,1,0.9537015839319211,1.0,0.9993231679418946,1.0,1.0,0.9713591529950519,0.8774383444845747,0.7485422520931034,0.5863982752318074,1.0,0.9735995136232842,0.747815391845056,0.25,0.0032018578570855993,0
multi,frame_delay,time,0.75,15,1,1,0,0,1.0,1.0,1.0,0.8385378841192582,-1.3570590641187579,1.3570590641187579,1.3717202847100023,0.8444355863108618,TRUSTED,Frame delay / dropped frames,Frame delay / dropped frames | Unstable tracking / temporal disagreement | Erratic object motion (large filter innovation),42.95487299998513,6.3742539999793735,1,0.9537015839319211,1.0,0.9993231679418946,1.0,1.0,0.9713591529950519,0.8774383444845747,0.7461365201708916,0.5853442394727116,1.0,0.9717597212866913,0.8500506933344198,0.25,0.7823010320248827,0
multi,frame_delay,time,0.75,16,1,1,0,0,1.0,1.0,1.0,0.865787384293046,-2.135870809140414,2.135870809140414,2.1505216795574746,0.8332228600161582,TRUSTED,Frame delay / dropped frames,Frame delay / dropped frames | Geometric inconsistency (calibration or depth scale error) | Unstable tracking / temporal disagreement,43.848614000012276,6.214849000002687,1,0.9505827415948349,1.0,0.9968209939261972,1.0,1.0,1.0,0.877772434527187,0.7380792211783881,0.5694871764808462,1.0,0.9698175572668565,0.7623685272233205,0.25,0.0034892870032265932,0
multi,frame_delay,time,0.75,17,1,1,0,0,1.0,1.0,1.0,0.8317528086134004,-1.358032392418906,1.358032392418906,1.3726815350804114,0.8483010291042237,TRUSTED,Frame delay / dropped frames,Frame delay / dropped frames | Unstable tracking / temporal disagreement | Erratic object motion (large filter innovation),43.739248999827396,6.200241999977152,1,0.9505827415948349,1.0,0.9968209939261972,1.0,1.0,1.0,0.877772434527187,0.7346202962535319,0.5630453622812409,1.0,0.9697397732685377,0.9073106356502201,0.25,0.7813277037247346,0
multi,frame_delay,time,0.75,18,2,1,0,1,1.0,0.5,0.6666666666666666,0.8656027217312598,-2.133899191151494,2.133899191151494,2.149691094397967,0.8297572810817436,TRUSTED,Frame delay / dropped frames,Frame delay / dropped frames | Geometric inconsistency (calibration or depth scale error) | Erratic object motion (large filter innovation),44.47888200002126,5.99243400006344,1,0.9508855634643234,1.0,0.9889589891415058,1.0,1.0,1.0,0.8805827850150302,0.7260211927859587,0.5391920493172755,1.0,0.9676865426003617,0.7674698223912503,0.25,0.005460904992146354,1
multi,frame_delay,time,0.75,19,2,1,0,1,1.0,0.5,0.6666666666666666,0.8250967922797426,-1.3569934679114297,1.3569934679114297,1.3725733723558764,0.8440117110033418,TRUSTED,Frame delay / dropped frames,Frame delay / dropped frames | Erratic object motion (large filter innovation) | Unstable tracking / temporal disagreement,45.52385800002412,6.275669999922684,1,0.9508855634643234,1.0,0.9889589891415058,1.0,1.0,1.0,0.8805827850150302,0.72217602959596,0.5305825940384536,1.0,0.9659458020536305,0.9095136184449321,0.25,0.7823666282322108,1
multi,frame_delay,time,0.75,20,3,2,0,1,1.0,0.6666666666666666,0.8,0.8998114326292451,-1.2415352282316787,2.133070074993631,1.2559532976999521,0.7601575742507445,TRUSTED,Unstable tracking / temporal disagreement,Unstable tracking / temporal disagreement | Frame delay / dropped frames | Erratic object motion (large filter innovation),49.37642200002301,8.386623999967924,2,0.9512674988134944,1.0,0.9725975866436116,1.0,1.0,1.0,0.7856166634386447,0.40648647065248567,0.29030436269814536,0.9957671957671957,0.9812912363663931,0.8391269085598574,0.25,0.8978248679119618,1
multi,frame_delay,time,0.75,21,3,1,1,2,0.5,0.3333333333333333,0.4,0.7702907798473789,-1.3567661202472188,1.3567661202472188,1.3741026936860783,0.7679898082812834,TRUSTED,Unstable tracking / temporal disagreement,Unstable tracking / temporal disagreement | Frame delay / dropped frames | Erratic object motion (large filter innovation),46.86193199995614,6.212898999933714,2,0.9512674988134944,1.0,0.9725975866436116,1.0,1.0,1.0,0.7856166634386447,0.42868710025825424,0.30236993584223193,0.9280612244897959,0.9807255222958984,0.9059468428956101,0.25,0.7825939758964218,1
multi,frame_delay,time,0.75,22,3,3,0,0,1.0,1.0,1.0,0.8123222611117863,-1.1120728686235946,2.130957790043041,1.1349347793140339,0.7921690946281265,TRUSTED,Frame delay / dropped frames,Frame delay / dropped frames | Unstable tracking / temporal disagreement | Erratic object motion (large filter innovation),46.78443500006324,6.278236000071047,3,0.9301146301979465,1.0,0.9623621597999252,1.0,1.0,1.0,0.7075026979118366,0.5708809042362849,0.442895707407926,0.9610544217687075,0.9815542391701284,0.8564480125841542,0.25,1.027287227520046,1
multi,frame_delay,time,0.75,23,3,2,1,1,0.6666666666666666,0.6666666666666666,0.6666666666666666,0.7777492495251022,-0.976776123046875,1.3560237884521484,0.9880413623333604,0.7981814996480238,TRUSTED,Frame delay / dropped frames,Frame delay / dropped frames | Unstable tracking / temporal disagreement | Erratic object motion (large filter innovation),46.29719000001842,6.305932999907782,3,0.9301146301979465,1.0,0.9623621597999252,1.0,1.0,1.0,0.7075026979118366,0.5768546798523039,0.4454975845075931,0.9359346167616844,0.9806427248139918,0.9240598672426139,0.25,1.1625839730967655,1
multi,frame_delay,time,1.0,0,2,2,0,0,1.0,1.0,1.0,1.0,-1.244034767150879,2.1380691528320312,1.2588873292674259,0.2538418180143384,DEGRADED,Unstable tracking / temporal disagreement,Unstable tracking / temporal disagreement | Frame delay / dropped frames | Distribution shift (input unlike calibration set),45.09062600004654,6.26663599996391,2,0.9505856293590424,1.0,0.9966140711386395,1.0,1.0,0.9997637354238725,0.820288995541156,0.0,1.0,0.9952380952380953,0.9907716530492656,0.9692784097154019,0.2,0.8953253289927616,0
multi,frame_delay,time,1.0,1,2,1,1,1,0.5,0.5,0.5,0.9166666666666666,-1.3554604571798592,1.3554604571798592,1.374202431109721,0.8912872932100866,TRUSTED,Frame delay / dropped frames,Frame delay / dropped frames | Distribution shift (input unlike calibration set),44.96244899996782,6.225721999953748,2,0.9505856293590424,1.0,0.9966140711386395,1.0,1.0,0.9997637354238725,0.820288995541156,1.0,1.0,0.9952380952380953,0.9907716530492656,0.9692784097154019,0.2,0.7838996389637813,1
multi,frame_delay,time,1.0,2,2,2,0,0,1.0,1.0,1.0,0.8651986016515303,-1.2425816577413809,2.135162934013035,1.2494787423832219,0.8154678041293016,TRUSTED,Frame delay / dropped frames,Frame delay / dropped frames | Erratic object motion (large filter innovation) | Unstable tracking / temporal disagreement,44.53131000002486,6.169228000089788,2,0.9512557008308204,1.0,0.99674742137951,1.0,1.0,0.9988858796382466,0.8475438437896108,0.7029746281714786,0.3621759990808257,0.9298029556650247,0.9907756893718027,0.9735604058917304,0.2,0.8967784384022597,0
multi,frame_delay,time,1.0,3,2,1,1,1,0.5,0.5,0.5,0.8998233208588287,-1.3552979593691603,1.3552979593691603,1.3725772866229335,0.8164296447755123,TRUSTED,Frame delay / dropped frames,Frame delay / dropped frames | Erratic object motion (large filter innovation) | Unstable tracking / temporal disagreement,45.40194199978487,6.48973499994554,2,0.9512557008308204,1.0,0.99674742137951,1.0,1.0,0.9988858796382466,0.8475438437896108,0.6772688645274085,0.3750846863368771,0.9443349753694581,0.9907612360413235,0.9872954869103078,0.2,0.7840621367744802,1
multi,frame_delay,time,1.0,4,2,2,0,0,1.0,1.0,1.0,0.8466668989248938,-1.2430559241253398,2.136111466780953,1.2500188029436345,0.8067969695294918,TRUSTED,Frame delay / dropped frames,Frame delay / dropped frames | Erratic object motion (large filter innovation) | Unstable tracking / temporal disagreement,45.66282600012528,6.343986000047153,2,0.9517075535109638,1.0,0.9968192253553634,1.0,1.0,0.9977677053065849,0.8409005612923582,0.6435485897018279,0.36394202907982687,0.9253968253968254,0.9907470879147686,0.9571877836332932,0.2,0.8963041720183007,0
multi,frame_delay,time,1.0,5,2,1,1,1,0.5,0.5,0.5,0.8914323334615698,-1.3586621491805353,1.3586621491805353,1.3743734472533118,0.8115282441887415,TRUSTED,Frame delay / dropped frames,Frame delay / dropped frames | Erratic object motion (large filter innovation) | Unstable tracking / temporal disagreement,46.28292499990039,6.388308999930814,2,0.9517075535109638,1.0,0.9968192253553634,1.0,1.0,0.9977677053065849,0.8409005612923582,0.6376375010208275,0.3729761136931566,0.939010989010989,0.9907489429274059,0.9955452232116861,0.2,0.7806979469631052,1
multi,frame_delay,time,1.0,6,2,2,0,0,1.0,1.0,1.0,0.832112736189625,-1.242551720660666,2.1351030598516054,1.2518973512297824,0.8055619158958581,TRUSTED,Frame delay / dropped frames,Frame delay / dropped frames | Unstable tracking / temporal disagreement | Erratic object motion (large filter innovation),44.98960700004773,6.088116999990234,2,0.9520830081098381,1.0,0.9966561631244846,1.0,1.0,0.9989509718254005,0.8567469687213646,0.6241986711876772,0.3764500115673246,0.9197142857142857,0.9897710783673362,0.9409550042806509,0.2,0.8968083754829745,0
multi,frame_delay,time,1.0,7,2,1,1,1,0.5,0.5,0.5,0.6070994356966342,-1.3549090675685704,1.3549090675685704,1.376073807428296,0.812202890157688,TRUSTED,Frame delay / dropped frames,Frame delay / dropped frames | Unstable tracking / temporal disagreement | Erratic object motion (large filter innovation),44.71845700004451,6.1583969999219335,2,0.9520830081098381,1.0,0.9966561631244846,1.0,1.0,0.9989509718254005,0.8567469687213646,0.6198170582841582,0.38057661774039103,0.9585714285714286,0.9897529023222349,0.9873244327159311,0.2,0.7844510285750701,1
multi,frame_delay,time,1.0,8,2,2,0,0,1.0,1.0,1.0,0.8030757296003981,-5.549810140029244,10.749619898588762,5.58431023076492,0.7136496403295114,CAUTION,Geometric inconsistency (calibration or depth scale error),Geometric inconsistency (calibration or depth scale error) | Frame delay / dropped frames | Unstable tracking / temporal disagreement,44.257276000053025,6.165551000094638,2,0.9384830621347897,0.9938330170406932,0.9996712226819917,1.0,1.0,0.9664882648616636,0.8416598118346639,0.6074621822896902,0.37602906134376496,0.9619047619047619,0.8788240195976411,0.3491122635770932,0.2,-3.4104500438856036,1
multi,frame_delay,time,1.0,9,2,1,1,1,0.5,0.5,0.5,0.786003503068884,-1.4481179610542618,1.4481179610542618,1.4759918787946047,0.7899687505444244,TRUSTED,Frame delay / dropped frames,Frame delay / dropped frames | Unstable tracking / temporal disagreement | Erratic object motion (large filter innovation),45.252523000044675,6.1980709999716055,2,0.94298620808469,0.9938330170406932,0.9996712226819917,1.0,1.0,0.9664882648616636,0.8416598118346639,0.5703316296235511,0.34608564421070503,0.8890350877192983,0.9887628287992465,0.9445782740080648,0.2,0.6912421350893787,1
multi,frame_delay,time,1.0,10,2,2,0,0,1.0,1.0,1.0,0.7365880208964248,-1.2511172501937207,2.1522341189177148,1.256425911899482,0.7887323188704256,TRUSTED,Frame delay / dropped frames,Frame delay / dropped frames | Unstable tracking / temporal disagreement | Erratic object motion (large filter innovation),44.965136999849165,6.200754000019515,2,0.9521057493409935,1.0,0.9945756163955712,1.0,1.0,1.0,0.8442734393949486,0.5471654714441212,0.3267381287823768,0.9503105590062112,0.990775668382845,0.9201284694182511,0.2,0.8882428459499199,0
multi,frame_delay,time,1.0,11,2,1,1,1,0.5,0.5,0.5,0.8062916862146761,-1.3612941244374142,1.3612941244374142,1.3725724049522954,0.7916087487902106,TRUSTED,Frame delay / dropped frames,Frame delay / dropped frames | Unstable tracking / temporal disagreement | Erratic object motion (large filter innovation),45.05517499990219,6.257038999933684,2,0.9521057493409935,1.0,0.9945756163955712,1.0,1.0,1.0,0.8442734393949486,0.5405791254217491,0.32478894408435505,0.912111801242236,0.9887793862098766,0.9919388581520999,0.2,0.7780659717062264,1
multi,frame_delay,time,1.0,12,2,2,0,0,1.0,1.0,1.0,0.780367841362881,-1.2428653965825625,2.1357304116953983,1.2566700428166282,0.7815685767014713,TRUSTED,Frame delay / dropped frames,Frame delay / dropped frames | Unstable tracking / temporal disagreement | Erratic object motion (large filter innovation),45.50597200000084,6.321150999951897,2,0.9542635792740755,1.0,0.9933429225243944,1.0,1.0,1.0,0.8367244482932941,0.5351574006545494,0.32694643169804005,0.9090909090909092,0.9877753851897363,0.8952100106694432,0.2,0.8964946995610781,0
multi,frame_delay,time,1.0,13,2,1,1,1,0.5,0.5,0.5,0.822955323651878,-1.3550424161164685,1.3550424161164685,1.3732666846886863,0.7771641830649003,TRUSTED,Unstable tracking / temporal disagreement,Unstable tracking / temporal disagreement | Frame delay / dropped frames | Erratic object motion (large filter innovation),44.8246639999752,6.110458000080143,2,0.9542635792740755,1.0,0.9933429225243944,1.0,1.0,1.0,0.8367244482932941,0.4968078425385543,0.3038904228068484,0.9090909090909092,0.9872391863644916,0.9383718612812079,0.2,0.7843176800271721,1
multi,frame_delay,time,1.0,14,1,1,0,0,1.0,1.0,1.0,0.8644588830404273,-2.136158238286555,2.136158238286555,2.1510829402976417,0.8230742675198776,TRUSTED,Frame delay / dropped frames,Frame delay / dropped frames | Geometric inconsistency (calibration or depth scale error) | Unstable tracking / temporal disagreement,42.85628100001304,6.365227999935996,1,0.9537015839319211,1.0,0.9993231679418946,1.0,1.0,0.9713591529950519,0.8774383444845747,0.7485422520931034,0.5863982752318074,1.0,0.9735995136232842,0.747815391845056,0.2,0.0032018578570855993,0
multi,frame_delay,time,1.0,15,1,1,0,0,1.0,1.0,1.0,0.8385378841192582,-1.3570590641187579,1.3570590641187579,1.3717202847100023,0.8342198631974848,TRUSTED,Frame delay / dropped frames,Frame delay / dropped frames | Unstable tracking / temporal disagreement | Erratic object motion (large filter innovation),42.99025900002107,6.337983000094027,1,0.9537015839319211,1.0,0.9993231679418946,1.0,1.0,0.9713591529950519,0.8774383444845747,0.7461365201708916,0.5853442394727116,1.0,0.9717597212866913,0.8500506933344198,0.2,0.7823010320248827,0
multi,frame_delay,time,1.0,16,1,1,0,0,1.0,1.0,1.0,0.865787384293046,-2.135870809140414,2.135870809140414,2.1505216795574746,0.8231427850315783,TRUSTED,Frame delay / dropped frames,Frame delay / dropped frames | Geometric inconsistency (calibration or depth scale error) | Unstable tracking / temporal disagreement,44.08409899997423,6.184007000001657,1,0.9505827415948349,1.0,0.9968209939261972,1.0,1.0,1.0,0.877772434527187,0.7380792211783881,0.5694871764808462,1.0,0.9698175572668565,0.7623685272233205,0.2,0.0034892870032265932,0
multi,frame_delay,time,1.0,17,1,1,0,0,1.0,1.0,1.0,0.8317528086134004,-1.358032392418906,1.358032392418906,1.3726815350804114,0.838038543047731,TRUSTED,Frame delay / dropped frames,Frame delay / dropped frames | Unstable tracking / temporal disagreement | Erratic object motion (large filter innovation),44.581827000001795,6.383067999990999,1,0.9505827415948349,1.0,0.9968209939261972,1.0,1.0,1.0,0.877772434527187,0.7346202962535319,0.5630453622812409,1.0,0.9697397732685377,0.9073106356502201,0.2,0.7813277037247346,0
multi,frame_delay,time,1.0,18,2,1,0,1,1.0,0.5,0.6666666666666666,0.8656027217312598,-2.133899191151494,2.133899191151494,2.149691094397967,0.8197191316097729,TRUSTED,Frame delay / dropped frames,Frame delay / dropped frames | Geometric inconsistency (calibration or depth scale error) | Erratic object motion (large filter innovation),45.089835999874595,6.202427999937754,1,0.9508855634643234,1.0,0.9889589891415058,1.0,1.0,1.0,0.8805827850150302,0.7260211927859587,0.5391920493172755,1.0,0.9676865426003617,0.7674698223912503,0.2,0.005460904992146354,1
multi,frame_delay,time,1.0,19,2,1,0,1,1.0,0.5,0.6666666666666666,0.8250967922797426,-1.3569934679114297,1.3569934679114297,1.3725733723558764,0.8338011158036226,TRUSTED,Frame delay / dropped frames,Frame delay / dropped frames | Erratic object motion (large filter innovation) | Unstable tracking / temporal disagreement,46.05531200013502,6.23675600002116,1,0.9508855634643234,1.0,0.9889589891415058,1.0,1.0,1.0,0.8805827850150302,0.72217602959596,0.5305825940384536,1.0,0.9659458020536305,0.9095136184449321,0.2,0.7823666282322108,1
multi,frame_delay,time,1.0,20,3,2,0,1,1.0,0.6666666666666666,0.8,0.8998114326292451,-1.2415352282316787,2.133070074993631,1.2559532976999521,0.7509614207169885,TRUSTED,Unstable tracking / temporal disagreement,Unstable tracking / temporal disagreement | Frame delay / dropped frames | Erratic object motion (large filter innovation),46.06920400021863,6.219896000061453,2,0.9512674988134944,1.0,0.9725975866436116,1.0,1.0,1.0,0.7856166634386447,0.40648647065248567,0.29030436269814536,0.9957671957671957,0.9812912363663931,0.8391269085598574,0.2,0.8978248679119618,1
multi,frame_delay,time,1.0,21,3,1,1,2,0.5,0.3333333333333333,0.4,0.7702907798473789,-1.3567661202472188,1.3567661202472188,1.3741026936860783,0.7586989027788608,TRUSTED,Unstable tracking / temporal disagreement,Unstable tracking / temporal disagreement | Frame delay / dropped frames | Erratic object motion (large filter innovation),46.95345899995118,6.39455199996064,2,0.9512674988134944,1.0,0.9725975866436116,1.0,1.0,1.0,0.7856166634386447,0.42868710025825424,0.30236993584223193,0.9280612244897959,0.9807255222958984,0.9059468428956101,0.2,0.7825939758964218,1
multi,frame_delay,time,1.0,22,3,3,0,0,1.0,1.0,1.0,0.8123222611117863,-1.1120728686235946,2.130957790043041,1.1349347793140339,0.7825856755244266,TRUSTED,Frame delay / dropped frames,Frame delay / dropped frames | Unstable tracking / temporal disagreement | Erratic object motion (large filter innovation),47.529148999956305,6.591570999944452,3,0.9301146301979465,1.0,0.9623621597999252,1.0,1.0,1.0,0.7075026979118366,0.5708809042362849,0.442895707407926,0.9610544217687075,0.9815542391701284,0.8564480125841542,0.2,1.027287227520046,1
multi,frame_delay,time,1.0,23,3,2,1,1,0.6666666666666666,0.6666666666666666,0.6666666666666666,0.7777492495251022,-0.976776123046875,1.3560237884521484,0.9880413623333604,0.7885253443097023,TRUSTED,Frame delay / dropped frames,Frame delay / dropped frames | Unstable tracking / temporal disagreement | Erratic object motion (large filter innovation),46.51620599997841,6.328381999992416,3,0.9301146301979465,1.0,0.9623621597999252,1.0,1.0,1.0,0.7075026979118366,0.5768546798523039,0.4454975845075931,0.9359346167616844,0.9806427248139918,0.9240598672426139,0.2,1.1625839730967655,1
multi,distribution_shift,image,0.25,0,2,2,0,0,1.0,1.0,1.0,1.0,-1.244034767150879,2.1380691528320312,1.2588873292674259,0.271411563386269,DEGRADED,Unstable tracking / temporal disagreement,Unstable tracking / temporal disagreement | Distribution shift (input unlike calibration set) | Low detector confidence,45.12414800012721,5.930258000034883,2,0.8189657457511563,1.0,0.9768810652031389,1.0,1.0,1.0,0.7689781940144719,0.0,1.0,0.9952380952380953,0.9907716530492656,0.9692784097154019,1.0,0.8953253289927616,0
multi,distribution_shift,image,0.25,1,2,2,0,0,1.0,1.0,1.0,0.9761848982685465,-1.2448030969370976,2.1396058124044686,1.2557476548162199,0.8589974699454375,TRUSTED,Unstable tracking / temporal disagreement,Unstable tracking / temporal disagreement | Erratic object motion (large filter innovation) | Distribution shift (input unlike calibration set),45.49051900005452,6.131729000003361,2,0.8189111853373208,1.0,0.9761937985771139,1.0,1.0,1.0,0.7668572355963927,0.6094961240310077,0.356560980663947,0.9785714285714286,0.9907593204098566,0.9601939850011313,1.0,0.894556999206543,0
multi,distribution_shift,image,0.25,2,2,2,0,0,1.0,1.0,1.0,0.9699998642573293,-1.2439535182455312,2.137906655021336,1.2547880542306196,0.8975312370622527,TRUSTED,Erratic object motion (large filter innovation),Erratic object motion (large filter innovation) | Unstable tracking / temporal disagreement | Distribution shift (input unlike calibration set),45.84953799985669,6.052597000007154,2,0.8194410629502483,1.0,0.9768856634873068,1.0,1.0,1.0,0.7815950789324635,0.7393669552144184,0.543402674063275,0.9788177339901478,0.9907612360413235,0.9733092117494057,1.0,0.8954065778981093,0
multi,distribution_shift,image,0.25,3,2,2,0,0,1.0,1.0,1.0,0.9513859617109259,-1.2442721905915626,2.1385439997133986,1.2541875891371248,0.9076935689571305,TRUSTED,Distribution shift (input unlike calibration set),Distribution shift (input unlike calibration set) | Erratic object motion (large filter innovation) | Unstable tracking / temporal disagreement,44.832422000126826,6.169587000044885,2,0.819449039676975,1.0,0.9771148702673706,1.0,1.0,1.0,0.7542868563447614,0.8034515993435419,0.6472779075777755,0.9959183673469387,0.9907450401543308,0.9392800991546307,1.0,0.895087905552078,0
multi,distribution_shift,image,0.25,4,2,2,0,0,1.0,1.0,1.0,0.9479125398216857,-1.2443457686382793,2.138691155806832,1.2532994502601982,0.9179917246166278,TRUSTED,Distribution shift (input unlike calibration set),Distribution shift (input unlike calibration set) | Low detector confidence | Erratic object motion (large filter innovation),46.95508700001483,6.007717999978013,2,0.8198069005144731,1.0,0.9770292714390136,1.0,1.0,1.0,0.775803893382236,0.8280177310428889,0.7127342635544152,0.9783068783068782,0.9902545871008644,0.9569425680091469,1.0,0.8950143275053613,0
multi,distribution_shift,image,0.25,5,2,2,0,0,1.0,1.0,1.0,0.9539891245502226,-1.2441742523856778,2.138348123301629,1.2524120637355316,0.9217252364429208,TRUSTED,Distribution shift (input unlike calibration set),Distribution shift (input unlike calibration set) | Low detector confidence | Unstable tracking / temporal disagreement,45.11234700009936,6.038340000031894,2,0.8200761272475463,1.0,0.9777840974708907,1.0,1.0,1.0,0.7829935379298361,0.8449522710178887,0.758079164953971,0.9967032967032967,0.9897687782621171,0.9276641177011545,1.0,0.8951858437579627,0
multi,distribution_shift,image,0.25,6,2,2,0,0,1.0,1.0,1.0,0.9401802339603851,-1.2437590723452363,2.137517763220746,1.2526203748316664,0.9229773899526412,TRUSTED,Distribution shift (input unlike calibration set),Distribution shift (input unlike calibration set) | Low detector confidence | Unstable tracking / temporal disagreement,45.080328000040026,6.346703000076559,2,0.8200848007177817,1.0,0.9774264924482908,1.0,1.0,1.0,0.773741004318867,0.852178547493122,0.7895706850438238,0.968956043956044,0.9897529023222349,0.9407158076061365,1.0,0.8956010237984042,0
multi,distribution_shift,image,0.25,7,2,2,0,0,1.0,1.0,1.0,0.8626397439123228,-1.2290855076002032,2.10817063373068,1.2634012021090644,0.915795448435961,TRUSTED,Distribution shift (input unlike calibration set),Distribution shift (input unlike calibration set) | Low detector confidence | Unstable tracking / temporal disagreement,43.7590789999831,6.150219999994988,2,0.8202597566370826,1.0,0.9737132011255892,1.0,1.0,1.0,0.7689578304380116,0.8390799212815074,0.7603730249033875,0.9672371031746032,0.9917981106435225,0.9106122462410025,1.0,0.9102745885434373,0
multi,distribution_shift,image,0.25,8,2,2,0,0,1.0,1.0,1.0,0.8752658159137674,-5.719565598861031,11.089130816252336,5.756496414229951,0.8203865374932197,TRUSTED,Geometric inconsistency (calibration or depth scale error),Geometric inconsistency (calibration or depth scale error) | Distribution shift (input unlike calibration set) | Low detector confidence,44.86094300000332,5.93022199996085,2,0.8061526560209799,1.0,0.973014261932061,1.0,1.0,1.0,0.7867230939077525,0.8263248456078358,0.7262295762897812,0.9880952380952381,1.0,0.33614694788611915,1.0,-3.5802055027173907,1
multi,distribution_shift,image,0.25,9,2,2,0,0,1.0,1.0,1.0,0.8867917966850737,-1.2637652106907051,2.1775300399116837,1.2640455824042591,0.9122687317917699,TRUSTED,Distribution shift (input unlike calibration set),Distribution shift (input unlike calibration set) | Unstable tracking / temporal disagreement | Erratic object motion (large filter innovation),44.40003700017314,6.202339999958895,2,0.8211255184753103,1.0,0.9754375576885699,1.0,1.0,1.0,0.7761591026598332,0.813330312618899,0.698936957432149,0.9773291925465839,0.9913084307073914,0.925588080591658,1.0,0.8755948854529354,0
multi,distribution_shift,image,0.25,10,2,2,0,0,1.0,1.0,1.0,0.8937428554739426,-1.2469516007796582,2.1439028200895898,1.2498911510445347,0.9138450047838581,TRUSTED,Distribution shift (input unlike calibration set),Distribution shift (input unlike calibration set) | Unstable tracking / temporal disagreement | Erratic object motion (large filter innovation),45.93991599995206,6.260082000039802,2,0.8195053404628159,1.0,0.9801210869707087,1.0,1.0,1.0,0.7590720844961429,0.8113385147336952,0.6918026121676427,0.999025974025974,0.9897495872839543,0.950360899201503,1.0,0.8924084953639824,0
multi,distribution_shift,image,0.25,11,2,2,0,0,1.0,1.0,1.0,0.913572691526894,-1.2460309733515196,2.1420615652333126,1.250478716353887,0.9113806264367643,TRUSTED,Distribution shift (input unlike calibration set),Distribution shift (input unlike calibration set) | Unstable tracking / temporal disagreement | Low detector confidence,45.13597300001493,6.268468000030225,2,0.8216269990060756,1.0,0.9805529719683292,1.0,1.0,1.0,0.7694129128871976,0.8152116068723579,0.7080462481372014,0.9772727272727273,0.9887325853996777,0.9142950886115135,1.0,0.893329122792121,0
multi,distribution_shift,image,0.25,12,2,2,0,0,1.0,1.0,1.0,0.9304927709401046,-1.2438257466191835,2.1376511117686405,1.2498060493294048,0.9101760002871939,TRUSTED,Distribution shift (input unlike calibration set),Distribution shift (input unlike calibration set) | Unstable tracking / temporal disagreement | Low detector confidence,45.86010999980772,5.904124999915439,2,0.8216517557245696,1.0,0.9817265955736563,1.0,1.0,1.0,0.739501826411803,0.8210586173346512,0.7267338483364335,1.0,0.9877491702044789,0.9019915420029969,1.0,0.895534349524457,0
multi,distribution_shift,image,0.25,13,2,2,0,0,1.0,1.0,1.0,0.8119373307146411,-1.2432169706925116,2.1364335599152966,1.2554143227436518,0.9122092785076836,TRUSTED,Distribution shift (input unlike calibration set),Distribution shift (input unlike calibration set) | Low detector confidence | Unstable tracking / temporal disagreement,46.01715400008288,6.648882000035883,2,0.8214063668939074,1.0,0.9794582266221906,1.0,1.0,1.0,0.7500042910384687,0.8291809229003202,0.771871747743583,0.969327731092437,0.9867747141626393,0.8962267497491081,1.0,0.896143125451129,0
multi,distribution_shift,image,0.25,14,1,1,0,0,1.0,1.0,1.0,0.8896911352085559,-2.1379129990287424,2.1379129990287424,2.1495226359654738,0.8773191254336008,TRUSTED,Distribution shift (input unlike calibration set),Distribution shift (input unlike calibration set) | Geometric inconsistency (calibration or depth scale error) | Unstable tracking / temporal disagreement,43.30961099992692,6.28200099993137,1,0.7557521305548675,1.0,0.9753137577302019,1.0,1.0,1.0,0.7387166775406571,0.7546871784303798,0.6570511714532814,1.0,0.9726738545502717,0.7910739815733857,1.0,0.0014470971148980993,0
multi,distribution_shift,image,0.25,15,1,1,0,0,1.0,1.0,1.0,0.899274993846527,-2.138255658357039,2.138255658357039,2.1506422379978125,0.87396802021422,TRUSTED,Geometric inconsistency (calibration or depth scale error),Geometric inconsistency (calibration or depth scale error) | Unstable tracking / temporal disagreement | Distribution shift (input unlike calibration set),42.163739999978134,6.257714000071246,1,0.7531746211607168,1.0,0.977403854741618,1.0,1.0,1.0,0.7453246274247854,0.7442008595102753,0.6541595973088355,1.0,0.9716153574264149,0.7703928236382341,1.0,0.0011044377866014088,0
multi,distribution_shift,image,0.25,16,1,1,0,0,1.0,1.0,1.0,0.8958730585005164,-2.1374610610630214,2.1374610610630214,2.149508142798386,0.876656867298321,TRUSTED,Distribution shift (input unlike calibration set),Distribution shift (input unlike calibration set) | Unstable tracking / temporal disagreement | Low detector confidence,44.65886399998453,5.889512000067043,1,0.7526547271787516,1.0,0.9797199751055969,1.0,1.0,1.0,0.7370673727818298,0.7375716023630804,0.6467171142794289,1.0,0.9697337351034728,0.8106291766945349,1.0,0.0018990350806191714,0
multi,distribution_shift,image,0.25,17,1,1,0,0,1.0,1.0,1.0,0.8993422557506565,-2.1385490168695895,2.1385490168695895,2.150921281050911,0.8722189197732517,TRUSTED,Distribution shift (input unlike calibration set),Distribution shift (input unlike calibration set) | Unstable tracking / temporal disagreement | Geometric inconsistency (calibration or depth scale error),44.30248399989978,6.084888999907889,1,0.7561070423121055,1.0,0.9826975409614269,1.0,1.0,1.0,0.7180673887393674,0.7327518420092382,0.6400602033582375,1.0,0.9678770129054551,0.7956257494914284,1.0,0.0008110792740509964,0
multi,distribution_shift,image,0.25,18,2,2,0,0,1.0,1.0,1.0,0.8566706395149323,-1.2433755294136377,2.136750677357549,1.262023058650715,0.8833947602790484,TRUSTED,Unstable tracking / temporal disagreement,Unstable tracking / temporal disagreement | Distribution shift (input unlike calibration set) | Low detector confidence,45.7474510000111,6.294044000014765,2,0.8200368629516539,1.0,0.9884535315971981,1.0,1.0,1.0,0.7424277991733585,0.6226553476606638,0.7026634870402491,0.9583333333333333,0.982821544840411,0.9011581846915413,1.0,0.8959845667300028,0
multi,distribution_shift,image,0.25,19,2,2,0,0,1.0,1.0,1.0,0.8209134127169431,-1.2431749260943867,2.136349470719047,1.2498930491281162,0.8794350394582052,TRUSTED,Unstable tracking / temporal disagreement,Unstable tracking / temporal disagreement | Distribution shift (input unlike calibration set) | Erratic object motion (large filter innovation),44.7878560000845,6.1847530000704865,2,0.8193660157459189,1.0,0.9979037129906656,1.0,1.0,1.0,0.7265331033450408,0.6056561053436136,0.696545796744473,1.0,0.981842856571731,0.8753324934574404,1.0,0.8961851700492538,0
multi,distribution_shift,image,0.25,20,3,3,0,0,1.0,1.0,1.0,0.8212946602549017,-1.1169463102368333,2.1355925435605254,1.1237701715504997,0.8570468524206621,TRUSTED,Unstable tracking / temporal disagreement,Unstable tracking / temporal disagreement | Distribution shift (input unlike calibration set) | Low detector confidence,47.02835399984906,6.053153999914684,3,0.7750523995552707,1.0,0.9946509575130924,1.0,1.0,1.0,0.6954841442723612,0.4806351593847639,0.7558732606354026,0.9989648033126294,0.9845102873980859,0.8746380858665123,1.0,1.0224137859068072,1
multi,distribution_shift,image,0.25,21,3,3,0,0,1.0,1.0,1.0,0.8428317105651338,-1.1141953537429583,2.1354192650836445,1.1237391558018988,0.8620387741206207,TRUSTED,Unstable tracking / temporal disagreement,Unstable tracking / temporal disagreement | Distribution shift (input unlike calibration set) | Low detector confidence,47.508452999977635,6.41887200004021,3,0.7760094605710663,1.0,0.9889275085806637,1.0,1.0,1.0,0.6818706661274481,0.5143505725013204,0.788150831518916,0.9978021978021978,0.9837979504511539,0.8714803035532429,1.0,1.0251647424006822,1
multi,distribution_shift,image,0.25,22,3,3,0,0,1.0,1.0,1.0,0.8605604665742431,-1.1121238901995223,2.134248443271801,1.1241648380415066,0.8601877460614967,TRUSTED,Unstable tracking / temporal disagreement,Unstable tracking / temporal disagreement | Distribution shift (input unlike calibration set) | Low detector confidence,46.288036999953874,6.257860999994591,3,0.77846625027719,1.0,0.9824743473221982,1.0,1.0,1.0,0.6256100669268654,0.5355616792626677,0.8051022570446501,0.9966490299823633,0.9811619311689808,0.8820279240605631,1.0,1.0272362059441182,1
multi,distribution_shift,image,0.25,23,3,3,0,0,1.0,1.0,1.0,0.8627221455568498,-1.109570821126302,2.1318416595458984,1.124581310849547,0.8585716246493449,TRUSTED,Unstable tracking / temporal disagreement,Unstable tracking / temporal disagreement | Distribution shift (input unlike calibration set) | Low detector confidence,45.35784400002285,6.300470999917707,3,0.778564208742579,1.0,0.9734910686288605,1.0,1.0,1.0,0.6109203594033659,0.5488334735182446,0.8054218552184909,0.9972789115646258,0.9799170876518448,0.8718628740847537,1.0,1.0297892750173385,1
multi,distribution_shift,image,0.5,0,2,1,0,1,1.0,0.5,0.6666666666666666,1.0,-0.35000038146972656,0.35000038146972656,0.36777489737637364,0.2683473032918058,DEGRADED,Unstable tracking / temporal disagreement,Unstable tracking / temporal disagreement | Distribution shift (input unlike calibration set) | Low detector confidence,43.90111399993657,6.090927999935047,1,0.8108575103439529,1.0,0.9513623566418589,1.0,1.0,1.0,0.6724846678475309,0.0,1.0,0.9904761904761905,1.0,0.9994065974176279,1.0,1.789359714673914,1
multi,distribution_shift,image,0.5,1,2,1,0,1,1.0,0.5,0.6666666666666666,0.9635499207606966,-0.35000038146972656,0.35000038146972656,0.361181380274551,0.7605743027940232,TRUSTED,Unstable tracking / temporal disagreement,Unstable tracking / temporal disagreement | Erratic object motion (large filter innovation) | Distribution shift (input unlike calibration set),43.6398360000112,6.436257000018486,1,0.8108559620977158,1.0,0.9506821642991693,1.0,1.0,1.0,0.6680676886833611,0.3023255813953488,0.15335496684492847,0.9571428571428572,1.0,0.9994065974176279,1.0,1.789359714673914,1
multi,distribution_shift,image,0.5,2,2,1,0,1,1.0,0.5,0.6666666666666666,0.9766971456371076,-0.35000038146972656,0.35000038146972656,0.35971504499607365,0.8398516680491558,TRUSTED,Unstable tracking / temporal disagreement,Unstable tracking / temporal disagreement | Erratic object motion (large filter innovation) | Distribution shift (input unlike calibration set),43.79389700011416,6.2132620000738825,1,0.8114137068582518,1.0,0.9514518463260505,1.0,1.0,1.0,0.6798629326102379,0.5585227321110756,0.3288057475422596,0.9576354679802955,1.0,0.9994065974176279,1.0,1.789359714673914,1
multi,distribution_shift,image,0.5,3,2,1,0,1,1.0,0.5,0.6666666666666666,0.9863619338202237,-0.35000038146972656,0.35000038146972656,0.3580605299599664,0.8701869806954784,TRUSTED,Distribution shift (input unlike calibration set),Distribution shift (input unlike calibration set) | Erratic object motion (large filter innovation) | Unstable tracking / temporal disagreement,42.32022500002586,6.435341000042172,1,0.8114137068582518,1.0,0.9517196079502918,1.0,1.0,1.0,0.657653276164923,0.6812476872093699,0.45628901199212635,0.9918367346938776,1.0,0.9994065974176279,1.0,1.789359714673914,1
multi,distribution_shift,image,0.5,4,2,1,0,1,1.0,0.5,0.6666666666666666,0.9565688422087618,-0.35000038146972656,0.35000038146972656,0.35627338802098163,0.8854864720684668,TRUSTED,Distribution shift (input unlike calibration set),Distribution shift (input unlike calibration set) | Erratic object motion (large filter innovation) | Unstable tracking / temporal disagreement,44.199488000117526,6.0651940000298055,1,0.8119136633736758,1.0,0.9517196079502918,1.0,1.0,1.0,0.6763909062873104,0.7407596417963462,0.5464476734576912,0.9566137566137566,1.0,0.9994065974176279,1.0,1.789359714673914,1
multi,distribution_shift,image,0.5,5,2,1,0,1,1.0,0.5,0.6666666666666666,0.9769839118305945,-0.35000038146972656,0.35000038146972656,0.35458085416303076,0.8987832762161728,TRUSTED,Distribution shift (input unlike calibration set),Distribution shift (input unlike calibration set) | Erratic object motion (large filter innovation) | Unstable tracking / temporal disagreement,43.52333900010308,6.173533000037423,1,0.8121636024573341,1.0,0.9525830242313659,1.0,1.0,1.0,0.6816634968268178,0.7839214818788294,0.6123600970669749,0.9934065934065934,1.0,0.9994065974176279,1.0,1.789359714673914,1
multi,distribution_shift,image,0.5,6,2,1,0,1,1.0,0.5,0.6666666666666666,0.9447714471418531,-0.35000038146972656,0.35000038146972656,0.35309306946941993,0.8994897978101078,TRUSTED,Distribution shift (input unlike calibration set),Distribution shift (input unlike calibration set) | Erratic object motion (large filter innovation) | Unstable tracking / temporal disagreement,44.524223999928836,6.428936000020258,1,0.812257899184707,1.0,0.9522763540487804,1.0,1.0,1.0,0.6705675119946622,0.8030721013797155,0.6623103065086261,0.9379120879120879,1.0,0.9994065974176279,1.0,1.789359714673914,1
multi,distribution_shift,image,0.5,7,2,1,0,1,1.0,0.5,0.6666666666666666,0.970529459857758,-0.35000038146972656,0.35000038146972656,0.3518686161162516,0.9073448944079299,TRUSTED,Distribution shift (input unlike calibration set),Distribution shift (input unlike calibration set) | Low detector confidence | Erratic object motion (large filter innovation),41.92903499995282,6.2731330000360686,1,0.8126463198312525,1.0,0.947928145796735,1.0,1.0,1.0,0.6653157215205436,0.8233148650600207,0.7013166772725791,0.9952380952380953,1.0,0.9994065974176279,1.0,1.789359714673914,1
multi,distribution_shift,image,0.5,8,2,1,0,1,1.0,0.5,0.6666666666666666,0.9614422313344532,-0.35000038146972656,0.35000038146972656,0.35175322792359615,0.9109464190980703,TRUSTED,Distribution shift (input unlike calibration set),Distribution shift (input unlike calibration set) | Low detector confidence | Erratic object motion (large filter innovation),43.47276499993313,6.003497999927276,1,0.812834265612806,1.0,0.9471542191998525,1.0,1.0,1.0,0.6802540928487921,0.8364420727800762,0.7268231763946834,0.9761904761904762,1.0,0.9994065974176279,1.0,1.789359714673914,1
multi,distribution_shift,image,0.5,9,2,1,0,1,1.0,0.5,0.6666666666666666,0.955508264315453,-0.35000038146972656,0.35000038146972656,0.3504783936389285,0.9109371721174113,TRUSTED,Distribution shift (input unlike calibration set),Distribution shift (input unlike calibration set) | Low detector confidence | Unstable tracking / temporal disagreement,43.3146510001734,6.318794000094385,1,0.8136195176251131,1.0,0.9500246096631526,1.0,1.0,1.0,0.6709717353598219,0.8454752104409947,0.7481387057128889,0.9546583850931677,1.0,0.9994065974176279,1.0,1.789359714673914,1
multi,distribution_shift,image,0.5,10,2,1,0,1,1.0,0.5,0.6666666666666666,0.976381935510156,-0.35000038146972656,0.35000038146972656,0.35006396430626124,0.9156750309292113,TRUSTED,Distribution shift (input unlike calibration set),Distribution shift (input unlike calibration set) | Low detector confidence | Unstable tracking / temporal disagreement,43.727920999913295,6.419214000061402,1,0.8139159749408715,1.0,0.95549232325301,1.0,1.0,1.0,0.662320932053523,0.8564785158284405,0.7691175401633001,0.9980519480519481,1.0,0.9994065974176279,1.0,1.789359714673914,1
multi,distribution_shift,image,0.5,11,2,1,0,1,1.0,0.5,0.6666666666666666,0.9623071827504787,-0.35000038146972656,0.35000038146972656,0.3500436405434782,0.9154211641925164,TRUSTED,Distribution shift (input unlike calibration set),Distribution shift (input unlike calibration set) | Low detector confidence | Unstable tracking / temporal disagreement,42.208757000139485,6.3902300000791,1,0.8141106792158207,1.0,0.9560434099248305,1.0,1.0,1.0,0.6711850245295705,0.8631520650830115,0.7831512261309568,0.9545454545454546,1.0,0.9994065974176279,1.0,1.789359714673914,1
multi,distribution_shift,image,0.5,12,2,1,0,1,1.0,0.5,0.6666666666666666,0.9800576266302662,-0.35000038146972656,0.35000038146972656,0.35008270788936496,0.916810934768311,TRUSTED,Distribution shift (input unlike calibration set),Distribution shift (input unlike calibration set) | Low detector confidence | Unstable tracking / temporal disagreement,43.43856100001631,6.194043000050442,1,0.8141106792158207,1.0,0.9574179431768802,1.0,1.0,1.0,0.6428062123473004,0.8714149915553003,0.7989666182012528,1.0,1.0,0.9994065974176279,1.0,1.789359714673914,1
multi,distribution_shift,image,0.5,13,2,1,0,1,1.0,0.5,0.6666666666666666,0.7331662462851303,-0.35000038146972656,0.35000038146972656,0.3618923993995692,0.9210558004246391,TRUSTED,Distribution shift (input unlike calibration set),Distribution shift (input unlike calibration set) | Low detector confidence,43.88892300005409,6.1785690000988325,1,0.81346095162601,1.0,0.9552185484879337,1.0,1.0,1.0,0.6485919052822833,0.8952240744372014,0.8951158627840398,0.938655462184874,1.0,0.9994065974176279,1.0,1.789359714673914,1
multi,distribution_shift,image,0.5,14,1,0,0,1,0.0,0.0,0.0,,,,,0.001083183163177292,DEGRADED,Geometric inconsistency (calibration or depth scale error),Geometric inconsistency (calibration or depth scale error) | Low detector confidence | Unstable tracking / temporal disagreement,40.026837999903364,5.956290999961311,0,0.0,1.0,0.9510999007301191,1.0,1.0,1.0,0.629709143839146,0.0,0.0,0.0,0.0,0.0,1.0,,1
multi,distribution_shift,image,0.5,15,1,0,0,1,0.0,0.0,0.0,,,,,0.0010847399252810837,DEGRADED,Geometric inconsistency (calibration or depth scale error),Geometric inconsistency (calibration or depth scale error) | Low detector confidence | Unstable tracking / temporal disagreement,38.21695399994951,6.061519000013504,0,0.0,1.0,0.9533834793907556,1.0,1.0,1.0,0.6385101125913324,0.0,0.0,0.0,0.0,0.0,1.0,,1
multi,distribution_shift,image,0.5,16,1,0,0,1,0.0,0.0,0.0,,,,,0.0010842426981565846,DEGRADED,Geometric inconsistency (calibration or depth scale error),Geometric inconsistency (calibration or depth scale error) | Low detector confidence | Unstable tracking / temporal disagreement,37.481884000044374,5.7097279999425155,0,0.0,1.0,0.9560069773656535,1.0,1.0,1.0,0.6339028687632191,0.0,0.0,0.0,0.0,0.0,1.0,,1
multi,distribution_shift,image,0.5,17,1,0,0,1,0.0,0.0,0.0,,,,,0.0010818282031776836,DEGRADED,Geometric inconsistency (calibration or depth scale error),Geometric inconsistency (calibration or depth scale error) | Low detector confidence | Unstable tracking / temporal disagreement,37.59720599998673,5.9205129999782,0,0.0,1.0,0.9593860088007622,1.0,1.0,1.0,0.6168031564652612,0.0,0.0,0.0,0.0,0.0,1.0,,1
multi,distribution_shift,image,0.5,18,2,1,0,1,1.0,0.5,0.6666666666666666,0.8189477073963592,-0.35000038146972656,0.35000038146972656,0.3744929650142439,0.8691413419149248,TRUSTED,Unstable tracking / temporal disagreement,Unstable tracking / temporal disagreement | Distribution shift (input unlike calibration set) | Low detector confidence,42.40836999997555,6.168967999997221,1,0.8136018356784057,1.0,0.9658872751859078,1.0,1.0,1.0,0.6487382422401742,0.5188818221969559,0.7793623502611047,0.9166666666666666,1.0,0.9994065974176279,1.0,1.789359714673914,1
multi,distribution_shift,image,0.5,19,2,1,0,1,1.0,0.5,0.6666666666666666,0.7506889461159905,-0.35000038146972656,0.35000038146972656,0.3500380958287289,0.8628356627101755,TRUSTED,Unstable tracking / temporal disagreement,Unstable tracking / temporal disagreement | Distribution shift (input unlike calibration set) | Low detector confidence,42.84592400006204,6.337106000046333,1,0.812359464423811,1.0,0.976157719732104,1.0,1.0,1.0,0.6486307527264821,0.4665784395649353,0.7167809211756553,1.0,1.0,0.9994065974176279,1.0,1.789359714673914,1
multi,distribution_shift,image,0.5,20,3,1,0,2,1.0,0.3333333333333333,0.5,0.8323437009336119,-0.35000038146972656,0.35000038146972656,0.3558818928046257,0.8557291078397316,TRUSTED,Unstable tracking / temporal disagreement,Unstable tracking / temporal disagreement | Distribution shift (input unlike calibration set) | Low detector confidence,43.994782000027044,6.126015999939227,1,0.8114137068582518,1.0,0.9838722257092544,1.0,1.0,1.0,0.6274673709215406,0.44482398426441444,0.7017695917783396,0.9968944099378882,1.0,0.9994065974176279,1.0,1.789359714673914,1
multi,distribution_shift,image,0.5,21,3,1,0,2,1.0,0.3333333333333333,0.5,0.9136037120476337,-0.35000038146972656,0.35000038146972656,0.3619682621095101,0.8535373890312308,TRUSTED,Unstable tracking / temporal disagreement,Unstable tracking / temporal disagreement | Distribution shift (input unlike calibration set) | Low detector confidence,43.54705000002923,6.385098000009748,1,0.8114137068582518,1.0,0.9904544926385892,1.0,1.0,1.0,0.6180060137223886,0.43770760003152026,0.7024493693606271,0.9934065934065934,1.0,0.9994065974176279,1.0,1.789359714673914,1
multi,distribution_shift,image,0.5,22,3,1,0,2,1.0,0.3333333333333333,0.5,0.955214816191541,-0.35000038146972656,0.35000038146972656,0.3660250872782815,0.8458937645289266,TRUSTED,Unstable tracking / temporal disagreement,Unstable tracking / temporal disagreement | Distribution shift (input unlike calibration set) | Low detector confidence,43.338120000044,6.338930000083565,1,0.8106724368934423,1.0,0.9978640970039879,1.0,1.0,1.0,0.5653011061280699,0.4342155540092019,0.6977129815906051,0.9899470899470899,1.0,0.9994065974176279,1.0,1.789359714673914,1
multi,distribution_shift,image,0.5,23,3,1,0,2,1.0,0.3333333333333333,0.5,0.9425453008230597,-0.35000038146972656,0.35000038146972656,0.36926854982861773,0.8440096732285551,TRUSTED,Unstable tracking / temporal disagreement,Unstable tracking / temporal disagreement | Distribution shift (input unlike calibration set) | Low detector confidence,42.37660700005108,6.318525999972735,1,0.8108575103439529,1.0,0.9919326641415012,1.0,1.0,1.0,0.5599345231506891,0.4308364185664972,0.6928908889465466,0.9918367346938776,1.0,0.9994065974176279,1.0,1.789359714673914,1
multi,distribution_shift,image,0.75,0,2,1,0,1,1.0,0.5,0.6666666666666666,1.0,-0.35000038146972656,0.35000038146972656,0.36777489737637364,0.25607711052590665,DEGRADED,Unstable tracking / temporal disagreement,Unstable tracking / temporal disagreement | Distribution shift (input unlike calibration set) | Low detector confidence,43.460849999974016,6.055099000036535,1,0.7484859747144628,1.0,0.9276196469119073,1.0,1.0,1.0,0.4442555520809879,0.0,1.0,0.9904761904761905,1.0,0.9994065974176279,1.0,1.789359714673914,1
multi,distribution_shift,image,0.75,1,2,1,0,1,1.0,0.5,0.6666666666666666,0.9635499207606966,-0.35000038146972656,0.35000038146972656,0.361181380274551,0.7256791104777229,CAUTION,Unstable tracking / temporal disagreement,Unstable tracking / temporal disagreement | Distribution shift (input unlike calibration set) | Erratic object motion (large filter innovation),43.2145730000002,6.300870000018222,1,0.7484615645087237,1.0,0.9269398082833844,1.0,1.0,1.0,0.4405695100846332,0.3023255813953488,0.15335496684492847,0.9571428571428572,1.0,0.9994065974176279,1.0,1.789359714673914,1
multi,distribution_shift,image,0.75,2,2,1,0,1,1.0,0.5,0.6666666666666666,0.9766971456371076,-0.35000038146972656,0.35000038146972656,0.35971504499607365,0.8013107572156817,TRUSTED,Distribution shift (input unlike calibration set),Distribution shift (input unlike calibration set) | Unstable tracking / temporal disagreement | Erratic object motion (large filter innovation),43.21827100000064,6.316012000070259,1,0.7491173501797671,1.0,0.9277809405719523,1.0,1.0,1.0,0.44817658501058477,0.5585227321110756,0.3288057475422596,0.9576354679802955,1.0,0.9994065974176279,1.0,1.789359714673914,1
multi,distribution_shift,image,0.75,3,2,1,0,1,1.0,0.5,0.6666666666666666,0.9863619338202237,-0.35000038146972656,0.35000038146972656,0.3580605299599664,0.8301639751424638,TRUSTED,Distribution shift (input unlike calibration set),Distribution shift (input unlike calibration set) | Erratic object motion (large filter innovation) | Unstable tracking / temporal disagreement,42.5232559999813,6.3592090000383905,1,0.7491173501797671,1.0,0.9281049427487092,1.0,1.0,1.0,0.43299545622847124,0.6812476872093699,0.45628901199212635,0.9918367346938776,1.0,0.9994065974176279,1.0,1.789359714673914,1
multi,distribution_shift,image,0.75,4,2,1,0,1,1.0,0.5,0.6666666666666666,0.9565688422087618,-0.35000038146972656,0.35000038146972656,0.35627338802098163,0.845150692172457,TRUSTED,Distribution shift (input unlike calibration set),Distribution shift (input unlike calibration set) | Erratic object motion (large filter innovation) | Unstable tracking / temporal disagreement,44.384667000031186,6.294442000012168,1,0.7496511385898162,1.0,0.9281788690095633,1.0,1.0,1.0,0.4475326304288819,0.7407596417963462,0.5464476734576912,0.9566137566137566,1.0,0.9994065974176279,1.0,1.789359714673914,1
multi,distribution_shift,image,0.75,5,2,1,0,1,1.0,0.5,0.6666666666666666,0.9769839118305945,-0.35000038146972656,0.35000038146972656,0.35458085416303076,0.8577915886698911,TRUSTED,Distribution shift (input unlike calibration set),Distribution shift (input unlike calibration set) | Low detector confidence | Erratic object motion (large filter innovation),43.82447900002262,6.413687999952344,1,0.7499540895008205,1.0,0.9291494606831671,1.0,1.0,1.0,0.45063767235191887,0.7839214818788294,0.6123600970669749,0.9934065934065934,1.0,0.9994065974176279,1.0,1.789359714673914,1
multi,distribution_shift,image,0.75,6,2,1,0,1,1.0,0.5,0.6666666666666666,0.9447714471418531,-0.35000038146972656,0.35000038146972656,0.35309306946941993,0.8581228460430143,TRUSTED,Distribution shift (input unlike calibration set),Distribution shift (input unlike calibration set) | Low detector confidence | Erratic object motion (large filter innovation),44.271482999874934,6.343544999936057,1,0.7500340175160208,1.0,0.9289255596156047,1.0,1.0,1.0,0.4413332110391578,0.8030721013797155,0.6623103065086261,0.9379120879120879,1.0,0.9994065974176279,1.0,1.789359714673914,1
multi,distribution_shift,image,0.75,7,2,1,0,1,1.0,0.5,0.6666666666666666,0.970529459857758,-0.35000038146972656,0.35000038146972656,0.3518686161162516,0.8654354633041695,TRUSTED,Distribution shift (input unlike calibration set),Distribution shift (input unlike calibration set) | Low detector confidence | Erratic object motion (large filter innovation),42.497375999914766,6.240122999997766,1,0.7504843272504209,1.0,0.9238734601716964,1.0,1.0,1.0,0.43712257697203216,0.8233148650600207,0.7013166772725791,0.9952380952380953,1.0,0.9994065974176279,1.0,1.789359714673914,1
multi,distribution_shift,image,0.75,8,2,1,0,1,1.0,0.5,0.6666666666666666,0.9614422313344532,-0.35000038146972656,0.35000038146972656,0.35175322792359615,0.8691623451480703,TRUSTED,Distribution shift (input unlike calibration set),Distribution shift (input unlike calibration set) | Low detector confidence | Erratic object motion (large filter innovation),44.07683299996279,6.262721999974019,1,0.7507274102796212,1.0,0.9229902358972835,1.0,1.0,1.0,0.4485992443915694,0.8364420727800762,0.7268231763946834,0.9761904761904762,1.0,0.9994065974176279,1.0,1.789359714673914,1
multi,distribution_shift,image,0.75,9,2,1,0,1,1.0,0.5,0.6666666666666666,0.955508264315453,-0.35000038146972656,0.35000038146972656,0.3504783936389285,0.8690358472264039,TRUSTED,Distribution shift (input unlike calibration set),Distribution shift (input unlike calibration set) | Low detector confidence | Unstable tracking / temporal disagreement,43.33913200002826,6.214867000039703,1,0.7515769773338993,1.0,0.9263607781923898,1.0,1.0,1.0,0.4415275501940833,0.8454752104409947,0.7481387057128889,0.9546583850931677,1.0,0.9994065974176279,1.0,1.789359714673914,1
multi,distribution_shift,image,0.75,10,2,1,0,1,1.0,0.5,0.6666666666666666,0.976381935510156,-0.35000038146972656,0.35000038146972656,0.35006396430626124,0.8741770283978435,TRUSTED,Distribution shift (input unlike calibration set),Distribution shift (input unlike calibration set) | Low detector confidence | Unstable tracking / temporal disagreement,43.8658639999403,6.39032899994163,1,0.7519418573279703,1.0,0.9326462789358084,1.0,1.0,1.0,0.43884401947118856,0.8564785158284405,0.7691175401633001,0.9980519480519481,1.0,0.9994065974176279,1.0,1.789359714673914,1
multi,distribution_shift,image,0.75,11,2,1,0,1,1.0,0.5,0.6666666666666666,0.9623071827504787,-0.35000038146972656,0.35000038146972656,0.3500436405434782,0.8741226668131686,TRUSTED,Distribution shift (input unlike calibration set),Distribution shift (input unlike calibration set) | Low detector confidence | Unstable tracking / temporal disagreement,42.8234150000435,6.31281999994826,1,0.7521388982256939,1.0,0.9333349604185005,1.0,1.0,1.0,0.44570292791538857,0.8631520650830115,0.7831512261309568,0.9545454545454546,1.0,0.9994065974176279,1.0,1.789359714673914,1
multi,distribution_shift,image,0.75,12,2,1,0,1,1.0,0.5,0.6666666666666666,0.9800576266302662,-0.35000038146972656,0.35000038146972656,0.35008270788936496,0.8748161780791704,TRUSTED,Distribution shift (input unlike calibration set),Distribution shift (input unlike calibration set) | Low detector confidence | Unstable tracking / temporal disagreement,43.82203099976323,6.253814999922724,1,0.7521388982256939,1.0,0.9349401153072812,1.0,1.0,1.0,0.4233766650283953,0.8714149915553003,0.7989666182012528,1.0,1.0,0.9994065974176279,1.0,1.789359714673914,1
multi,distribution_shift,image,0.75,13,2,1,0,1,1.0,0.5,0.6666666666666666,0.7331662462851303,-0.35000038146972656,0.35000038146972656,0.3618923993995692,0.8791978580017874,TRUSTED,Distribution shift (input unlike calibration set),Distribution shift (input unlike calibration set) | Low detector confidence,43.678021000005174,6.324285000005148,1,0.7514852056320629,1.0,0.932857800007534,1.0,1.0,1.0,0.4289682144468656,0.8952240744372014,0.8951158627840398,0.938655462184874,1.0,0.9994065974176279,1.0,1.789359714673914,1
multi,distribution_shift,image,0.75,14,1,0,0,1,0.0,0.0,0.0,,,,,0.001041136132296619,DEGRADED,Geometric inconsistency (calibration or depth scale error),Geometric inconsistency (calibration or depth scale error) | Low detector confidence | Unstable tracking / temporal disagreement,39.693796999927144,5.7593259999748625,0,0.0,1.0,0.9288739173472569,1.0,1.0,1.0,0.4151617101002464,0.0,0.0,0.0,0.0,0.0,1.0,,1
multi,distribution_shift,image,0.75,15,1,0,0,1,0.0,0.0,0.0,,,,,0.001043115941546528,DEGRADED,Geometric inconsistency (calibration or depth scale error),Geometric inconsistency (calibration or depth scale error) | Low detector confidence | Unstable tracking / temporal disagreement,37.99280400016869,5.87942800007113,0,0.0,1.0,0.9313672485087852,1.0,1.0,1.0,0.4230207191245242,0.0,0.0,0.0,0.0,0.0,1.0,,1
multi,distribution_shift,image,0.75,16,1,0,0,1,0.0,0.0,0.0,,,,,0.0010427388598109222,DEGRADED,Geometric inconsistency (calibration or depth scale error),Geometric inconsistency (calibration or depth scale error) | Low detector confidence | Unstable tracking / temporal disagreement,38.048684999921534,5.735236999953486,0,0.0,1.0,0.9343317269404449,1.0,1.0,1.0,0.42027181816433323,0.0,0.0,0.0,0.0,0.0,1.0,,1
multi,distribution_shift,image,0.75,17,1,0,0,1,0.0,0.0,0.0,,,,,0.0010400139485694728,DEGRADED,Geometric inconsistency (calibration or depth scale error),Geometric inconsistency (calibration or depth scale error) | Low detector confidence | Unstable tracking / temporal disagreement,38.5216129999435,6.1390539999592875,0,0.0,1.0,0.9381362765181721,1.0,1.0,1.0,0.4070221656206654,0.0,0.0,0.0,0.0,0.0,1.0,,1
multi,distribution_shift,image,0.75,18,2,1,0,1,1.0,0.5,0.6666666666666666,0.8189477073963592,-0.35000038146972656,0.35000038146972656,0.3744929650142439,0.8305194192824233,TRUSTED,Distribution shift (input unlike calibration set),Distribution shift (input unlike calibration set) | Unstable tracking / temporal disagreement | Low detector confidence,43.13185799992425,6.042956999976923,1,0.7516300546882789,1.0,0.9453725609418558,1.0,1.0,1.0,0.4333005703064725,0.5188818221969559,0.7793623502611047,0.9166666666666666,1.0,0.9994065974176279,1.0,1.789359714673914,1
multi,distribution_shift,image,0.75,19,2,1,0,1,1.0,0.5,0.6666666666666666,0.7506889461159905,-0.35000038146972656,0.35000038146972656,0.3500380958287289,0.8250870793985603,TRUSTED,Distribution shift (input unlike calibration set),Distribution shift (input unlike calibration set) | Unstable tracking / temporal disagreement | Low detector confidence,41.662797999833856,6.099771999970471,1,0.7501440898701988,1.0,0.9564431069332752,1.0,1.0,1.0,0.4364941832233412,0.4665784395649353,0.7167809211756553,1.0,1.0,0.9994065974176279,1.0,1.789359714673914,1
multi,distribution_shift,image,0.75,20,3,1,0,2,1.0,0.3333333333333333,0.5,0.8323437009336119,-0.35000038146972656,0.35000038146972656,0.3558818928046257,0.8183520105586726,TRUSTED,Distribution shift (input unlike calibration set),Distribution shift (input unlike calibration set) | Unstable tracking / temporal disagreement | Low detector confidence,43.33211800019399,5.9937200001058955,1,0.7491173501797671,1.0,0.964514156790525,1.0,1.0,1.0,0.42250324015826335,0.44482398426441444,0.7017695917783396,0.9968944099378882,1.0,0.9994065974176279,1.0,1.789359714673914,1
multi,distribution_shift,image,0.75,21,3,1,0,2,1.0,0.3333333333333333,0.5,0.9136037120476337,-0.35000038146972656,0.35000038146972656,0.3619682621095101,0.8164143129641935,TRUSTED,Distribution shift (input unlike calibration set),Distribution shift (input unlike calibration set) | Unstable tracking / temporal disagreement | Low detector confidence,43.52763600002163,6.178215000090859,1,0.7491173501797671,1.0,0.9720309365484535,1.0,1.0,1.0,0.41665576487646794,0.43770760003152026,0.7024493693606271,0.9934065934065934,1.0,0.9994065974176279,1.0,1.789359714673914,1
multi,distribution_shift,image,0.75,22,3,1,0,2,1.0,0.3333333333333333,0.5,0.955214816191541,-0.35000038146972656,0.35000038146972656,0.3660250872782815,0.808302883273239,TRUSTED,Distribution shift (input unlike calibration set),Distribution shift (input unlike calibration set) | Unstable tracking / temporal disagreement | Low detector confidence,43.358260000104565,6.10931400001391,1,0.7482814358187945,1.0,0.9804992074149808,1.0,1.0,1.0,0.37670461403861477,0.4342155540092019,0.6977129815906051,0.9899470899470899,1.0,0.9994065974176279,1.0,1.789359714673914,1
multi,distribution_shift,image,0.75,23,3,1,0,2,1.0,0.3333333333333333,0.5,0.9425453008230597,-0.35000038146972656,0.35000038146972656,0.36926854982861773,0.8083490531767524,TRUSTED,Distribution shift (input unlike calibration set),Distribution shift (input unlike calibration set) | Unstable tracking / temporal disagreement | Low detector confidence,42.367008000042006,6.325527000058173,1,0.7484859747144628,1.0,0.9920019921181871,1.0,1.0,1.0,0.37725972859726664,0.4308364185664972,0.6928908889465466,0.9918367346938776,1.0,0.9994065974176279,1.0,1.789359714673914,1
multi,distribution_shift,image,1.0,0,2,1,0,1,1.0,0.5,0.6666666666666666,1.0,-0.35000038146972656,0.35000038146972656,0.36777489737637364,0.255528540458671,DEGRADED,Unstable tracking / temporal disagreement,Unstable tracking / temporal disagreement | Distribution shift (input unlike calibration set) | Low detector confidence,44.466854000006606,6.300520999957371,1,0.7042750308183926,1.0,0.9539922214717586,1.0,1.0,1.0,0.45090963242913307,0.0,1.0,0.9904761904761905,1.0,0.9994065974176279,1.0,1.789359714673914,1
multi,distribution_shift,image,1.0,1,2,1,0,1,1.0,0.5,0.6666666666666666,0.9635499207606966,-0.35000038146972656,0.35000038146972656,0.361181380274551,0.7240662408056562,CAUTION,Unstable tracking / temporal disagreement,Unstable tracking / temporal disagreement | Distribution shift (input unlike calibration set) | Erratic object motion (large filter innovation),44.79858000013337,6.456282000044666,1,0.7042823203041697,1.0,0.9533392651199101,1.0,1.0,1.0,0.44673589706529715,0.3023255813953488,0.15335496684492847,0.9571428571428572,1.0,0.9994065974176279,1.0,1.789359714673914,1
multi,distribution_shift,image,1.0,2,2,1,0,1,1.0,0.5,0.6666666666666666,0.9766971456371076,-0.35000038146972656,0.35000038146972656,0.35971504499607365,0.7994899064982838,TRUSTED,Distribution shift (input unlike calibration set),Distribution shift (input unlike calibration set) | Unstable tracking / temporal disagreement | Erratic object motion (large filter innovation),44.73971499999152,6.403560999956426,1,0.7048165738741767,1.0,0.9542433585301618,1.0,1.0,1.0,0.4542386511513937,0.5585227321110756,0.3288057475422596,0.9576354679802955,1.0,0.9994065974176279,1.0,1.789359714673914,1
multi,distribution_shift,image,1.0,3,2,1,0,1,1.0,0.5,0.6666666666666666,0.9863619338202237,-0.35000038146972656,0.35000038146972656,0.3580605299599664,0.8281129780255122,TRUSTED,Distribution shift (input unlike calibration set),Distribution shift (input unlike calibration set) | Erratic object motion (large filter innovation) | Unstable tracking / temporal disagreement,42.75264299997161,6.392677000008007,1,0.7048165738741767,1.0,0.9546006098385948,1.0,1.0,1.0,0.4378851049774103,0.6812476872093699,0.45628901199212635,0.9918367346938776,1.0,0.9994065974176279,1.0,1.789359714673914,1
multi,distribution_shift,image,1.0,4,2,1,0,1,1.0,0.5,0.6666666666666666,0.9565688422087618,-0.35000038146972656,0.35000038146972656,0.35627338802098163,0.8436053775262922,TRUSTED,Distribution shift (input unlike calibration set),Distribution shift (input unlike calibration set) | Low detector confidence | Erratic object motion (large filter innovation),44.2067680000946,5.968533999975989,1,0.7053078411259598,1.0,0.9547650869261408,1.0,1.0,1.0,0.45577487911155945,0.7407596417963462,0.5464476734576912,0.9566137566137566,1.0,0.9994065974176279,1.0,1.789359714673914,1
multi,distribution_shift,image,1.0,5,2,1,0,1,1.0,0.5,0.6666666666666666,0.9769839118305945,-0.35000038146972656,0.35000038146972656,0.35458085416303076,0.8560943702543947,TRUSTED,Distribution shift (input unlike calibration set),Distribution shift (input unlike calibration set) | Low detector confidence | Erratic object motion (large filter innovation),43.91117700004088,6.2711450000279,1,0.7055471266179517,1.0,0.9558262294264366,1.0,1.0,1.0,0.45818396780211035,0.7839214818788294,0.6123600970669749,0.9934065934065934,1.0,0.9994065974176279,1.0,1.789359714673914,1
multi,distribution_shift,image,1.0,6,2,1,0,1,1.0,0.5,0.6666666666666666,0.9447714471418531,-0.35000038146972656,0.35000038146972656,0.35309306946941993,0.856144146727818,TRUSTED,Distribution shift (input unlike calibration set),Distribution shift (input unlike calibration set) | Low detector confidence | Erratic object motion (large filter innovation),44.005656999956955,6.433656000012888,1,0.7056502598724247,1.0,0.9556691803363928,1.0,1.0,1.0,0.44706269548295696,0.8030721013797155,0.6623103065086261,0.9379120879120879,1.0,0.9994065974176279,1.0,1.789359714673914,1
multi,distribution_shift,image,1.0,7,2,1,0,1,1.0,0.5,0.6666666666666666,0.970529459857758,-0.35000038146972656,0.35000038146972656,0.3518686161162516,0.8633527556176774,TRUSTED,Distribution shift (input unlike calibration set),Distribution shift (input unlike calibration set) | Low detector confidence | Erratic object motion (large filter innovation),42.42852800007313,6.14771200002906,1,0.7060277025896633,1.0,0.9500833262148357,1.0,1.0,1.0,0.4424796189196295,0.8233148650600207,0.7013166772725791,0.9952380952380953,1.0,0.9994065974176279,1.0,1.789359714673914,1
multi,distribution_shift,image,1.0,8,2,1,0,1,1.0,0.5,0.6666666666666666,0.9614422313344532,-0.35000038146972656,0.35000038146972656,0.35175322792359615,0.8673956533970375,TRUSTED,Distribution shift (input unlike calibration set),Distribution shift (input unlike calibration set) | Low detector confidence | Erratic object motion (large filter innovation),44.30573499996626,6.3532489999715835,1,0.7062110158028133,1.0,0.9491558876695771,1.0,1.0,1.0,0.4560092947479575,0.8364420727800762,0.7268231763946834,0.9761904761904762,1.0,0.9994065974176279,1.0,1.789359714673914,1
multi,distribution_shift,image,1.0,9,2,1,0,1,1.0,0.5,0.6666666666666666,0.955508264315453,-0.35000038146972656,0.35000038146972656,0.3504783936389285,0.867097059933063,TRUSTED,Distribution shift (input unlike calibration set),Distribution shift (input unlike calibration set) | Low detector confidence | Unstable tracking / temporal disagreement,43.92840199989223,6.385276000060003,1,0.7069888876047251,1.0,0.9529084412647898,1.0,1.0,1.0,0.44774642077387095,0.8454752104409947,0.7481387057128889,0.9546583850931677,1.0,0.9994065974176279,1.0,1.789359714673914,1
multi,distribution_shift,image,1.0,10,2,1,0,1,1.0,0.5,0.6666666666666666,0.976381935510156,-0.35000038146972656,0.35000038146972656,0.35006396430626124,0.8725661767172599,TRUSTED,Distribution shift (input unlike calibration set),Distribution shift (input unlike calibration set) | Low detector confidence | Unstable tracking / temporal disagreement,44.544071999894186,6.3313759999346075,1,0.7072799844240768,1.0,0.9598415926475559,1.0,1.0,1.0,0.44679244797937023,0.8564785158284405,0.7691175401633001,0.9980519480519481,1.0,0.9994065974176279,1.0,1.789359714673914,1
multi,distribution_shift,image,1.0,11,2,1,0,1,1.0,0.5,0.6666666666666666,0.9623071827504787,-0.35000038146972656,0.35000038146972656,0.3500436405434782,0.8727249373175768,TRUSTED,Distribution shift (input unlike calibration set),Distribution shift (input unlike calibration set) | Low detector confidence | Unstable tracking / temporal disagreement,43.760934000147245,6.662010000013652,1,0.7074780962153532,1.0,0.9606374495227777,1.0,1.0,1.0,0.4549545313626283,0.8631520650830115,0.7831512261309568,0.9545454545454546,1.0,0.9994065974176279,1.0,1.789359714673914,1
multi,distribution_shift,image,1.0,12,2,1,0,1,1.0,0.5,0.6666666666666666,0.9800576266302662,-0.35000038146972656,0.35000038146972656,0.35008270788936496,0.8726383435231353,TRUSTED,Distribution shift (input unlike calibration set),Distribution shift (input unlike calibration set) | Low detector confidence | Unstable tracking / temporal disagreement,44.803844999819376,6.10689799998454,1,0.7074780962153532,1.0,0.9624116797832722,1.0,1.0,1.0,0.42790035019928097,0.8714149915553003,0.7989666182012528,1.0,1.0,0.9994065974176279,1.0,1.789359714673914,1
multi,distribution_shift,image,1.0,13,2,1,0,1,1.0,0.5,0.6666666666666666,0.7331662462851303,-0.35000038146972656,0.35000038146972656,0.3618923993995692,0.877718022581222,TRUSTED,Distribution shift (input unlike calibration set),Distribution shift (input unlike calibration set) | Low detector confidence,44.33404799999607,6.430479999949057,1,0.7068225864528657,1.0,0.9604740335777321,1.0,1.0,1.0,0.4373723518420187,0.8952240744372014,0.8951158627840398,0.938655462184874,1.0,0.9994065974176279,1.0,1.789359714673914,1
multi,distribution_shift,image,1.0,14,1,0,0,1,0.0,0.0,0.0,,,,,0.0010455828435031614,DEGRADED,Geometric inconsistency (calibration or depth scale error),Geometric inconsistency (calibration or depth scale error) | Low detector confidence | Unstable tracking / temporal disagreement,39.9411680001549,5.741282000030878,0,0.0,1.0,0.9566227937299919,1.0,1.0,1.0,0.4249622508150174,0.0,0.0,0.0,0.0,0.0,1.0,,1
multi,distribution_shift,image,1.0,15,1,0,0,1,0.0,0.0,0.0,,,,,0.0010478042871498471,DEGRADED,Geometric inconsistency (calibration or depth scale error),Geometric inconsistency (calibration or depth scale error) | Low detector confidence | Unstable tracking / temporal disagreement,38.409719000014775,5.850440000017443,0,0.0,1.0,0.9592328505665527,1.0,1.0,1.0,0.4340528846395624,0.0,0.0,0.0,0.0,0.0,1.0,,1
multi,distribution_shift,image,1.0,16,1,0,0,1,0.0,0.0,0.0,,,,,0.0010473302210522893,DEGRADED,Geometric inconsistency (calibration or depth scale error),Geometric inconsistency (calibration or depth scale error) | Low detector confidence | Unstable tracking / temporal disagreement,38.69313800009877,5.806881000012254,0,0.0,1.0,0.9624456363432816,1.0,1.0,1.0,0.43074378845364714,0.0,0.0,0.0,0.0,0.0,1.0,,1
multi,distribution_shift,image,1.0,17,1,0,0,1,0.0,0.0,0.0,,,,,0.001043785547116806,DEGRADED,Geometric inconsistency (calibration or depth scale error),Geometric inconsistency (calibration or depth scale error) | Low detector confidence | Unstable tracking / temporal disagreement,38.75080199998138,6.40564999991966,0,0.0,1.0,0.9665791400961005,1.0,1.0,1.0,0.4135558180195822,0.0,0.0,0.0,0.0,0.0,1.0,,1
multi,distribution_shift,image,1.0,18,2,1,0,1,1.0,0.5,0.6666666666666666,0.8189477073963592,-0.35000038146972656,0.35000038146972656,0.3744929650142439,0.829325115035116,TRUSTED,Distribution shift (input unlike calibration set),Distribution shift (input unlike calibration set) | Unstable tracking / temporal disagreement | Low detector confidence,43.935833999967144,6.366708999962611,1,0.7069692526779382,1.0,0.9744089568916164,1.0,1.0,1.0,0.44259605503375965,0.5188818221969559,0.7793623502611047,0.9166666666666666,1.0,0.9994065974176279,1.0,1.789359714673914,1
multi,distribution_shift,image,1.0,19,2,1,0,1,1.0,0.5,0.6666666666666666,0.7506889461159905,-0.35000038146972656,0.35000038146972656,0.3500380958287289,0.8233399869387721,TRUSTED,Distribution shift (input unlike calibration set),Distribution shift (input unlike calibration set) | Unstable tracking / temporal disagreement | Low detector confidence,43.13232700019398,6.415578000087407,1,0.7057470175728612,1.0,0.9860182095590192,1.0,1.0,1.0,0.44235109555602337,0.4665784395649353,0.7167809211756553,1.0,1.0,0.9994065974176279,1.0,1.789359714673914,1
multi,distribution_shift,image,1.0,20,3,1,0,2,1.0,0.3333333333333333,0.5,0.8323437009336119,-0.35000038146972656,0.35000038146972656,0.3558818928046257,0.8160376668258433,TRUSTED,Distribution shift (input unlike calibration set),Distribution shift (input unlike calibration set) | Unstable tracking / temporal disagreement | Low detector confidence,44.809213999997155,6.225234999988061,1,0.7048165738741767,1.0,0.9940942114146037,1.0,1.0,1.0,0.42489264150264505,0.44482398426441444,0.7017695917783396,0.9968944099378882,1.0,0.9994065974176279,1.0,1.789359714673914,1
multi,distribution_shift,image,1.0,21,3,1,0,2,1.0,0.3333333333333333,0.5,0.9136037120476337,-0.35000038146972656,0.35000038146972656,0.3619682621095101,0.8132685541424087,TRUSTED,Distribution shift (input unlike calibration set),Distribution shift (input unlike calibration set) | Unstable tracking / temporal disagreement | Low detector confidence,44.356571000093936,6.364706999988812,1,0.7048165738741767,1.0,0.9976957290606077,1.0,1.0,1.0,0.41567489424093484,0.43770760003152026,0.7024493693606271,0.9934065934065934,1.0,0.9994065974176279,1.0,1.789359714673914,1
multi,distribution_shift,image,1.0,22,3,1,0,2,1.0,0.3333333333333333,0.5,0.955214816191541,-0.35000038146972656,0.35000038146972656,0.3660250872782815,0.802918384222562,TRUSTED,Distribution shift (input unlike calibration set),Distribution shift (input unlike calibration set) | Unstable tracking / temporal disagreement | Low detector confidence,43.76825000008466,6.43093200005751,1,0.7041044463114253,1.0,0.9884609595947,1.0,1.0,1.0,0.3695634548897314,0.4342155540092019,0.6977129815906051,0.9899470899470899,1.0,0.9994065974176279,1.0,1.789359714673914,1
multi,distribution_shift,image,1.0,23,3,1,0,2,1.0,0.3333333333333333,0.5,0.9425453008230597,-0.35000038146972656,0.35000038146972656,0.36926854982861773,0.8012760037397113,TRUSTED,Distribution shift (input unlike calibration set),Distribution shift (input unlike calibration set) | Unstable tracking / temporal disagreement | Low detector confidence,41.97496899996622,6.336843000099179,1,0.7042750308183926,1.0,0.9760052689262282,1.0,1.0,1.0,0.36876132033336173,0.4308364185664972,0.6928908889465466,0.9918367346938776,1.0,0.9994065974176279,1.0,1.789359714673914,1
approach,none,none,0.0,0,1,1,0,0,1.0,1.0,1.0,1.0,-2.1398468017578125,2.1398468017578125,2.1412138842079527,0.24867504470833207,DEGRADED,Unstable tracking / temporal disagreement,Unstable tracking / temporal disagreement | Motion blur or defocus | Distribution shift (input unlike calibration set),43.189863000179685,6.0165529999949285,1,0.9443331225717339,0.46777636306368964,0.8997038174424591,1.0,1.0,0.9211100974926805,0.7216504489715836,0.0,1.0,0.9913793103448276,0.9903422328699842,0.8462155020583905,1.0,-0.0004867056141719672,0
approach,none,none,0.0,1,1,1,0,0,1.0,1.0,1.0,0.9536231884057961,-2.144187595533289,2.144187595533289,2.1449114067931827,0.8837811939533737,TRUSTED,Motion blur or defocus,Motion blur or defocus | Distribution shift (input unlike calibration set),43.05463900016093,6.184754000059911,1,0.9409916271558144,0.4943461922471208,0.899782341987481,1.0,1.0,0.9216406967423271,0.7304412672928442,0.9655172413793104,0.9394130628134758,0.9694444444444444,0.9903441577618255,0.9664622166220115,1.0,-0.0048274993896484375,0
approach,none,none,0.0,2,1,1,0,0,1.0,1.0,1.0,0.9393272027681666,-2.1388733905294686,2.1388733905294686,2.1409689649329118,0.8363111253683316,TRUSTED,Motion blur or defocus,Motion blur or defocus | Distribution shift (input unlike calibration set),43.92926200000602,6.504096000071513,1,0.9455170172615884,0.3104798363888204,0.9002457075459435,1.0,1.0,0.9255493450010811,0.6487729488135039,0.9153869143364404,0.9158307255555842,0.9975186104218362,0.9889931043189677,0.9789963672422494,1.0,0.0004867056141719672,0
approach,none,none,0.0,3,1,1,0,0,1.0,1.0,1.0,0.952995945833292,-2.1428250851838513,2.1428250851838513,2.1446287880716817,0.816505049205339,TRUSTED,Motion blur or defocus,Motion blur or defocus | Distribution shift (input unlike calibration set) | Geometric inconsistency (calibration or depth scale error),43.300014999886116,6.28174099995249,1,0.9456363190671234,0.2813168465426291,0.9003744595026459,1.0,1.0,0.9265486920076027,0.6279911617646414,0.9132667179774656,0.9242887448430572,1.0,0.9889947885049817,0.8722635871733965,1.0,-0.003464989040210753,0
approach,none,none,0.0,4,1,1,0,0,1.0,1.0,1.0,0.9095231796911493,-2.1442638480145035,2.1442638480145035,2.146423133649435,0.8798213642976045,TRUSTED,Motion blur or defocus,Motion blur or defocus | Distribution shift (input unlike calibration set) | Geometric inconsistency (calibration or depth scale error),42.24288399996112,6.0699469999008215,1,0.9449197102791569,0.530359249220086,0.9009177644627975,1.0,1.0,0.9317305623482077,0.7504009801350103,0.8921811995439302,0.9423710651736035,1.0,0.9889846095653251,0.8854908716265137,1.0,-0.004903751870863005,0
approach,none,none,0.0,5,1,1,0,0,1.0,1.0,1.0,0.9114950915286646,-2.1455080612846054,2.1455080612846054,2.1472684352056604,0.865543714668097,TRUSTED,Motion blur or defocus,Motion blur or defocus | Distribution shift (input unlike calibration set) | Geometric inconsistency (calibration or depth scale error),43.097265000142215,6.472323000025426,1,0.9457735202871526,0.5090493910355729,0.9010889621195118,1.0,1.0,0.9330374359440345,0.7461487003770324,0.8902994592222496,0.9440386181314494,1.0,0.9889715878760486,0.7918568631101317,1.0,-0.006147965140964828,0
approach,none,none,0.0,6,1,1,0,0,1.0,1.0,1.0,0.9070515352074006,-2.144632256549336,2.144632256549336,2.1467471706729206,0.8237449375654058,TRUSTED,Motion blur or defocus,Motion blur or defocus | Distribution shift (input unlike calibration set) | Geometric inconsistency (calibration or depth scale error),43.694281000057344,6.086951000042973,1,0.9457633598584605,0.3324685070503144,0.9017122064813522,1.0,1.0,0.9380912267921488,0.6727794043871355,0.8794262513784692,0.9510303196960103,1.0,0.9876312135732933,0.7854185212228489,1.0,-0.0052721604056955584,0
approach,none,none,0.0,7,1,1,0,0,1.0,1.0,1.0,0.895462028304939,-2.1437545444654376,2.1437545444654376,2.146545362615997,0.8734703350937314,TRUSTED,Motion blur or defocus,Motion blur or defocus | Distribution shift (input unlike calibration set) | Geometric inconsistency (calibration or depth scale error),43.254794999938895,6.3596879999749945,1,0.9453592611408023,0.543227178269581,0.9023283765598573,1.0,1.0,0.9438466811365617,0.7656387932336487,0.868632858052334,0.9544417849303355,1.0,0.9875998922109123,0.8059104515069078,1.0,-0.004394448321797029,0
approach,none,none,0.0,8,1,1,0,0,1.0,1.0,1.0,0.9041644063674215,-2.1480724500573203,2.1480724500573203,2.150719524830739,0.8553807419491698,TRUSTED,Motion blur or defocus,Motion blur or defocus | Distribution shift (input unlike calibration set) | Geometric inconsistency (calibration or depth scale error),43.20241900006749,6.2924590000648095,1,0.9456302336069669,0.4378288826991194,0.9029021009383505,1.0,1.0,0.9485351682989323,0.7356029992499717,0.8625065741585757,0.9551470004924516,1.0,0.9869345666330657,0.8255706253647928,1.0,-0.008712353913679749,0
approach,none,none,0.0,9,1,1,0,0,1.0,1.0,1.0,0.8887071526171582,-2.145268315854281,2.145268315854281,2.147613863467598,0.8713457541671839,TRUSTED,Motion blur or defocus,Motion blur or defocus | Distribution shift (input unlike calibration set) | Geometric inconsistency (calibration or depth scale error),42.89821700001539,6.122466999954668,1,0.9424837069844757,0.5136626854522534,0.9036456081168912,1.0,1.0,0.9549836533118092,0.7679293377590012,0.8546286396900773,0.9550387818811434,1.0,0.9862317948410332,0.8318487802768822,1.0,-0.005908219710640594,0
approach,none,none,0.0,10,1,1,0,0,1.0,1.0,1.0,0.8946753685767916,-2.1472707002059295,2.1472707002059295,2.15018179832865,0.852444888090022,TRUSTED,Motion blur or defocus,Motion blur or defocus | Distribution shift (input unlike calibration set) | Geometric inconsistency (calibration or depth scale error),42.85868699992079,6.1108019999664975,1,0.9458806937290426,0.42651137194338296,0.9045744615188167,1.0,1.0,0.9628055875672131,0.7416719392578779,0.8494114461355181,0.956973441346246,1.0,0.9849109773699238,0.8154805872994672,1.0,-0.00791060406228894,0
approach,none,none,0.0,11,1,1,0,0,1.0,1.0,1.0,0.8903641576332073,-2.1474429835443907,2.1474429835443907,2.1504515144189877,0.8836992076254641,TRUSTED,Motion blur or defocus,Motion blur or defocus | Geometric inconsistency (calibration or depth scale error) | Distribution shift (input unlike calibration set),43.51233499994578,6.424608999964221,1,0.9432615090965216,0.6205871609910315,0.9054559172223958,1.0,1.0,0.9706868726561068,0.8065404394048845,0.844430060393149,0.958624460852685,1.0,0.9842075768288774,0.7755393104837309,1.0,-0.008082887400750138,0
approach,none,none,0.0,12,1,1,0,0,1.0,1.0,1.0,0.8820920326765909,-2.146078897559125,2.146078897559125,2.149938748004341,0.8614544886499318,TRUSTED,Motion blur or defocus,Motion blur or defocus | Geometric inconsistency (calibration or depth scale error) | Distribution shift (input unlike calibration set),44.679958999836344,6.6358949999312244,1,0.9464243812642699,0.5245652812463257,0.9064937145876851,1.0,1.0,0.9794472075344626,0.7908631244194988,0.8417578150642885,0.9595206504016546,1.0,0.9835292527643485,0.714001428341753,1.0,-0.006718801415484421,0
approach,none,none,0.0,13,1,1,0,0,1.0,1.0,1.0,0.870227452265836,-2.1447148115738592,2.1447148115738592,2.1498154792408286,0.86713986391064,TRUSTED,Motion blur or defocus,Motion blur or defocus | Geometric inconsistency (calibration or depth scale error) | Distribution shift (input unlike calibration set),44.080359999952634,6.111753999903158,1,0.9472876878092389,0.5593746512839949,0.9084419722182281,1.0,1.0,0.9958499744196435,0.8124958225144125,0.8244807377161877,0.9615380488624027,1.0,0.9828460120568426,0.707228867065542,1.0,-0.005354715430218704,0
approach,none,none,0.0,14,1,1,0,0,1.0,1.0,1.0,0.8546100777535351,-2.1444979957912267,2.1444979957912267,2.150159487998381,0.8512358969091435,TRUSTED,Motion blur or defocus,Motion blur or defocus | Geometric inconsistency (calibration or depth scale error) | Distribution shift (input unlike calibration set),43.321976000129325,6.3746050000190735,1,0.9465176823135031,0.4762354239315276,0.9105402046554798,1.0,1.0,1.0,0.7938259796690255,0.8132337652955243,0.9680006314513088,1.0,0.9808469148206236,0.7003960398013273,1.0,-0.005137899647586153,0
approach,none,none,0.0,15,1,1,0,0,1.0,1.0,1.0,0.8465961988071452,-2.1440856767737344,2.1440856767737344,2.1493914475135574,0.8502322357872599,TRUSTED,Motion blur or defocus,Motion blur or defocus | Geometric inconsistency (calibration or depth scale error) | Unstable tracking / temporal disagreement,44.127045999971415,6.613753999999972,1,0.9465544585943472,0.4961903165127105,0.913214283756225,1.0,1.0,1.0,0.810970057789527,0.797151428073022,0.9644221587408954,1.0,0.9794569674248728,0.6693281956651842,1.0,-0.004725580630093873,0
approach,none,none,0.0,16,1,1,0,0,1.0,1.0,1.0,0.8348320282952361,-2.145382342131242,2.145382342131242,2.1503700017762886,0.8976945181686082,TRUSTED,Geometric inconsistency (calibration or depth scale error),Geometric inconsistency (calibration or depth scale error) | Unstable tracking / temporal disagreement | Motion blur or defocus,42.869773000120404,6.3566810000565965,1,0.9474269948603227,0.8643373594604538,0.9170181259056187,1.0,1.0,1.0,0.8776735828785295,0.7860173587757845,0.9567921949428031,1.0,0.9780550725906103,0.6578301665814723,1.0,-0.006022245987601593,0
approach,none,none,0.0,17,1,1,0,0,1.0,1.0,1.0,0.8261158107165149,-2.144386374432109,2.144386374432109,2.149389547587052,0.8503714876940828,TRUSTED,Geometric inconsistency (calibration or depth scale error),Geometric inconsistency (calibration or depth scale error) | Motion blur or defocus | Unstable tracking / temporal disagreement,43.00992299988593,6.138677999956599,1,0.9466177726829779,0.5473277089493775,0.9213511244484932,1.0,1.0,1.0,0.8361087330296039,0.7691238629231579,0.9552121018669155,1.0,0.9754056147051826,0.6214247201777734,1.0,-0.0050262782884686885,0
approach,none,none,0.0,18,1,1,0,0,1.0,1.0,1.0,0.8041500120619413,-2.1454656020454728,2.1454656020454728,2.1503355527960757,0.8807108862876996,TRUSTED,Geometric inconsistency (calibration or depth scale error),Geometric inconsistency (calibration or depth scale error) | Unstable tracking / temporal disagreement | Motion blur or defocus,44.00241600001209,6.48392599998715,1,0.944409674041668,0.8062603890743729,0.9279691165086713,1.0,1.0,1.0,0.8559878171269213,0.7538606352857576,0.9476484033480537,1.0,0.9727181580507629,0.620592505776833,1.0,-0.006105505901832231,0
approach,none,none,0.0,19,1,1,0,0,1.0,1.0,1.0,0.7897263572457165,-2.1444472229999043,2.1444472229999043,2.1495817387321066,0.8499340307863291,TRUSTED,Geometric inconsistency (calibration or depth scale error),Geometric inconsistency (calibration or depth scale error) | Motion blur or defocus | Unstable tracking / temporal disagreement,44.61466500004008,6.559652000078131,1,0.9471046088073637,0.6460904810598387,0.9381652810798469,1.0,1.0,1.0,0.7929322949123336,0.7383132097454853,0.942452104165506,1.0,0.9693605502383374,0.5815472788891296,1.0,-0.0050871268562637795,0
approach,none,none,0.0,20,1,1,0,0,1.0,1.0,1.0,0.7575673671902845,-2.1452866015226952,2.1452866015226952,2.1500160263053645,0.8581053413989174,TRUSTED,Geometric inconsistency (calibration or depth scale error),Geometric inconsistency (calibration or depth scale error) | Distribution shift (input unlike calibration set) | Unstable tracking / temporal disagreement,43.978353999818864,6.538623999972515,1,0.9451319616738477,0.8721588134541942,0.9539331512059088,1.0,1.0,1.0,0.7101500883253993,0.7169478523441272,0.9260465105438057,1.0,0.9646991739592709,0.5568793777245628,1.0,-0.005926505379054703,0
approach,none,none,0.0,21,1,1,0,0,1.0,1.0,1.0,0.7345947004757141,-2.1449582058450467,2.1449582058450467,2.1499628525235606,0.8346461236143369,TRUSTED,Geometric inconsistency (calibration or depth scale error),Geometric inconsistency (calibration or depth scale error) | Distribution shift (input unlike calibration set) | Unstable tracking / temporal disagreement,44.62527000021055,6.608048000089184,1,0.9454375042971924,0.9180946870604101,0.9792131027046224,1.0,1.0,1.0,0.575105495286304,0.6947702243774607,0.9121259724893216,1.0,0.9587280596189461,0.5034292705579483,1.0,-0.005598109701406173,0
approach,none,none,0.0,22,1,1,0,0,1.0,1.0,1.0,0.6871631890351276,-2.1449299791584835,2.1449299791584835,2.1499700153056587,0.786885449867932,TRUSTED,Distribution shift (input unlike calibration set),Distribution shift (input unlike calibration set) | Geometric inconsistency (calibration or depth scale error) | Unstable tracking / temporal disagreement,44.1522559999612,6.712121999953524,1,0.9447679459664675,1.0,0.9693214860310317,1.0,1.0,1.0,0.33608519304324214,0.6653900880642669,0.8783688707645074,1.0,0.9488839392247721,0.4579879818081363,1.0,-0.005569883014842958,0
approach,none,none,0.0,23,1,1,0,0,1.0,1.0,1.0,0.6353737789119208,-2.144843101501465,2.144843101501465,2.149916318140697,0.2385707589518347,DEGRADED,Distribution shift (input unlike calibration set),Distribution shift (input unlike calibration set) | Geometric inconsistency (calibration or depth scale error) | Unstable tracking / temporal disagreement,44.341199999962555,6.659410999986903,1,0.943611166444891,1.0,0.8579559954816554,1.0,1.0,1.0,0.0,0.6301228335353233,0.8151645653717503,1.0,0.9342138715527208,0.39031239293354525,1.0,-0.005483005357824311,0
approach,motion_blur,image,0.25,0,1,1,0,0,1.0,1.0,1.0,0.875,-2.1398468017578125,2.1398468017578125,2.1412138842079527,0.23737870011201512,DEGRADED,Unstable tracking / temporal disagreement,Unstable tracking / temporal disagreement | Motion blur or defocus | Distribution shift (input unlike calibration set),43.40950899984364,6.1910910000051445,1,0.8704813044588363,0.36060105794947245,0.8997108917257944,1.0,1.0,0.9205244220842429,0.6755611475041321,0.0,1.0,0.8712121212121212,0.9903422328699842,0.8462155020583905,1.0,-0.0004867056141719672,0
approach,motion_blur,image,0.25,1,1,1,0,0,1.0,1.0,1.0,0.9200000000000012,-2.144187595533289,2.144187595533289,2.1449114067931827,0.8248178954270527,TRUSTED,Motion blur or defocus,Motion blur or defocus | Distribution shift (input unlike calibration set) | Low detector confidence,43.47252100001242,6.365707999975712,1,0.8391034680394902,0.3195788145714499,0.8997933071266507,1.0,1.0,0.9206074147128461,0.6514174184235038,0.9696969696969697,0.9394130628134758,0.8578431372549019,0.9903441577618255,0.9664622166220115,1.0,-0.0048274993896484375,0
approach,motion_blur,image,0.25,2,1,1,0,0,1.0,1.0,1.0,0.8709996440257807,-2.1388733905294686,2.1388733905294686,2.14117021022513,0.7788874129351033,TRUSTED,Motion blur or defocus,Motion blur or defocus | Distribution shift (input unlike calibration set),42.5501349999422,5.934597999953439,1,0.8993134195299087,0.20969001286686956,0.9002531355434454,1.0,1.0,0.9247769794241962,0.5587865332901158,0.904007563839762,0.908492704760161,0.8845714285714286,0.9889931043189677,0.9184506688149857,1.0,0.0004867056141719672,0
approach,motion_blur,image,0.25,3,1,1,0,0,1.0,1.0,1.0,0.8817558677512942,-2.1428250851838513,2.1428250851838513,2.144644739844074,0.7722635071198641,TRUSTED,Motion blur or defocus,Motion blur or defocus | Distribution shift (input unlike calibration set) | Geometric inconsistency (calibration or depth scale error),43.53754800013121,6.428367000012258,1,0.884902922845297,0.20563228868744138,0.900385070927649,1.0,1.0,0.9259744858051803,0.5547884901730491,0.8910989890883445,0.9046187671639854,0.8783068783068783,0.9889947885049817,0.8962700901614573,1.0,-0.003464989040210753,0
approach,motion_blur,image,0.25,4,1,1,0,0,1.0,1.0,1.0,0.9182672269199589,-2.1421419226604996,2.1421419226604996,2.144303156250343,0.7650886108747966,TRUSTED,Motion blur or defocus,Motion blur or defocus | Distribution shift (input unlike calibration set) | Geometric inconsistency (calibration or depth scale error),42.787328000031266,5.914987999972254,1,0.8850140612187202,0.19631130814869102,0.9009336816003018,1.0,1.0,0.9302748081304015,0.5461365995061542,0.873107114420796,0.9236133700764424,0.9384920634920635,0.9889699899639667,0.8321767531734303,1.0,-0.0027818265168590983,0
approach,motion_blur,image,0.25,5,1,1,0,0,1.0,1.0,1.0,0.9151427694094952,-2.1414587601371444,2.1414587601371444,2.143220682178917,0.7635331101775591,TRUSTED,Motion blur or defocus,Motion blur or defocus | Distribution shift (input unlike calibration set) | Low detector confidence,43.62119099994288,6.358106999982738,1,0.8680847521423481,0.18707728920615743,0.9010942678320132,1.0,1.0,0.9316205702146807,0.535020155951087,0.87458474459018,0.9289750665615564,0.8828828828828829,0.9876283854761909,0.911646912302133,1.0,-0.002098663993503891,0
approach,motion_blur,image,0.25,6,1,1,0,0,1.0,1.0,1.0,0.9356812889425669,-2.140777504962422,2.140777504962422,2.143920171692448,0.7716267050885005,TRUSTED,Motion blur or defocus,Motion blur or defocus | Distribution shift (input unlike calibration set) | Unstable tracking / temporal disagreement,42.79860799999824,5.883996999955343,1,0.8936667212896322,0.18973513394900127,0.9017242327630224,1.0,1.0,0.9366832021346628,0.5412919593077874,0.8711732207725991,0.9286245128651585,0.9435897435897436,0.9876288752063834,0.9179802386838104,1.0,-0.001417408818781496,0
approach,motion_blur,image,0.25,7,1,1,0,0,1.0,1.0,1.0,0.9719443481514739,-2.1400943424390704,2.1400943424390704,2.1432336001173,0.7711477820323301,TRUSTED,Motion blur or defocus,Motion blur or defocus | Distribution shift (input unlike calibration set) | Unstable tracking / temporal disagreement,43.08728900002734,6.3838099999884435,1,0.9115377398606503,0.18525428096970284,0.9023538439798644,1.0,1.0,0.9423217419988889,0.5381435483949772,0.8674736412741375,0.9333798488828422,0.9703125,0.9862653391640583,0.9019795416471023,1.0,-0.0007342462954298412,0
approach,motion_blur,image,0.25,8,1,1,0,0,1.0,1.0,1.0,0.9494932621359871,-2.1463405774987265,2.1463405774987265,2.149066862254907,0.75878387948149,TRUSTED,Motion blur or defocus,Motion blur or defocus | Distribution shift (input unlike calibration set) | Geometric inconsistency (calibration or depth scale error),42.94982300018546,6.1989100000801045,1,0.8941325550736027,0.18939725731058465,0.9029035157950177,1.0,1.0,0.9470162407269641,0.546009175324442,0.8589078894460771,0.934821768713334,0.9727403156384505,0.9862696767678089,0.7688619272100868,1.0,-0.006980481355085999,0
approach,motion_blur,image,0.25,9,1,1,0,0,1.0,1.0,1.0,0.9410174726722181,-2.145268315854281,2.145268315854281,2.148505515515927,0.76651636110825,TRUSTED,Motion blur or defocus,Motion blur or defocus | Distribution shift (input unlike calibration set) | Geometric inconsistency (calibration or depth scale error),42.85690100005013,6.27031800001987,1,0.9058766826105283,0.21479669295289933,0.9036717829652318,1.0,1.0,0.9532789750871716,0.5805683208351533,0.8532808653297016,0.9402127158687412,0.9461152882205514,0.9862317948410332,0.7264947859504697,1.0,-0.005908219710640594,0
approach,motion_blur,image,0.25,10,1,1,0,0,1.0,1.0,1.0,0.950091572818029,-2.1441979615584685,2.1441979615584685,2.1473859928645553,0.7833948459717813,TRUSTED,Motion blur or defocus,Motion blur or defocus | Distribution shift (input unlike calibration set) | Geometric inconsistency (calibration or depth scale error),42.498984000076234,6.135661000030268,1,0.9019996016210873,0.2512469050125948,0.9045808283738186,1.0,1.0,0.9613950101872373,0.6230176692546086,0.8478078156723499,0.9429178198552975,0.9477777777777778,0.984862304051108,0.7356902586328176,1.0,-0.004837865414828002,0
approach,motion_blur,image,0.25,11,1,1,0,0,1.0,1.0,1.0,0.9233127404808614,-2.1474429835443907,2.1474429835443907,2.150502910612481,0.801569856472314,TRUSTED,Motion blur or defocus,Motion blur or defocus | Distribution shift (input unlike calibration set) | Geometric inconsistency (calibration or depth scale error),43.160888000102204,6.206606000091597,1,0.911365838075652,0.28002468251822127,0.9054612229348973,1.0,1.0,0.9684709308614438,0.6528636232477407,0.8464537801182869,0.9448056697078105,0.9523809523809523,0.9842075768288774,0.7854904790706522,1.0,-0.008082887400750138,0
approach,motion_blur,image,0.25,12,1,1,0,0,1.0,1.0,1.0,0.9129205845152102,-2.1447370777959414,2.1447370777959414,2.149494502477472,0.8452154860452031,TRUSTED,Motion blur or defocus,Motion blur or defocus | Distribution shift (input unlike calibration set) | Unstable tracking / temporal disagreement,42.07512499999666,5.9976939999160095,1,0.9128769480675365,0.39049611920714905,0.9065057408693551,1.0,1.0,0.9779635599105694,0.7339568018292599,0.8441326254950786,0.9416865633751911,0.9545454545454546,0.9834979775751266,0.8743826041441042,1.0,-0.005376981652300827,0
approach,motion_blur,image,0.25,13,1,1,0,0,1.0,1.0,1.0,0.9313234830682328,-2.148446539173957,2.148446539173957,2.153823165790015,0.8678219907188801,TRUSTED,Motion blur or defocus,Motion blur or defocus | Distribution shift (input unlike calibration set) | Unstable tracking / temporal disagreement,43.13704100013638,6.418079000013677,1,0.9016811002727368,0.46026162495837375,0.9084448019315623,1.0,1.0,0.99469551949582,0.7774594797909833,0.8285560484573029,0.9450783874359139,1.0,0.9822022358858099,0.9109359434668509,1.0,-0.00908644303031636,0
approach,motion_blur,image,0.25,14,1,1,0,0,1.0,1.0,1.0,0.9254871462760272,-2.1444979957912267,2.1444979957912267,2.150209611633271,0.8432408327106917,TRUSTED,Motion blur or defocus,Motion blur or defocus | Distribution shift (input unlike calibration set) | Unstable tracking / temporal disagreement,50.48309200003587,7.328551000000516,1,0.883464507854536,0.3499241953429874,0.9105688555029876,1.0,1.0,1.0,0.7249208680107175,0.8209232801130734,0.9518733515421526,1.0,0.9808469148206236,0.9492066761777602,1.0,-0.005137899647586153,0
approach,motion_blur,image,0.25,15,1,1,0,0,1.0,1.0,1.0,0.9327037168880209,-2.1451347185217813,2.1451347185217813,2.150423702486469,0.8412459181706812,TRUSTED,Motion blur or defocus,Motion blur or defocus | Distribution shift (input unlike calibration set) | Unstable tracking / temporal disagreement,46.799653000107355,6.459899999981644,1,0.9116202768229997,0.3293565343481574,0.913214283756225,1.0,1.0,1.0,0.7163861587931142,0.8076365549014585,0.9524811100107958,1.0,0.9794130341248547,0.9730544513704961,1.0,-0.005774622378140748,0
approach,motion_blur,image,0.25,16,1,1,0,0,1.0,1.0,1.0,0.9182533891825084,-2.145382342131242,2.145382342131242,2.150346710979804,0.8320694053232038,TRUSTED,Motion blur or defocus,Motion blur or defocus | Distribution shift (input unlike calibration set) | Unstable tracking / temporal disagreement,43.22652299993024,6.3490640000054555,1,0.916650045731409,0.31607174245838005,0.9170687070314663,1.0,1.0,1.0,0.7104463382304573,0.7974982275783294,0.9466933867905005,1.0,0.9768059508309757,0.9243630718233395,1.0,-0.006022245987601593,0
approach,motion_blur,image,0.25,17,1,1,0,0,1.0,1.0,1.0,0.9038040373476218,-2.145240866619609,2.145240866619609,2.1502253654481227,0.8092858622155809,TRUSTED,Motion blur or defocus,Motion blur or defocus | Distribution shift (input unlike calibration set) | Unstable tracking / temporal disagreement,43.452770999920176,6.635205999941718,1,0.9120120178857695,0.27904865200608014,0.921366687871831,1.0,1.0,1.0,0.6778845238912568,0.7813758337535402,0.9455533258993004,1.0,0.9753421313143538,0.8432410624713068,1.0,-0.0058807704759686885,0
approach,motion_blur,image,0.25,18,1,1,0,0,1.0,1.0,1.0,0.8726222570691682,-2.1454656020454728,2.1454656020454728,2.150324482719588,0.7969462712506334,TRUSTED,Motion blur or defocus,Motion blur or defocus | Distribution shift (input unlike calibration set) | Unstable tracking / temporal disagreement,42.88226700020914,6.435690000103023,1,0.8504338167054436,0.27444390996622214,0.9279705313653385,1.0,1.0,1.0,0.6649436223724705,0.7645100450310655,0.9432728571302432,1.0,0.9720420261390581,0.813610023609259,1.0,-0.006105505901832231,0
approach,motion_blur,image,0.25,19,1,1,0,0,1.0,1.0,1.0,0.849638112353,-2.1444472229999043,2.1444472229999043,2.149575331580541,0.7972831002751847,TRUSTED,Motion blur or defocus,Motion blur or defocus | Distribution shift (input unlike calibration set) | Geometric inconsistency (calibration or depth scale error),44.1292739999426,6.61110299995471,1,0.9122553199853959,0.2985815299976682,0.9382303644865317,1.0,1.0,1.0,0.6586129824254152,0.7463383038987668,0.9393215377709329,1.0,0.9686949351623789,0.7363582716181378,1.0,-0.0050871268562637795,0
approach,motion_blur,image,0.25,20,1,1,0,0,1.0,1.0,1.0,0.8024343158890973,-2.144724887350332,2.144724887350332,2.1498596303838107,0.7923367104593312,TRUSTED,Motion blur or defocus,Motion blur or defocus | Geometric inconsistency (calibration or depth scale error) | Distribution shift (input unlike calibration set),43.22328899991135,6.312604999948235,1,0.9333475264088071,0.3421380207392375,0.953978072905088,1.0,1.0,1.0,0.6241911609442325,0.7280484304337493,0.9291349001677285,1.0,0.9634942168321746,0.6490424055648036,1.0,-0.005364791206691422,0
approach,motion_blur,image,0.25,21,1,1,0,0,1.0,1.0,1.0,0.7723272475448065,-2.1449582058450467,2.1449582058450467,2.150075278812668,0.7725528834224612,TRUSTED,Motion blur or defocus,Motion blur or defocus | Geometric inconsistency (calibration or depth scale error) | Distribution shift (input unlike calibration set),43.50256399993668,6.787752000036562,1,0.9296355134565554,0.37928170469457345,0.9792152249896228,1.0,1.0,1.0,0.5270840993346677,0.7050716475228388,0.9081126283760159,1.0,0.9574039065038079,0.5595000099411783,1.0,-0.005598109701406173,0
approach,motion_blur,image,0.25,22,1,1,0,0,1.0,1.0,1.0,0.7160447201515635,-2.1449299791584835,2.1449299791584835,2.1499917874958556,0.7469275875756115,CAUTION,Distribution shift (input unlike calibration set),Distribution shift (input unlike calibration set) | Geometric inconsistency (calibration or depth scale error) | Motion blur or defocus,42.987194000033924,6.295422999983202,1,0.9324158458427476,0.517291863421006,0.9691831837918266,1.0,1.0,1.0,0.3347854609963524,0.6765992521214259,0.8739244340191666,1.0,0.9482222613079774,0.4936310512772189,1.0,-0.005569883014842958,0
approach,motion_blur,image,0.25,23,1,1,0,0,1.0,1.0,1.0,0.6558881062289883,-2.144843101501465,2.144843101501465,2.149916007458483,0.23092109677430736,DEGRADED,Distribution shift (input unlike calibration set),Distribution shift (input unlike calibration set) | Geometric inconsistency (calibration or depth scale error) | Unstable tracking / temporal disagreement,44.08790400009366,6.640089000029548,1,0.9352175758927443,0.656060916116355,0.8578689817966312,1.0,1.0,1.0,0.0,0.6386274129431657,0.8118547087121132,1.0,0.9329082135230246,0.4110711916015612,1.0,-0.005483005357824311,0
approach,motion_blur,image,0.5,0,1,1,0,0,1.0,1.0,1.0,0.8235294117647058,-2.1398468017578125,2.1398468017578125,2.1412138842079527,0.2334818138948377,DEGRADED,Unstable tracking / temporal disagreement,Unstable tracking / temporal disagreement | Motion blur or defocus | Distribution shift (input unlike calibration set),42.26416999995308,6.436111999960303,1,0.8092006947353715,0.34392517358225183,0.8997108917257944,1.0,1.0,0.9199906075564402,0.6659624745530237,0.0,1.0,0.8214285714285714,0.9903422328699842,0.8462155020583905,1.0,-0.0004867056141719672,0
approach,motion_blur,image,0.5,1,1,1,0,0,1.0,1.0,1.0,0.8518518518518509,-2.144187595533289,2.144187595533289,2.146037716861049,0.7998863236113204,TRUSTED,Motion blur or defocus,Motion blur or defocus | Distribution shift (input unlike calibration set) | Low detector confidence,42.63604799996301,6.499310999970476,1,0.7626316469098813,0.27835024581372414,0.8997950756974845,1.0,1.0,0.9200627351722388,0.6214754118865384,0.9444444444444444,1.0,0.7882882882882883,0.9903441577618255,0.9664622166220115,1.0,-0.0048274993896484375,0
approach,motion_blur,image,0.5,2,1,1,0,0,1.0,1.0,1.0,0.840510936093118,-2.1388733905294686,2.1388733905294686,2.1412848983977075,0.7579147643693112,TRUSTED,Motion blur or defocus,Motion blur or defocus | Distribution shift (input unlike calibration set) | Geometric inconsistency (calibration or depth scale error),43.02436699992995,6.032366999988881,1,0.8753013031823486,0.19025175455602666,0.900252428115112,1.0,1.0,0.9242883466870598,0.5350861347977494,0.8888888888888895,1.0,0.8357588357588358,0.9889931043189677,0.8258339823759884,1.0,0.0004867056141719672,0
approach,motion_blur,image,0.5,3,1,1,0,0,1.0,1.0,1.0,0.821128130911295,-2.1428250851838513,2.1428250851838513,2.14463687274318,0.737748623578069,CAUTION,Motion blur or defocus,Motion blur or defocus | Distribution shift (input unlike calibration set) | Geometric inconsistency (calibration or depth scale error),44.240241000125025,6.430804000046919,1,0.838853938452995,0.16335968382567403,0.9003932063534845,1.0,1.0,0.9249840154537078,0.49788546441447945,0.8903284571769007,0.9793821813312401,0.7800751879699248,0.9889947885049817,0.8508433905401022,1.0,-0.003464989040210753,0
approach,motion_blur,image,0.5,4,1,1,0,0,1.0,1.0,1.0,0.8447412766936154,-2.1421419226604996,2.1421419226604996,2.1454317437674524,0.7082231025330729,CAUTION,Motion blur or defocus,Motion blur or defocus | Distribution shift (input unlike calibration set) | Geometric inconsistency (calibration or depth scale error),42.43748599981245,6.048765999935313,1,0.838995968245313,0.14357616313719482,0.9009432318828046,1.0,1.0,0.9298778324556911,0.46767130594446893,0.8680484370613173,0.9662091082768314,0.8298245614035088,0.9889699899639667,0.6752433904883344,1.0,-0.0027818265168590983,0
approach,motion_blur,image,0.5,5,1,1,0,0,1.0,1.0,1.0,0.8274767540879304,-2.1414587601371444,2.1414587601371444,2.143483491724561,0.691410810906842,CAUTION,Motion blur or defocus,Motion blur or defocus | Distribution shift (input unlike calibration set) | Geometric inconsistency (calibration or depth scale error),43.55878000012581,6.707254000048124,1,0.7778550961252819,0.125497580590833,0.9011299929628567,1.0,1.0,0.9308458961086512,0.43370113847754044,0.8645614622289883,0.9521937525244613,0.8376068376068376,0.9876283854761909,0.6906087441793821,1.0,-0.002098663993503891,0
approach,motion_blur,image,0.5,6,1,1,0,0,1.0,1.0,1.0,0.8513230096346643,-2.140777504962422,2.140777504962422,2.142936509093131,0.6996375803653359,CAUTION,Motion blur or defocus,Motion blur or defocus | Distribution shift (input unlike calibration set) | Geometric inconsistency (calibration or depth scale error),43.72027499982778,6.34394499991231,1,0.8378754506396917,0.13036120020623787,0.9017185733363541,1.0,1.0,0.936193215763129,0.4458337233348413,0.864663092160351,0.9592666933797075,0.8414634146341463,0.9876288752063834,0.6780496920880136,1.0,-0.001417408818781496,0
approach,motion_blur,image,0.5,7,1,1,0,0,1.0,1.0,1.0,0.8785566382069172,-2.1400943424390704,2.1400943424390704,2.1428620561098977,0.6946447588924545,CAUTION,Motion blur or defocus,Motion blur or defocus | Distribution shift (input unlike calibration set) | Geometric inconsistency (calibration or depth scale error),44.08951000016259,6.63888400003998,1,0.8351990911453676,0.12245142692317237,0.9023570274073653,1.0,1.0,0.9414558375466746,0.43183163486911746,0.8603163276853338,0.9608538977920723,0.890961262553802,0.9862653391640583,0.663749094135053,1.0,-0.0007342462954298412,0
approach,motion_blur,image,0.5,8,1,1,0,0,1.0,1.0,1.0,0.8587170767267039,-2.1463405774987265,2.1463405774987265,2.1489545644561456,0.6951578684869263,CAUTION,Motion blur or defocus,Motion blur or defocus | Distribution shift (input unlike calibration set) | Geometric inconsistency (calibration or depth scale error),42.76523799978804,5.992300000002615,1,0.8262141984174521,0.1387621127933586,0.9029279220725245,1.0,1.0,0.9459994587084652,0.46630826244338974,0.852719808527646,0.9615993162460618,0.8968253968253969,0.9862696767678089,0.5697907805665288,1.0,-0.006980481355085999,0
approach,motion_blur,image,0.5,9,1,1,0,0,1.0,1.0,1.0,0.8949531946494312,-2.143634671750277,2.143634671750277,2.1459558622832584,0.6991052571033798,CAUTION,Motion blur or defocus,Motion blur or defocus | Geometric inconsistency (calibration or depth scale error) | Distribution shift (input unlike calibration set),43.818604999955824,6.461256999955367,1,0.8479706336176149,0.1479924624575181,0.9036855778177356,1.0,1.0,0.952353691194904,0.4856025426983742,0.850283302099132,0.9613878167805042,0.8790697674418605,0.9855668643472072,0.5448200251295302,1.0,-0.004274575606636688,0
approach,motion_blur,image,0.5,10,1,1,0,0,1.0,1.0,1.0,0.9044194071877933,-2.1441979615584685,2.1441979615584685,2.1470927104619824,0.7231659155366716,CAUTION,Motion blur or defocus,Motion blur or defocus | Geometric inconsistency (calibration or depth scale error) | Distribution shift (input unlike calibration set),43.826422000051934,6.4193639999530205,1,0.8712998727660023,0.17830801735706384,0.9046101866496602,1.0,1.0,0.960561579552316,0.5369403869601439,0.8482956189989193,0.9623096941697514,0.9026455026455027,0.984862304051108,0.5602069653332998,1.0,-0.004837865414828002,0
approach,motion_blur,image,0.5,11,1,1,0,0,1.0,1.0,1.0,0.8972345799528587,-2.1460038890009336,2.1460038890009336,2.1498732501782793,0.7590914994078901,TRUSTED,Motion blur or defocus,Motion blur or defocus | Geometric inconsistency (calibration or depth scale error) | Distribution shift (input unlike calibration set),44.16458799994416,6.545336999920437,1,0.8732704140312096,0.2385993011941511,0.9054499040815608,1.0,1.0,0.9682239218263338,0.6137696472752716,0.8469375084260506,0.9621656432158171,0.9090909090909091,0.9835529266910403,0.6076797839515212,1.0,-0.006643792857293107,0
approach,motion_blur,image,0.5,12,1,1,0,0,1.0,1.0,1.0,0.8817110959748677,-2.1447370777959414,2.1447370777959414,2.1498261555924763,0.8087434010368373,TRUSTED,Motion blur or defocus,Motion blur or defocus | Geometric inconsistency (calibration or depth scale error) | Distribution shift (input unlike calibration set),43.15904900010992,6.060671000000184,1,0.8992465451504615,0.345021471508968,0.9065124614385237,1.0,1.0,0.9769049555186987,0.7063094115902502,0.8461816325621307,0.9626429188701854,0.9130434782608695,0.9834979775751266,0.6881678767760011,1.0,-0.005376981652300827,0
approach,motion_blur,image,0.5,13,1,1,0,0,1.0,1.0,1.0,0.8982979839155246,-2.148446539173957,2.148446539173957,2.1539269898631592,0.8362660625173471,TRUSTED,Motion blur or defocus,Motion blur or defocus | Geometric inconsistency (calibration or depth scale error) | Distribution shift (input unlike calibration set),42.552355999873726,6.186650000017835,1,0.8419207713709307,0.44153127446064483,0.9084568282132324,1.0,1.0,0.9936556095291802,0.7688556972365911,0.833697305049859,0.9594475686775621,0.9583333333333334,0.9822022358858099,0.7293616960601007,1.0,-0.00908644303031636,0
approach,motion_blur,image,0.5,14,1,1,0,0,1.0,1.0,1.0,0.8937511864520723,-2.1444979957912267,2.1444979957912267,2.1502315634594846,0.8041993926307675,TRUSTED,Motion blur or defocus,Motion blur or defocus | Distribution shift (input unlike calibration set) | Geometric inconsistency (calibration or depth scale error),43.27168400016035,6.693206000022656,1,0.8250523824684651,0.3048781311507507,0.9105681480746541,1.0,1.0,1.0,0.6911691965693707,0.8271267291446605,0.9556132582894726,0.9615384615384616,0.9808469148206236,0.7732194818998323,1.0,-0.005137899647586153,0
approach,motion_blur,image,0.5,15,1,1,0,0,1.0,1.0,1.0,0.9028838279949887,-2.1451347185217813,2.1451347185217813,2.150421383147618,0.8009180085837498,TRUSTED,Motion blur or defocus,Motion blur or defocus | Distribution shift (input unlike calibration set) | Unstable tracking / temporal disagreement,43.520932000092216,6.170630000042365,1,0.896868231965641,0.25696571659205986,0.9132270174662287,1.0,1.0,1.0,0.6530843107374786,0.8119589911904517,0.9525857476086609,0.9642857142857143,0.9794130341248547,0.851822185703204,1.0,-0.005774622378140748,0
approach,motion_blur,image,0.5,16,1,1,0,0,1.0,1.0,1.0,0.9263390177903261,-2.1472849223924726,2.1472849223924726,2.152241040028742,0.790750006810972,TRUSTED,Motion blur or defocus,Motion blur or defocus | Distribution shift (input unlike calibration set) | Unstable tracking / temporal disagreement,42.810797000015555,6.2727050000148665,1,0.8809528376839304,0.21828467848377564,0.9170998338781415,1.0,1.0,1.0,0.6136927197267974,0.8037140862833506,0.9515095523200932,1.0,0.9766997789070004,0.9130837370725332,1.0,-0.007924826248832062,0
approach,motion_blur,image,0.5,17,1,1,0,0,1.0,1.0,1.0,0.9400371030529657,-2.145240866619609,2.145240866619609,2.1502201748561527,0.7771602351696988,TRUSTED,Motion blur or defocus,Motion blur or defocus | Distribution shift (input unlike calibration set) | Unstable tracking / temporal disagreement,43.999746000054074,6.4942340000015975,1,0.8584599966299026,0.18535303777192266,0.9213748232976665,1.0,1.0,1.0,0.5695755039328583,0.7890184531876075,0.9550058903823923,1.0,0.974123856960859,0.9825281468354625,1.0,-0.0058807704759686885,0
approach,motion_blur,image,0.5,18,1,1,0,0,1.0,1.0,1.0,0.9136650186293063,-2.1447093383125626,2.1447093383125626,2.1495654208473676,0.7639523595060453,TRUSTED,Motion blur or defocus,Motion blur or defocus | Distribution shift (input unlike calibration set) | Unstable tracking / temporal disagreement,43.98625900000752,6.166614999983722,1,0.8039522017072672,0.18239443691459448,0.9280296016311882,1.0,1.0,1.0,0.5588294400016909,0.7710867749559407,0.9471440357867497,1.0,0.9714513352118259,0.9319457760315681,1.0,-0.005349242168922075,0
approach,motion_blur,image,0.5,19,1,1,0,0,1.0,1.0,1.0,0.8770809089657647,-2.1451066887896992,2.1451066887896992,2.150232497518576,0.7572367470964474,TRUSTED,Motion blur or defocus,Motion blur or defocus | Distribution shift (input unlike calibration set) | Geometric inconsistency (calibration or depth scale error),44.50607999990552,6.699680999986413,1,0.863471439574945,0.19463894967110737,0.9382176307765281,1.0,1.0,1.0,0.555070921537341,0.7552410013080846,0.9425842453648865,1.0,0.968593429061781,0.7826611544207533,1.0,-0.005746592646058701,0
approach,motion_blur,image,0.5,20,1,1,0,0,1.0,1.0,1.0,0.8263549434121248,-2.1452866015226952,2.1452866015226952,2.1500118272594277,0.7487352869879873,CAUTION,Motion blur or defocus,Motion blur or defocus | Distribution shift (input unlike calibration set) | Geometric inconsistency (calibration or depth scale error),45.19907200005946,6.6396130000612175,1,0.8561103886068446,0.2137174033023422,0.9539568500550821,1.0,1.0,1.0,0.5287455220346544,0.737110809087422,0.9257887837340298,1.0,0.9633667204075782,0.6997060192746266,1.0,-0.005926505379054703,0
approach,motion_blur,image,0.5,21,1,1,0,0,1.0,1.0,1.0,0.7955127936000436,-2.1449582058450467,2.1449582058450467,2.1499607335111515,0.737471161880175,CAUTION,Motion blur or defocus,Motion blur or defocus | Distribution shift (input unlike calibration set) | Geometric inconsistency (calibration or depth scale error),44.58626300004198,6.6953519999515265,1,0.8557830150069171,0.25294948802827977,0.9792484741212988,1.0,1.0,1.0,0.4665272359468212,0.7122408094395474,0.9115222660835095,1.0,0.9567484601207913,0.6014982382714977,1.0,-0.005598109701406173,0
approach,motion_blur,image,0.5,22,1,1,0,0,1.0,1.0,1.0,0.7295895082614717,-2.1449299791584835,2.1449299791584835,2.1499690426962244,0.7141891115797504,CAUTION,Distribution shift (input unlike calibration set),Distribution shift (input unlike calibration set) | Motion blur or defocus | Geometric inconsistency (calibration or depth scale error),43.43238100000235,6.57615500006159,1,0.9053348463331469,0.3420796661152664,0.9692210312076703,1.0,1.0,1.0,0.30422284781404085,0.6818372910258269,0.8781315389928243,1.0,0.9475750903168106,0.5085217904690527,1.0,-0.005569883014842958,0
approach,motion_blur,image,0.5,23,1,1,0,0,1.0,1.0,1.0,0.6639874329406423,-2.144843101501465,2.144843101501465,2.1499159108792054,0.22526248291672826,DEGRADED,Distribution shift (input unlike calibration set),Distribution shift (input unlike calibration set) | Geometric inconsistency (calibration or depth scale error) | Motion blur or defocus,44.522792999941885,6.87052799992216,1,0.9323452499977956,0.4885507833010208,0.8578604926566287,1.0,1.0,1.0,0.0,0.6441689901450668,0.8159929520852468,1.0,0.9325376208976155,0.4157613809042715,1.0,-0.005483005357824311,0
approach,motion_blur,image,0.75,0,1,1,0,0,1.0,1.0,1.0,0.7368421052631579,-2.1398468017578125,2.1398468017578125,2.1412138842079527,0.22869118317907755,DEGRADED,Unstable tracking / temporal disagreement,Unstable tracking / temporal disagreement | Motion blur or defocus | Distribution shift (input unlike calibration set),43.48002700010056,6.206213000041316,1,0.7537525264617926,0.3260414360203408,0.899715843724129,1.0,1.0,0.9194150048652239,0.6549178153742052,0.0,1.0,0.7371794871794872,0.9903422328699842,0.8462155020583905,1.0,-0.0004867056141719672,0
approach,motion_blur,image,0.75,1,1,1,0,0,1.0,1.0,1.0,0.7379664224368004,-2.144187595533289,2.144187595533289,2.1449114067931827,0.7484254753430148,CAUTION,Motion blur or defocus,Motion blur or defocus | Distribution shift (input unlike calibration set) | Missing depth returns,44.79744400009622,6.364211000004616,1,0.7833453340409544,0.2228703262651245,0.8997993202674857,1.0,1.0,0.9192822436943562,0.570355477587891,0.8964102564102564,0.9394130628134758,0.6730769230769231,0.9903441577618255,0.7955420263312406,1.0,-0.0048274993896484375,0
approach,motion_blur,image,0.75,2,1,1,0,0,1.0,1.0,1.0,0.7437449740339633,-2.1388733905294686,2.1388733905294686,2.1409689649329118,0.7068824156689798,CAUTION,Motion blur or defocus,Motion blur or defocus | Distribution shift (input unlike calibration set) | Geometric inconsistency (calibration or depth scale error),43.26608600001691,6.349283999952604,1,0.7630771359635962,0.15221517544044702,0.900259856112614,1.0,1.0,0.9233528189191408,0.4794656083222165,0.876680766347528,0.9158307255555842,0.7542213883677298,0.9889931043189677,0.7303481231910258,1.0,0.0004867056141719672,0
approach,motion_blur,image,0.75,3,1,1,0,0,1.0,1.0,1.0,0.7075475865253478,-2.1428250851838513,2.1428250851838513,2.1446287880716817,0.6675694259812769,CAUTION,Motion blur or defocus,Motion blur or defocus | Distribution shift (input unlike calibration set) | Geometric inconsistency (calibration or depth scale error),43.16666500005795,6.2595220000503105,1,0.7697601409353727,0.11246610639639285,0.9003932063534845,1.0,1.0,0.9243035971026253,0.4024442702605272,0.8671592481505379,0.9242887448430572,0.7229965156794426,0.9889947885049817,0.6598013176680602,1.0,-0.003464989040210753,0
approach,motion_blur,image,0.75,4,1,1,0,0,1.0,1.0,1.0,0.7554987996238348,-2.1421419226604996,2.1421419226604996,2.1443023900147535,0.6495450244470371,CAUTION,Motion blur or defocus,Motion blur or defocus | Distribution shift (input unlike calibration set) | Geometric inconsistency (calibration or depth scale error),42.99428599995281,6.194302999915635,1,0.7768936485429948,0.09774590521388618,0.9009329741719684,1.0,1.0,0.9284353140009544,0.36769935784883256,0.8658164636956663,0.9423710651736035,0.7507936507936508,0.9889699899639667,0.5954586195429281,1.0,-0.0027818265168590983,0
approach,motion_blur,image,0.75,5,1,1,0,0,1.0,1.0,1.0,0.7398045403767904,-2.1414587601371444,2.1414587601371444,2.143220681138417,0.6313112829817092,CAUTION,Motion blur or defocus,Motion blur or defocus | Distribution shift (input unlike calibration set) | Geometric inconsistency (calibration or depth scale error),43.02523100011513,6.142603000057534,1,0.7394822729299461,0.09146816838451154,0.9011225649653546,1.0,1.0,0.9298189327053948,0.350828533444432,0.8628340218532449,0.9440386181314494,0.7122093023255814,0.9876283854761909,0.5451698555973941,1.0,-0.002098663993503891,0
approach,motion_blur,image,0.75,6,1,1,0,0,1.0,1.0,1.0,0.7537787971389271,-2.140777504962422,2.140777504962422,2.1439201207682026,0.6313587932302527,CAUTION,Motion blur or defocus,Motion blur or defocus | Distribution shift (input unlike calibration set) | Geometric inconsistency (calibration or depth scale error),42.39537600028598,5.967214000065724,1,0.7644498196546348,0.09110367931409859,0.9017366127588592,1.0,1.0,0.9351031416725976,0.35179764645320677,0.8604862057194719,0.9411751718732573,0.7551299589603283,0.9876288752063834,0.5111349498169676,1.0,-0.001417408818781496,0
approach,motion_blur,image,0.75,7,1,1,0,0,1.0,1.0,1.0,0.7643541181225838,-2.1400943424390704,2.1400943424390704,2.1432335571524312,0.6122458624757189,CAUTION,Motion blur or defocus,Motion blur or defocus | Geometric inconsistency (calibration or depth scale error) | Distribution shift (input unlike calibration set),44.59147300008226,6.4854620000005525,1,0.7501062222845442,0.08515744040604473,0.9023690536890353,1.0,1.0,0.9403237174614751,0.335823139611403,0.8528627777204483,0.9442123252419072,0.7840909090909091,0.9862653391640583,0.4215715577212947,1.0,-0.0007342462954298412,0
approach,motion_blur,image,0.75,8,1,1,0,0,1.0,1.0,1.0,0.7639803433692502,-2.1463405774987265,2.1463405774987265,2.149066841080846,0.6192888672295419,CAUTION,Motion blur or defocus,Motion blur or defocus | Geometric inconsistency (calibration or depth scale error) | Distribution shift (input unlike calibration set),43.70739900002718,6.140743999935694,1,0.7656563753412856,0.09634015605951617,0.9029052843658515,1.0,1.0,0.9452145896926161,0.3703066314880574,0.8506702744025535,0.9443176829916206,0.7533333333333333,0.9862696767678089,0.392775173812361,1.0,-0.006980481355085999,0
approach,motion_blur,image,0.75,9,1,1,0,0,1.0,1.0,1.0,0.7968353471460393,-2.143634671750277,2.143634671750277,2.1460530803887403,0.6245117886244403,CAUTION,Motion blur or defocus,Motion blur or defocus | Geometric inconsistency (calibration or depth scale error) | Distribution shift (input unlike calibration set),43.56116699989343,6.244146999961231,1,0.7426298387905954,0.10628306054093602,0.9036615252543957,1.0,1.0,0.9510597333103817,0.39846899964186366,0.848630401803966,0.9421275356365091,0.782608695652174,0.9855668643472072,0.3677179080803822,1.0,-0.004274575606636688,0
approach,motion_blur,image,0.75,10,1,1,0,0,1.0,1.0,1.0,0.7988846557468169,-2.1441979615584685,2.1441979615584685,2.1471004930530695,0.6479934602595002,CAUTION,Motion blur or defocus,Motion blur or defocus | Geometric inconsistency (calibration or depth scale error) | Distribution shift (input unlike calibration set),43.228516999874955,6.211626999970576,1,0.7964334263108169,0.13167541603124333,0.9045970992254897,1.0,1.0,0.9591062212807784,0.4578423082624544,0.8455403084455971,0.9412256652402256,0.8066193853427897,0.984862304051108,0.3549745526399625,1.0,-0.004837865414828002,0
approach,motion_blur,image,0.75,11,1,1,0,0,1.0,1.0,1.0,0.8297678822551222,-2.1460038890009336,2.1460038890009336,2.148996860590697,0.6855019120033884,CAUTION,Motion blur or defocus,Motion blur or defocus | Geometric inconsistency (calibration or depth scale error) | Distribution shift (input unlike calibration set),44.907569999963926,6.720964999999524,1,0.8520254186194688,0.17644626811446992,0.9054817383565698,1.0,1.0,0.9667210030543588,0.5369597179165198,0.8458318096154472,0.9441638283275946,0.8177083333333334,0.9835529266910403,0.3800251702374568,1.0,-0.006643792857293107,0
approach,motion_blur,image,0.75,12,1,1,0,0,1.0,1.0,1.0,0.8271684396918889,-2.146078897559125,2.146078897559125,2.1499253415127835,0.7449824927462979,CAUTION,Motion blur or defocus,Motion blur or defocus | Geometric inconsistency (calibration or depth scale error) | Distribution shift (input unlike calibration set),44.04621499998029,6.1148690000436545,1,0.8675600426110165,0.2887296378663662,0.9065138762951906,1.0,1.0,0.975384740867173,0.6642014641573992,0.8461215373269312,0.9460143369861785,0.84,0.9828462103255109,0.43545137231963643,1.0,-0.006718801415484421,0
approach,motion_blur,image,0.75,13,1,1,0,0,1.0,1.0,1.0,0.8430197942637603,-2.148446539173957,2.148446539173957,2.1535324998016603,0.7844471360745655,TRUSTED,Geometric inconsistency (calibration or depth scale error),Geometric inconsistency (calibration or depth scale error) | Motion blur or defocus | Distribution shift (input unlike calibration set),43.709807999903205,6.208119000007173,1,0.7882686763700575,0.42412927469831224,0.9084472779307298,1.0,1.0,0.9922719017996511,0.7602093252770383,0.8398456963492401,0.947834313094955,0.8846153846153846,0.9822022358858099,0.4723106689395824,1.0,-0.00908644303031636,0
approach,motion_blur,image,0.75,14,1,1,0,0,1.0,1.0,1.0,0.8516899455134758,-2.1444979957912267,2.1444979957912267,2.1501537104464665,0.7547925415817646,TRUSTED,Motion blur or defocus,Motion blur or defocus | Geometric inconsistency (calibration or depth scale error) | Distribution shift (input unlike calibration set),42.87881000004745,6.006618000014896,1,0.8804340560385961,0.25985635397305795,0.9105692092171545,1.0,1.0,1.0,0.6507897748680704,0.8305353595780361,0.9542825238083438,0.8928571428571429,0.9807712696231009,0.5155631660509045,1.0,-0.005137899647586153,0
approach,motion_blur,image,0.75,15,1,1,0,0,1.0,1.0,1.0,0.8543235398053024,-2.1451347185217813,2.1451347185217813,2.1504360522641086,0.7304206649244498,CAUTION,Motion blur or defocus,Motion blur or defocus | Geometric inconsistency (calibration or depth scale error) | Distribution shift (input unlike calibration set),43.5335170000144,6.384006000075715,1,0.8343783248179787,0.18787593414393142,0.9132691094520736,1.0,1.0,1.0,0.5704232615804723,0.8210884972937836,0.950809363380528,0.9,0.9794130341248547,0.5865661663496597,1.0,-0.005774622378140748,0
approach,motion_blur,image,0.75,16,1,1,0,0,1.0,1.0,1.0,0.8879665824791194,-2.1472849223924726,2.1472849223924726,2.1522690105304547,0.7143414671254831,CAUTION,Motion blur or defocus,Motion blur or defocus | Distribution shift (input unlike calibration set) | Geometric inconsistency (calibration or depth scale error),43.79640699983156,6.257102999938979,1,0.8165880050675528,0.14746881293733183,0.9170411173264585,1.0,1.0,1.0,0.5079142213349026,0.8074446456618749,0.9433190343672118,0.9375,0.9754650669267145,0.6502613870975494,1.0,-0.007924826248832062,0
approach,motion_blur,image,0.75,17,1,1,0,0,1.0,1.0,1.0,0.9085365006211773,-2.145240866619609,2.145240866619609,2.1502424497811266,0.7240190420967874,CAUTION,Motion blur or defocus,Motion blur or defocus | Distribution shift (input unlike calibration set) | Geometric inconsistency (calibration or depth scale error),43.82601300005717,6.534979999969437,1,0.809931397819851,0.1386901593984281,0.9213776530110006,1.0,1.0,1.0,0.49100540601682374,0.7959959968540935,0.9417794713179498,0.9428571428571428,0.974123856960859,0.8072212483876637,1.0,-0.0058807704759686885,0
approach,motion_blur,image,0.75,18,1,1,0,0,1.0,1.0,1.0,0.9528267481308467,-2.146221865778383,2.146221865778383,2.1510909064739105,0.722675663855106,CAUTION,Motion blur or defocus,Motion blur or defocus | Distribution shift (input unlike calibration set) | Low detector confidence,43.90899300017281,6.303858000023865,1,0.7586651737264613,0.13025906625640435,0.9280161604928511,1.0,1.0,1.0,0.46866396531854626,0.7798999284580465,0.9392116230127904,0.9868421052631579,0.9714550219630774,0.9043092661297635,1.0,-0.006861769634742387,0
approach,motion_blur,image,0.75,19,1,1,0,0,1.0,1.0,1.0,0.9285599527365215,-2.1451066887896992,2.1451066887896992,2.150240647168844,0.7235560537197346,CAUTION,Motion blur or defocus,Motion blur or defocus | Distribution shift (input unlike calibration set) | Unstable tracking / temporal disagreement,43.851913000139575,6.307768000056058,1,0.7810259279278486,0.12780939962695836,0.9381720016490154,1.0,1.0,1.0,0.4468741228027894,0.7656296898354052,0.9350743653668319,1.0,0.9674620518857808,0.9475470859263825,1.0,-0.005746592646058701,0
approach,motion_blur,image,0.75,20,1,1,0,0,1.0,1.0,1.0,0.8721429922079731,-2.1452866015226952,2.1452866015226952,2.1500159369657514,0.7147161537035962,CAUTION,Motion blur or defocus,Motion blur or defocus | Distribution shift (input unlike calibration set) | Unstable tracking / temporal disagreement,43.685241999924074,6.283522999979141,1,0.7866942073029739,0.14332682327435536,0.9540063700384294,1.0,1.0,1.0,0.4358967179311287,0.7448052465461319,0.9200103187683074,1.0,0.9626956738791169,0.7992236143490461,1.0,-0.005926505379054703,0
approach,motion_blur,image,0.75,21,1,1,0,0,1.0,1.0,1.0,0.8281409767993192,-2.1449582058450467,2.1449582058450467,2.1499628110739164,0.704355832182321,CAUTION,Motion blur or defocus,Motion blur or defocus | Distribution shift (input unlike calibration set) | Geometric inconsistency (calibration or depth scale error),45.11344899992764,6.78499900004681,1,0.8066910473826081,0.16982088028959175,0.9792629764021362,1.0,1.0,1.0,0.3920438250198671,0.7209149036362185,0.9085474904859282,1.0,0.9560815822508322,0.6628169262115378,1.0,-0.005598109701406173,0
approach,motion_blur,image,0.75,22,1,1,0,0,1.0,1.0,1.0,0.7521770528436142,-2.1449299791584835,2.1449299791584835,2.149969997495348,0.6821659157755964,CAUTION,Motion blur or defocus,Motion blur or defocus | Distribution shift (input unlike calibration set) | Geometric inconsistency (calibration or depth scale error),44.45879600007174,6.6610410000294,1,0.854275191949801,0.23209596323499493,0.9691888432184947,1.0,1.0,1.0,0.25951920891968205,0.6922290307697535,0.8780956284887448,1.0,0.9469138997613611,0.5461824316167748,1.0,-0.005569883014842958,0
approach,motion_blur,image,0.75,23,1,1,0,0,1.0,1.0,1.0,0.6823373060649238,-2.1451120376586914,2.1451120376586914,2.150185821459434,0.2175563818617962,DEGRADED,Distribution shift (input unlike calibration set),Distribution shift (input unlike calibration set) | Geometric inconsistency (calibration or depth scale error) | Motion blur or defocus,45.38118499988286,6.9571419999192585,1,0.86986146461447,0.3319677408499337,0.8578919732174708,1.0,1.0,1.0,0.0,0.6534501156964854,0.8149976607536372,1.0,0.931432928410108,0.4371616924317485,1.0,-0.0057519415150508735,0
approach,motion_blur,image,1.0,0,1,1,0,0,1.0,1.0,1.0,0.7,-2.1398468017578125,2.1398468017578125,2.1412138842079527,0.22654703269706405,DEGRADED,Unstable tracking / temporal disagreement,Unstable tracking / temporal disagreement | Motion blur or defocus | Distribution shift (input unlike calibration set),45.04319399995893,6.282692000013412,1,0.7416393680190826,0.3146844034974608,0.8997193808657968,1.0,1.0,0.918926403340218,0.6473385359105581,0.0,1.0,0.7012195121951219,0.9903422328699842,0.8462155020583905,1.0,-0.0004867056141719672,0
approach,motion_blur,image,1.0,1,1,1,0,0,1.0,1.0,1.0,0.7016211810748166,-2.144187595533289,2.144187595533289,2.1449114067931827,0.7318432641825688,CAUTION,Motion blur or defocus,Motion blur or defocus | Distribution shift (input unlike calibration set) | Missing depth returns,44.58890799992332,6.473511999956827,1,0.7705203355445457,0.19495067623027212,0.8997940145549842,1.0,1.0,0.9187674554521262,0.5382069218247449,0.8975609756097561,0.9394130628134758,0.6410256410256411,0.9903441577618255,0.7955420263312406,1.0,-0.0048274993896484375,0
approach,motion_blur,image,1.0,2,1,1,0,0,1.0,1.0,1.0,0.6938690959797441,-2.1388733905294686,2.1388733905294686,2.14117021022513,0.6772115797989261,CAUTION,Motion blur or defocus,Motion blur or defocus | Distribution shift (input unlike calibration set) | Geometric inconsistency (calibration or depth scale error),43.357113999945796,6.0363649999999325,1,0.794261750243559,0.12603991785306615,0.9002648081109488,1.0,1.0,0.9225844819030833,0.4312133914303192,0.862933812524593,0.908492704760161,0.6925064599483204,0.9889931043189677,0.6566997222331732,1.0,0.0004867056141719672,0
approach,motion_blur,image,1.0,3,1,1,0,0,1.0,1.0,1.0,0.6675578494260767,-2.1428250851838513,2.1428250851838513,2.144644739844074,0.6437007158521431,CAUTION,Motion blur or defocus,Motion blur or defocus | Distribution shift (input unlike calibration set) | Geometric inconsistency (calibration or depth scale error),43.737453000176174,6.271731000083491,1,0.7369096226982433,0.09754145129252115,0.9004027566359871,1.0,1.0,0.9234928774991328,0.3651752362907168,0.8642214521015156,0.9046187671639854,0.6893687707641196,0.9889947885049817,0.6263598399299357,1.0,-0.003464989040210753,0
approach,motion_blur,image,1.0,4,1,1,0,0,1.0,1.0,1.0,0.6937233922698278,-2.1421419226604996,2.1421419226604996,2.144303156250343,0.6113155046462615,CAUTION,Motion blur or defocus,Motion blur or defocus | Distribution shift (input unlike calibration set) | Geometric inconsistency (calibration or depth scale error),43.812559999764744,6.242289000056189,1,0.7360610653735329,0.08498143448504503,0.9009619787336431,1.0,1.0,0.9277893881217716,0.3307214019595722,0.8527023953899087,0.9236133700764424,0.671875,0.9889699899639667,0.4831659808116201,1.0,-0.0027818265168590983,0
approach,motion_blur,image,1.0,5,1,1,0,0,1.0,1.0,1.0,0.6649016800186993,-2.1414587601371444,2.1414587601371444,2.144230234598507,0.5875453248784552,CAUTION,Motion blur or defocus,Motion blur or defocus | Geometric inconsistency (calibration or depth scale error) | Distribution shift (input unlike calibration set),44.71356100009416,6.535043999974732,1,0.6818464791240597,0.07820183000677866,0.9011321152478573,1.0,1.0,0.9290531914542017,0.30921647646324,0.8452569746645932,0.93615970815793,0.6550802139037433,0.9876283854761909,0.41298781826378206,1.0,-0.002098663993503891,0
approach,motion_blur,image,1.0,6,1,1,0,0,1.0,1.0,1.0,0.6792467573794346,-2.140777504962422,2.140777504962422,2.1443090300402994,0.5846268403229304,CAUTION,Motion blur or defocus,Motion blur or defocus | Geometric inconsistency (calibration or depth scale error) | Distribution shift (input unlike calibration set),43.736254000123154,5.968856000095002,1,0.7051801225900163,0.07771099637052777,0.9017143287663528,1.0,1.0,0.9342705802739817,0.3094102019263909,0.8466493572359531,0.9445978796690124,0.6666666666666666,0.9876288752063834,0.37754069285383773,1.0,-0.001417408818781496,0
approach,motion_blur,image,1.0,7,1,1,0,0,1.0,1.0,1.0,0.6920914130015773,-2.1400943424390704,2.1400943424390704,2.1433246548351885,0.5765723719102319,CAUTION,Motion blur or defocus,Motion blur or defocus | Geometric inconsistency (calibration or depth scale error) | Distribution shift (input unlike calibration set),43.807963000062955,6.3437410000233285,1,0.7147464571985541,0.07835060383607163,0.9023616256915333,1.0,1.0,0.9392734843532807,0.3134161726866188,0.8421209506361163,0.9449624271094201,0.7105263157894737,0.9862653391640583,0.31022625972163204,1.0,-0.0007342462954298412,0
approach,motion_blur,image,1.0,8,1,1,0,0,1.0,1.0,1.0,0.7019245173679294,-2.1463405774987265,2.1463405774987265,2.1482113776544574,0.5768717050243682,CAUTION,Motion blur or defocus,Motion blur or defocus | Geometric inconsistency (calibration or depth scale error) | Distribution shift (input unlike calibration set),43.302983999979006,6.291723999993337,1,0.7172466178546086,0.0828301586294691,0.9028982100825161,1.0,1.0,0.944117715591278,0.3298855180941538,0.8421240600861687,0.9375932313412005,0.6869300911854104,0.9862696767678089,0.2910791456221333,1.0,-0.006980481355085999,0
approach,motion_blur,image,1.0,9,1,1,0,0,1.0,1.0,1.0,0.7389586359368971,-2.143634671750277,2.143634671750277,2.146611629159759,0.5819172929914346,CAUTION,Motion blur or defocus,Motion blur or defocus | Geometric inconsistency (calibration or depth scale error) | Distribution shift (input unlike calibration set),44.113450000168086,6.357467000043471,1,0.7128439943327,0.08802018636222494,0.9037025560977405,1.0,1.0,0.9498597291544091,0.34811451266218585,0.8427848816509069,0.9334540629383402,0.7311411992263056,0.9855668643472072,0.27586530963079564,1.0,-0.004274575606636688,0
approach,motion_blur,image,1.0,10,1,1,0,0,1.0,1.0,1.0,0.753370791632085,-2.1441979615584685,2.1441979615584685,2.1473000637887445,0.6060820923157105,CAUTION,Motion blur or defocus,Motion blur or defocus | Geometric inconsistency (calibration or depth scale error) | Distribution shift (input unlike calibration set),43.21052000011605,6.095827999956782,1,0.7693817015479418,0.10950565664765335,0.9046016975096578,1.0,1.0,0.9577725466956217,0.4088722178573456,0.8430848759075807,0.9340281234100173,0.7407729049066435,0.984862304051108,0.27030290882814256,1.0,-0.004837865414828002,0
approach,motion_blur,image,1.0,11,1,1,0,0,1.0,1.0,1.0,0.7897624587368589,-2.1460038890009336,2.1460038890009336,2.1490523980748613,0.6469331552184985,CAUTION,Motion blur or defocus,Motion blur or defocus | Geometric inconsistency (calibration or depth scale error) | Distribution shift (input unlike calibration set),44.46215199982362,6.230485999935809,1,0.8211462569955201,0.15078212963894863,0.9054831532132367,1.0,1.0,0.9653579399642288,0.4958482699225696,0.8450524044460166,0.9366863900215732,0.7689795918367347,0.9835529266910403,0.2941071945610243,1.0,-0.006643792857293107,0
approach,motion_blur,image,1.0,12,1,1,0,0,1.0,1.0,1.0,0.794903326793578,-2.146078897559125,2.146078897559125,2.1499343966047157,0.7103968502407494,CAUTION,Geometric inconsistency (calibration or depth scale error),Geometric inconsistency (calibration or depth scale error) | Motion blur or defocus | Distribution shift (input unlike calibration set),43.24988600001234,5.964630999983456,1,0.8689694868275725,0.24962269375420656,0.9065326231460292,1.0,1.0,0.9742805690633083,0.6284120156646409,0.8461861567840132,0.9392983012675234,0.8076923076923077,0.9828462103255109,0.3427203045038794,1.0,-0.006718801415484421,0
approach,motion_blur,image,1.0,13,1,1,0,0,1.0,1.0,1.0,0.8138863853729961,-2.148446539173957,2.148446539173957,2.1535265780548145,0.75796391325414,TRUSTED,Geometric inconsistency (calibration or depth scale error),Geometric inconsistency (calibration or depth scale error) | Motion blur or defocus | Distribution shift (input unlike calibration set),43.5105859999112,6.313019000003806,1,0.7791906522265049,0.4033261697123514,0.9084776973490716,1.0,1.0,0.9910738701224937,0.7492301085233315,0.8403801192356556,0.9410088643950025,0.8518518518518519,0.9822022358858099,0.3781663387372859,1.0,-0.00908644303031636,0
approach,motion_blur,image,1.0,14,1,1,0,0,1.0,1.0,1.0,0.8237282354179799,-2.1444979957912267,2.1444979957912267,2.1501456048924252,0.7263013333649604,CAUTION,Motion blur or defocus,Motion blur or defocus | Geometric inconsistency (calibration or depth scale error) | Distribution shift (input unlike calibration set),43.67848599997615,6.171289000008073,1,0.8701527222108204,0.23555379516391853,0.9106038732054974,1.0,1.0,1.0,0.6254294820658031,0.8338590115791339,0.9488139488287198,0.8620689655172413,0.9807712696231009,0.4199754322691492,1.0,-0.005137899647586153,0
approach,motion_blur,image,1.0,15,1,1,0,0,1.0,1.0,1.0,0.8394556346071497,-2.1451347185217813,2.1451347185217813,2.1504301471310585,0.6938134721123729,CAUTION,Motion blur or defocus,Motion blur or defocus | Geometric inconsistency (calibration or depth scale error) | Distribution shift (input unlike calibration set),44.13489900002787,6.2449249999190215,1,0.8109652177391627,0.15535240120001065,0.9132556683137367,1.0,1.0,1.0,0.5192893297398351,0.8213651819402884,0.9492953813980052,0.8709677419354839,0.9781490494230567,0.4861867285160606,1.0,-0.005774622378140748,0
approach,motion_blur,image,1.0,16,1,1,0,0,1.0,1.0,1.0,0.8679635846133252,-2.1472849223924726,2.1472849223924726,2.1522653971051215,0.6832494979326654,CAUTION,Motion blur or defocus,Motion blur or defocus | Geometric inconsistency (calibration or depth scale error) | Distribution shift (input unlike calibration set),44.407926999952,6.437479999931384,1,0.7867222122256454,0.12728113807954727,0.9170577418922966,1.0,1.0,1.0,0.4677631734849249,0.8125908879695084,0.9431414357830356,0.9090909090909091,0.9754650669267145,0.5484562910425718,1.0,-0.007924826248832062,0
approach,motion_blur,image,1.0,17,1,1,0,0,1.0,1.0,1.0,0.8974002884549229,-2.145240866619609,2.145240866619609,2.1502403661951,0.6836697833978452,CAUTION,Motion blur or defocus,Motion blur or defocus | Distribution shift (input unlike calibration set) | Geometric inconsistency (calibration or depth scale error),43.75474399989798,6.307420999974056,1,0.7756072625704065,0.1087586893188687,0.9213925090060048,1.0,1.0,1.0,0.42453765985178094,0.8033484602582792,0.9386335091792429,0.9166666666666666,0.9739869151667118,0.6927863647796517,1.0,-0.0058807704759686885,0
approach,motion_blur,image,1.0,18,1,1,0,0,1.0,1.0,1.0,0.9465434032699709,-2.146221865778383,2.146221865778383,2.1510897959272626,0.6880546834164575,CAUTION,Motion blur or defocus,Motion blur or defocus | Distribution shift (input unlike calibration set) | Low detector confidence,44.29568300008668,6.460940000010851,1,0.7362795008011622,0.10616559902719927,0.9280136844936838,1.0,1.0,1.0,0.41326268785781484,0.7868588673423297,0.9311491237722689,0.9615384615384616,0.9712890110108977,0.7897624681407883,1.0,-0.006861769634742387,0
approach,motion_blur,image,1.0,19,1,1,0,0,1.0,1.0,1.0,0.9508960264909456,-2.1464246666949727,2.1464246666949727,2.1515573229279616,0.7061199161135422,CAUTION,Motion blur or defocus,Motion blur or defocus | Distribution shift (input unlike calibration set) | Low detector confidence,44.76987199996074,6.393258999992213,1,0.7583431657360831,0.11073690224251152,0.9381872113581863,1.0,1.0,1.0,0.4091365143762046,0.7722158609181955,0.9283187934841094,1.0,0.9674662876580181,0.9385328960621019,1.0,-0.007064570551332139,0
approach,motion_blur,image,1.0,20,1,1,0,0,1.0,1.0,1.0,0.9059014199587068,-2.1452866015226952,2.1452866015226952,2.1500156604507255,0.7100747338499404,CAUTION,Motion blur or defocus,Motion blur or defocus | Distribution shift (input unlike calibration set) | Unstable tracking / temporal disagreement,43.47466599995187,6.07801199998903,1,0.7612234283703682,0.1289046047660635,0.9539706449075859,1.0,1.0,1.0,0.41042863055380485,0.7512225112265328,0.9181606220204502,1.0,0.9620355425104424,0.8838015933318489,1.0,-0.005926505379054703,0
approach,motion_blur,image,1.0,21,1,1,0,0,1.0,1.0,1.0,0.8558598156885422,-2.1449582058450467,2.1449582058450467,2.1499626779207985,0.687853822729311,CAUTION,Motion blur or defocus,Motion blur or defocus | Distribution shift (input unlike calibration set) | Geometric inconsistency (calibration or depth scale error),44.12459300010596,6.686427000090589,1,0.7831991512201646,0.13678784649936146,0.9792750026838062,1.0,1.0,1.0,0.347051425784063,0.7264347887396472,0.9086982825513032,1.0,0.9554273803417577,0.7202968433969201,1.0,-0.005598109701406173,0
approach,motion_blur,image,1.0,22,1,1,0,0,1.0,1.0,1.0,0.7729607807150066,-2.1449299791584835,2.1449299791584835,2.149969938512446,0.6666669001171063,CAUTION,Motion blur or defocus,Motion blur or defocus | Distribution shift (input unlike calibration set) | Geometric inconsistency (calibration or depth scale error),44.41099200005283,6.5401060001022415,1,0.8202265207324799,0.19184530464821253,0.969090510680134,1.0,1.0,1.0,0.23368608365395904,0.695803411504337,0.8777705087490946,1.0,0.9462671967020945,0.5832910164852573,1.0,-0.005569883014842958,0
approach,motion_blur,image,1.0,23,1,1,0,0,1.0,1.0,1.0,0.6930870167270818,-2.1451120376586914,2.1451120376586914,2.150185797442438,0.21426435799999244,DEGRADED,Distribution shift (input unlike calibration set),Distribution shift (input unlike calibration set) | Motion blur or defocus | Geometric inconsistency (calibration or depth scale error),45.6501069999149,6.977753999990455,1,0.8584899574555619,0.2748346207656308,0.8579368949166499,1.0,1.0,1.0,0.0,0.6563210633102211,0.8154241398296863,1.0,0.930799977770388,0.4482692743205818,1.0,-0.0057519415150508735,0
approach,low_light,image,0.25,0,1,1,0,0,1.0,1.0,1.0,1.0,-2.1398468017578125,2.1398468017578125,2.1412138842079527,0.21637593291853374,DEGRADED,Unstable tracking / temporal disagreement,Unstable tracking / temporal disagreement | Distribution shift (input unlike calibration set) | Motion blur or defocus,43.429165000020475,5.991377999976066,1,0.8985009514570925,0.35587351677663587,0.6816050770716641,1.0,1.0,0.8696447996836623,0.27890454181202984,0.0,1.0,0.9913793103448276,0.9903422328699842,0.8462155020583905,1.0,-0.0004867056141719672,0
approach,low_light,image,0.25,1,1,1,0,0,1.0,1.0,1.0,0.9536231884057961,-2.144187595533289,2.144187595533289,2.1449114067931827,0.769019282347855,TRUSTED,Distribution shift (input unlike calibration set),Distribution shift (input unlike calibration set) | Motion blur or defocus | Poor illumination (under-exposed),43.30062900021403,6.312503000003744,1,0.8950245173867211,0.37471884408216305,0.6816630861950135,1.0,1.0,0.8700676507526527,0.28355566015866973,0.9655172413793104,0.9394130628134758,0.9694444444444444,0.9903441577618255,0.9664622166220115,1.0,-0.0048274993896484375,0
approach,low_light,image,0.25,2,1,1,0,0,1.0,1.0,1.0,0.9393272027681666,-2.1388733905294686,2.1388733905294686,2.1409689649329118,0.7233543188553953,CAUTION,Distribution shift (input unlike calibration set),Distribution shift (input unlike calibration set) | Motion blur or defocus | Poor illumination (under-exposed),43.1745560000536,6.049521000022651,1,0.8996801285933577,0.23568088873489806,0.6820189226467794,1.0,1.0,0.8730712854144652,0.23542895268876463,0.9153869143364404,0.9158307255555842,0.9975186104218362,0.9889931043189677,0.9789963672422494,1.0,0.0004867056141719672,0
approach,low_light,image,0.25,3,1,1,0,0,1.0,1.0,1.0,0.952995945833292,-2.1428250851838513,2.1428250851838513,2.1446287880716817,0.7050610810361584,CAUTION,Motion blur or defocus,Motion blur or defocus | Distribution shift (input unlike calibration set) | Poor illumination (under-exposed),43.37323499999002,6.375509000008606,1,0.8997802562995478,0.21413345729814867,0.6821222071834748,1.0,1.0,0.87386038711493,0.2232047707677275,0.9132667179774656,0.9242887448430572,1.0,0.9889947885049817,0.8722635871733965,1.0,-0.003464989040210753,0
approach,low_light,image,0.25,4,1,1,0,0,1.0,1.0,1.0,0.9095231796911493,-2.1442638480145035,2.1442638480145035,2.146423133649435,0.7657493466778745,TRUSTED,Distribution shift (input unlike calibration set),Distribution shift (input unlike calibration set) | Motion blur or defocus | Poor illumination (under-exposed),44.1251029999421,6.071634000022641,1,0.899049962204326,0.402246090729222,0.6825219041919196,1.0,1.0,0.8781587846271632,0.29206630362633346,0.8921811995439302,0.9423710651736035,1.0,0.9889846095653251,0.8854908716265137,1.0,-0.004903751870863005,0
approach,low_light,image,0.25,5,1,1,0,0,1.0,1.0,1.0,0.9114950915286646,-2.1455080612846054,2.1455080612846054,2.1472684352056604,0.7532301413273282,TRUSTED,Distribution shift (input unlike calibration set),Distribution shift (input unlike calibration set) | Motion blur or defocus | Poor illumination (under-exposed),43.22810700011814,6.180281000069954,1,0.8998970886508637,0.3869546503268811,0.682658437860291,1.0,1.0,0.8791807299135128,0.2893936327807496,0.8902994592222496,0.9440386181314494,1.0,0.9889715878760486,0.7918568631101317,1.0,-0.006147965140964828,0
approach,low_light,image,0.25,6,1,1,0,0,1.0,1.0,1.0,0.9070515352074006,-2.144632256549336,2.144632256549336,2.1467471706729206,0.7139393422300089,CAUTION,Distribution shift (input unlike calibration set),Distribution shift (input unlike calibration set) | Motion blur or defocus | Geometric inconsistency (calibration or depth scale error),42.75285400012763,6.064318000085223,1,0.8998834621308808,0.2543268972126363,0.6831338297004236,1.0,1.0,0.8831115405796628,0.2480668169647271,0.8794262513784692,0.9510303196960103,1.0,0.9876312135732933,0.7854185212228489,1.0,-0.0052721604056955584,0
approach,low_light,image,0.25,7,1,1,0,0,1.0,1.0,1.0,0.895462028304939,-2.1437545444654376,2.1437545444654376,2.146545362615997,0.7600429009512956,TRUSTED,Distribution shift (input unlike calibration set),Distribution shift (input unlike calibration set) | Motion blur or defocus | Poor illumination (under-exposed),43.1238480000502,5.995460999997704,1,0.8994537629773085,0.41250054288694565,0.6835993175438866,1.0,1.0,0.8878507247932029,0.29721836942098256,0.868632858052334,0.9544417849303355,1.0,0.9875998922109123,0.8059104515069078,1.0,-0.004394448321797029,0
approach,low_light,image,0.25,8,1,1,0,0,1.0,1.0,1.0,0.9041644063674215,-2.1480724500573203,2.1480724500573203,2.150719524830739,0.7433839909277126,CAUTION,Distribution shift (input unlike calibration set),Distribution shift (input unlike calibration set) | Motion blur or defocus | Poor illumination (under-exposed),42.43197300013435,6.087390000061532,1,0.8996109797289186,0.3342600767112859,0.684037215682342,1.0,1.0,0.8915168110218376,0.2803652431204101,0.8625065741585757,0.9551470004924516,1.0,0.9869345666330657,0.8255706253647928,1.0,-0.008712353913679749,0
approach,low_light,image,0.25,9,1,1,0,0,1.0,1.0,1.0,0.8887071526171582,-2.145268315854281,2.145268315854281,2.147613863467598,0.7573117856208537,TRUSTED,Distribution shift (input unlike calibration set),Distribution shift (input unlike calibration set) | Motion blur or defocus | Poor illumination (under-exposed),43.583807999880264,6.469509999988077,1,0.8964670918840699,0.3891240176586319,0.6846010360641659,1.0,1.0,0.8966968916767865,0.2954170344411281,0.8546286396900773,0.9550387818811434,1.0,0.9862317948410332,0.8318487802768822,1.0,-0.005908219710640594,0
approach,low_light,image,0.25,10,1,1,0,0,1.0,1.0,1.0,0.8946753685767916,-2.1472707002059295,2.1472707002059295,2.15018179832865,0.7396232839507636,CAUTION,Distribution shift (input unlike calibration set),Distribution shift (input unlike calibration set) | Motion blur or defocus | Poor illumination (under-exposed),43.1094990000247,5.785291000051984,1,0.8998473943335863,0.3229757100076937,0.685310586682697,1.0,1.0,0.9028765040545651,0.2802971344254481,0.8494114461355181,0.956973441346246,1.0,0.9849109773699238,0.8154805872994672,1.0,-0.00791060406228894,0
approach,low_light,image,0.25,11,1,1,0,0,1.0,1.0,1.0,0.8903641576332073,-2.1474429835443907,2.1474429835443907,2.1504515144189877,0.7688373306956109,TRUSTED,Distribution shift (input unlike calibration set),Distribution shift (input unlike calibration set) | Motion blur or defocus | Geometric inconsistency (calibration or depth scale error),42.32507900007931,6.041589999995267,1,0.897146160974309,0.47229967145030616,0.6859706173178809,1.0,1.0,0.9093179362306477,0.3128078481969937,0.844430060393149,0.958624460852685,1.0,0.9842075768288774,0.7755393104837309,1.0,-0.008082887400750138,0
approach,low_light,image,0.25,12,1,1,0,0,1.0,1.0,1.0,0.8820920326765909,-2.146078897559125,2.146078897559125,2.149938748004341,0.748441746495173,CAUTION,Distribution shift (input unlike calibration set),Distribution shift (input unlike calibration set) | Motion blur or defocus | Geometric inconsistency (calibration or depth scale error),42.019928999934564,5.894792999924903,1,0.9003083132982734,0.3986316479335434,0.6867636444797687,1.0,1.0,0.9162328025898412,0.30271726423969714,0.8417578150642885,0.9595206504016546,1.0,0.9835292527643485,0.714001428341753,1.0,-0.006718801415484421,0
approach,low_light,image,0.25,13,1,1,0,0,1.0,1.0,1.0,0.870227452265836,-2.1447148115738592,2.1447148115738592,2.1498154792408286,0.7536808070108963,TRUSTED,Distribution shift (input unlike calibration set),Distribution shift (input unlike calibration set) | Motion blur or defocus | Geometric inconsistency (calibration or depth scale error),41.963707999912,6.027764000009483,1,0.9011828035658003,0.4272985599927108,0.6882457068385152,1.0,1.0,0.9294210679045878,0.31115344615439,0.8244807377161877,0.9615380488624027,1.0,0.9828460120568426,0.707228867065542,1.0,-0.005354715430218704,0
approach,low_light,image,0.25,14,1,1,0,0,1.0,1.0,1.0,0.8546100777535351,-2.1444979957912267,2.1444979957912267,2.150159487998381,0.7392199861929596,CAUTION,Distribution shift (input unlike calibration set),Distribution shift (input unlike calibration set) | Motion blur or defocus | Geometric inconsistency (calibration or depth scale error),42.14295999975093,5.896931999927801,1,0.9004016143475068,0.36187674335405756,0.6898416651589601,1.0,1.0,0.9440199261482761,0.3006708618159407,0.8132337652955243,0.9680006314513088,1.0,0.9808469148206236,0.7003960398013273,1.0,-0.005137899647586153,0
approach,low_light,image,0.25,15,1,1,0,0,1.0,1.0,1.0,0.8465961988071452,-2.1440856767737344,2.1440856767737344,2.1493914475135574,0.7392111682374584,CAUTION,Distribution shift (input unlike calibration set),Distribution shift (input unlike calibration set) | Motion blur or defocus | Geometric inconsistency (calibration or depth scale error),42.76443899993865,6.182943999988311,1,0.9004383906283508,0.37702924047600056,0.6918733993328596,1.0,1.0,0.962499918791686,0.3075435223859114,0.797151428073022,0.9644221587408954,1.0,0.9794569674248728,0.6693281956651842,1.0,-0.004725580630093873,0
approach,low_light,image,0.25,16,1,1,0,0,1.0,1.0,1.0,0.8348320282952361,-2.145382342131242,2.145382342131242,2.1503700017762886,0.7839305303403199,TRUSTED,Distribution shift (input unlike calibration set),Distribution shift (input unlike calibration set) | Geometric inconsistency (calibration or depth scale error) | Motion blur or defocus,42.247223999993366,5.948298000021168,1,0.9013224752641374,0.6588519612475225,0.6947547549353296,1.0,1.0,0.9886700541194358,0.3427199353167032,0.7860173587757845,0.9567921949428031,1.0,0.9780550725906103,0.6578301665814723,1.0,-0.006022245987601593,0
approach,low_light,image,0.25,17,1,1,0,0,1.0,1.0,1.0,0.8261158107165149,-2.144386374432109,2.144386374432109,2.149389547587052,0.7419342660401342,CAUTION,Distribution shift (input unlike calibration set),Distribution shift (input unlike calibration set) | Motion blur or defocus | Geometric inconsistency (calibration or depth scale error),43.03758200023822,6.140494000078434,1,0.9005017047169814,0.41585850646772493,0.6980549081112494,1.0,1.0,1.0,0.32211230723132045,0.7691238629231579,0.9552121018669155,1.0,0.9754056147051826,0.6214247201777734,1.0,-0.0050262782884686885,0
approach,low_light,image,0.25,18,1,1,0,0,1.0,1.0,1.0,0.8041500120619413,-2.1454656020454728,2.1454656020454728,2.1503355527960757,0.7716581703121518,TRUSTED,Distribution shift (input unlike calibration set),Distribution shift (input unlike calibration set) | Geometric inconsistency (calibration or depth scale error) | Motion blur or defocus,42.99774100002196,6.0566219999600435,1,0.8982936060756715,0.6120981567257826,0.7030677452826468,1.0,1.0,1.0,0.34578055740825075,0.7538606352857576,0.9476484033480537,1.0,0.9727181580507629,0.620592505776833,1.0,-0.006105505901832231,0
approach,low_light,image,0.25,19,1,1,0,0,1.0,1.0,1.0,0.7897263572457165,-2.1444472229999043,2.1444472229999043,2.1495817387321066,0.7483727332187956,CAUTION,Distribution shift (input unlike calibration set),Distribution shift (input unlike calibration set) | Motion blur or defocus | Geometric inconsistency (calibration or depth scale error),42.47099700000945,6.180180000001201,1,0.9009943755779452,0.4943259998789381,0.7108310638148109,1.0,1.0,1.0,0.3354766842791883,0.7383132097454853,0.942452104165506,1.0,0.9693605502383374,0.5815472788891296,1.0,-0.0050871268562637795,0
approach,low_light,image,0.25,20,1,1,0,0,1.0,1.0,1.0,0.7575673671902845,-2.1452866015226952,2.1452866015226952,2.1500160263053645,0.7635555445783406,TRUSTED,Distribution shift (input unlike calibration set),Distribution shift (input unlike calibration set) | Geometric inconsistency (calibration or depth scale error) | Motion blur or defocus,43.53773800005456,6.238915000039924,1,0.899017477669112,0.6634291332804262,0.7227943843631456,1.0,1.0,1.0,0.3392957043331789,0.7169478523441272,0.9260465105438057,1.0,0.9646991739592709,0.5568793777245628,1.0,-0.005926505379054703,0
approach,low_light,image,0.25,21,1,1,0,0,1.0,1.0,1.0,0.7345947004757141,-2.1449582058450467,2.1449582058450467,2.1499628525235606,0.7523913326564168,TRUSTED,Distribution shift (input unlike calibration set),Distribution shift (input unlike calibration set) | Geometric inconsistency (calibration or depth scale error) | Unstable tracking / temporal disagreement,44.53401000012036,6.481797999981609,1,0.8993231663507781,0.6989587757233545,0.7419932819068306,1.0,1.0,1.0,0.31669244642945715,0.6947702243774607,0.9121259724893216,1.0,0.9587280596189461,0.5034292705579483,1.0,-0.005598109701406173,0
approach,low_light,image,0.25,22,1,1,0,0,1.0,1.0,1.0,0.6871631890351276,-2.1449299791584835,2.1449299791584835,2.1499700153056587,0.7459434823294994,CAUTION,Distribution shift (input unlike calibration set),Distribution shift (input unlike calibration set) | Geometric inconsistency (calibration or depth scale error) | Unstable tracking / temporal disagreement,43.94315800004733,6.416787000034674,1,0.8986548326522875,0.9297787497069009,0.7810666710527223,1.0,1.0,1.0,0.2509367572359923,0.6653900880642669,0.8783688707645074,1.0,0.9488839392247721,0.4579879818081363,1.0,-0.005569883014842958,0
approach,low_light,image,0.25,23,1,1,0,0,1.0,1.0,1.0,0.6353737789119208,-2.144843101501465,2.144843101501465,2.149916318140697,0.6510367483529721,CAUTION,Distribution shift (input unlike calibration set),Distribution shift (input unlike calibration set) | Geometric inconsistency (calibration or depth scale error) | Unstable tracking / temporal disagreement,44.052380999801244,6.500516999949468,1,0.8974961938212925,0.9405504538780953,0.8656439728962982,1.0,1.0,1.0,0.0693665548729433,0.6301228335353233,0.8151645653717503,1.0,0.9342138715527208,0.39031239293354525,1.0,-0.005483005357824311,0
approach,low_light,image,0.5,0,1,1,0,0,1.0,1.0,1.0,1.0,-2.1398468017578125,2.1398468017578125,2.1412138842079527,0.06384355925767411,DEGRADED,Distribution shift (input unlike calibration set),Distribution shift (input unlike calibration set) | Unstable tracking / temporal disagreement | Motion blur or defocus,41.99081800004478,5.824456000027567,1,0.8937588736823031,0.243799896910087,0.49066804756677374,1.0,1.0,0.5816713392080568,0.0,0.0,1.0,0.9913793103448276,0.9903422328699842,0.8462155020583905,1.0,-0.0004867056141719672,0
approach,low_light,image,0.5,1,1,1,0,0,1.0,1.0,1.0,0.9536231884057961,-2.144187595533289,2.144187595533289,2.1449114067931827,0.22654370186002856,DEGRADED,Distribution shift (input unlike calibration set),Distribution shift (input unlike calibration set) | Motion blur or defocus | Poor illumination (under-exposed),43.4293330000628,6.339213000046584,1,0.8905215457274919,0.25637264694524525,0.4907055412684509,1.0,1.0,0.5820047785171771,0.0,0.9655172413793104,0.9394130628134758,0.9694444444444444,0.9903441577618255,0.9664622166220115,1.0,-0.0048274993896484375,0
approach,low_light,image,0.5,2,1,1,0,0,1.0,1.0,1.0,0.9393272027681666,-2.1388733905294686,2.1388733905294686,2.1409689649329118,0.21699249061287104,DEGRADED,Distribution shift (input unlike calibration set),Distribution shift (input unlike calibration set) | Motion blur or defocus | Poor illumination (under-exposed),43.65948200006642,6.221485000082794,1,0.8948910837437917,0.1634564020926483,0.4909425297601836,1.0,1.0,0.5842799080510432,0.0,0.9153869143364404,0.9158307255555842,0.9975186104218362,0.9889931043189677,0.9789963672422494,1.0,0.0004867056141719672,0
approach,low_light,image,0.5,3,1,1,0,0,1.0,1.0,1.0,0.952995945833292,-2.1428250851838513,2.1428250851838513,2.1446287880716817,0.21223612226378663,DEGRADED,Distribution shift (input unlike calibration set),Distribution shift (input unlike calibration set) | Motion blur or defocus | Poor illumination (under-exposed),44.88215800006401,6.505850000053215,1,0.894988447807739,0.14624536025689522,0.49101610230687065,1.0,1.0,0.5848383037453425,0.0,0.9132667179774656,0.9242887448430572,1.0,0.9889947885049817,0.8722635871733965,1.0,-0.003464989040210753,0
approach,low_light,image,0.5,4,1,1,0,0,1.0,1.0,1.0,0.9095231796911493,-2.1442638480145035,2.1442638480145035,2.146423133649435,0.22498420341592384,DEGRADED,Distribution shift (input unlike calibration set),Distribution shift (input unlike calibration set) | Motion blur or defocus | Poor illumination (under-exposed),44.687872999816136,6.2319679999518485,1,0.8944129522211943,0.2751885066501015,0.4912905845002806,1.0,1.0,0.588108337310047,0.0,0.8921811995439302,0.9423710651736035,1.0,0.9889846095653251,0.8854908716265137,1.0,-0.004903751870863005,0
approach,low_light,image,0.5,5,1,1,0,0,1.0,1.0,1.0,0.9114950915286646,-2.1455080612846054,2.1455080612846054,2.1472684352056604,0.22161636997972217,DEGRADED,Distribution shift (input unlike calibration set),Distribution shift (input unlike calibration set) | Motion blur or defocus | Poor illumination (under-exposed),44.994480999889674,6.387713999970401,1,0.8951799231437477,0.266390804026423,0.4913896244669749,1.0,1.0,0.5888364665069632,0.0,0.8902994592222496,0.9440386181314494,1.0,0.9889715878760486,0.7918568631101317,1.0,-0.006147965140964828,0
approach,low_light,image,0.5,6,1,1,0,0,1.0,1.0,1.0,0.9070515352074006,-2.144632256549336,2.144632256549336,2.1467471706729206,0.2128358615288092,DEGRADED,Distribution shift (input unlike calibration set),Distribution shift (input unlike calibration set) | Motion blur or defocus | Poor illumination (under-exposed),43.86328400016737,6.0942709999380895,1,0.8947058878995606,0.1734700243493713,0.4917037226470624,1.0,1.0,0.5918161248154886,0.0,0.8794262513784692,0.9510303196960103,1.0,0.9876312135732933,0.7854185212228489,1.0,-0.0052721604056955584,0
approach,low_light,image,0.5,7,1,1,0,0,1.0,1.0,1.0,0.895462028304939,-2.1437545444654376,2.1437545444654376,2.146545362615997,0.22297120273698956,DEGRADED,Distribution shift (input unlike calibration set),Distribution shift (input unlike calibration set) | Motion blur or defocus | Poor illumination (under-exposed),44.981166999946254,6.477267000036591,1,0.8948778923938375,0.2822437773922419,0.49203126196548697,1.0,1.0,0.5953406811278306,0.0,0.868632858052334,0.9544417849303355,1.0,0.9875998922109123,0.8059104515069078,1.0,-0.004394448321797029,0
approach,low_light,image,0.5,8,1,1,0,0,1.0,1.0,1.0,0.9041644063674215,-2.1480724500573203,2.1480724500573203,2.150719524830739,0.21950484719177682,DEGRADED,Distribution shift (input unlike calibration set),Distribution shift (input unlike calibration set) | Motion blur or defocus | Poor illumination (under-exposed),44.416683999997986,6.2651119999372895,1,0.895357206599498,0.2315793007913178,0.4923241372955687,1.0,1.0,0.5980625836188798,0.0,0.8625065741585757,0.9551470004924516,1.0,0.9869345666330657,0.8255706253647928,1.0,-0.008712353913679749,0
approach,low_light,image,0.5,9,1,1,0,0,1.0,1.0,1.0,0.8887071526171582,-2.145268315854281,2.145268315854281,2.147613863467598,0.22225963001737947,DEGRADED,Distribution shift (input unlike calibration set),Distribution shift (input unlike calibration set) | Motion blur or defocus | Poor illumination (under-exposed),44.313025999827005,6.563305999975455,1,0.8921777024158108,0.2655526426179954,0.49271039316567644,1.0,1.0,0.6020154421084295,0.0,0.8546286396900773,0.9550387818811434,1.0,0.9862317948410332,0.8318487802768822,1.0,-0.005908219710640594,0
approach,low_light,image,0.5,10,1,1,0,0,1.0,1.0,1.0,0.8946753685767916,-2.1472707002059295,2.1472707002059295,2.15018179832865,0.2180695842974727,DEGRADED,Distribution shift (input unlike calibration set),Distribution shift (input unlike calibration set) | Motion blur or defocus | Poor illumination (under-exposed),44.29593299994394,6.234726999991835,1,0.8956120467898198,0.21987556566550787,0.4931914444324771,1.0,1.0,0.6066542673743521,0.0,0.8494114461355181,0.956973441346246,1.0,0.9849109773699238,0.8154805872994672,1.0,-0.00791060406228894,0
approach,low_light,image,0.5,11,1,1,0,0,1.0,1.0,1.0,0.8903641576332073,-2.1474429835443907,2.1474429835443907,2.1504515144189877,0.2244945596017331,DEGRADED,Distribution shift (input unlike calibration set),Distribution shift (input unlike calibration set) | Motion blur or defocus | Poor illumination (under-exposed),43.09695200004171,6.039662000034696,1,0.8931467579317972,0.3222899037492225,0.4936427837092695,1.0,1.0,0.611452267314783,0.0,0.844430060393149,0.958624460852685,1.0,0.9842075768288774,0.7755393104837309,1.0,-0.008082887400750138,0
approach,low_light,image,0.5,12,1,1,0,0,1.0,1.0,1.0,0.8820920326765909,-2.146078897559125,2.146078897559125,2.149938748004341,0.21924602359339515,DEGRADED,Distribution shift (input unlike calibration set),Distribution shift (input unlike calibration set) | Motion blur or defocus | Poor illumination (under-exposed),43.56345799999417,6.238527999926191,1,0.8963622447367224,0.2726131889685946,0.4941811366710863,1.0,1.0,0.6166450630764123,0.0,0.8417578150642885,0.9595206504016546,1.0,0.9835292527643485,0.714001428341753,1.0,-0.006718801415484421,0
approach,low_light,image,0.5,13,1,1,0,0,1.0,1.0,1.0,0.870227452265836,-2.1447148115738592,2.1447148115738592,2.1498154792408286,0.22016831751108554,DEGRADED,Distribution shift (input unlike calibration set),Distribution shift (input unlike calibration set) | Motion blur or defocus | Poor illumination (under-exposed),43.90042099987568,6.365187000028527,1,0.8964470380670726,0.2913166722370151,0.49519558890136905,1.0,1.0,0.6265439202450275,0.0,0.8244807377161877,0.9615380488624027,1.0,0.9828460120568426,0.707228867065542,1.0,-0.005354715430218704,0
approach,low_light,image,0.5,14,1,1,0,0,1.0,1.0,1.0,0.8546100777535351,-2.1444979957912267,2.1444979957912267,2.150159487998381,0.2166711442789521,DEGRADED,Distribution shift (input unlike calibration set),Distribution shift (input unlike calibration set) | Motion blur or defocus | Poor illumination (under-exposed),43.88047999987066,6.373391000010997,1,0.8964555457859555,0.2469323580818292,0.49627866168000434,1.0,1.0,0.6375056262991001,0.0,0.8132337652955243,0.9680006314513088,1.0,0.9808469148206236,0.7003960398013273,1.0,-0.005137899647586153,0
approach,low_light,image,0.5,15,1,1,0,0,1.0,1.0,1.0,0.8465961988071452,-2.1440856767737344,2.1440856767737344,2.1493914475135574,0.2162473731386471,DEGRADED,Distribution shift (input unlike calibration set),Distribution shift (input unlike calibration set) | Motion blur or defocus | Poor illumination (under-exposed),44.7113459999855,6.315359000041099,1,0.8964923220667996,0.2572795215384817,0.49766522121372414,1.0,1.0,0.651381496314584,0.0,0.797151428073022,0.9644221587408954,1.0,0.9794569674248728,0.6693281956651842,1.0,-0.004725580630093873,0
approach,low_light,image,0.5,16,1,1,0,0,1.0,1.0,1.0,0.8348320282952361,-2.145382342131242,2.145382342131242,2.1503700017762886,0.22796656441244628,DEGRADED,Distribution shift (input unlike calibration set),Distribution shift (input unlike calibration set) | Motion blur or defocus | Geometric inconsistency (calibration or depth scale error),43.44063000019105,5.918411000038759,1,0.896562230126535,0.46887047855893205,0.49967078053928327,1.0,1.0,0.6710483894076853,0.0,0.7860173587757845,0.9567921949428031,1.0,0.9780550725906103,0.6578301665814723,1.0,-0.006022245987601593,0
approach,low_light,image,0.5,17,1,1,0,0,1.0,1.0,1.0,0.8261158107165149,-2.144386374432109,2.144386374432109,2.149389547587052,0.21641744414723793,DEGRADED,Distribution shift (input unlike calibration set),Distribution shift (input unlike calibration set) | Motion blur or defocus | Geometric inconsistency (calibration or depth scale error),43.77838400023393,6.843135000053735,1,0.8965556361554303,0.2837956125892678,0.5018843237949002,1.0,1.0,0.6936346495358688,0.0,0.7691238629231579,0.9552121018669155,1.0,0.9754056147051826,0.6214247201777734,1.0,-0.0050262782884686885,0
approach,low_light,image,0.5,18,1,1,0,0,1.0,1.0,1.0,0.8041500120619413,-2.1454656020454728,2.1454656020454728,2.1503355527960757,0.22425342276230548,DEGRADED,Distribution shift (input unlike calibration set),Distribution shift (input unlike calibration set) | Motion blur or defocus | Geometric inconsistency (calibration or depth scale error),43.94199600005777,6.330791999971552,1,0.8943475375141204,0.4180609424830082,0.5053160586408568,1.0,1.0,0.7286087662766728,0.0,0.7538606352857576,0.9476484033480537,1.0,0.9727181580507629,0.620592505776833,1.0,-0.006105505901832231,0
approach,low_light,image,0.5,19,1,1,0,0,1.0,1.0,1.0,0.7897263572457165,-2.1444472229999043,2.1444472229999043,2.1495817387321066,0.2188424774156997,DEGRADED,Distribution shift (input unlike calibration set),Distribution shift (input unlike calibration set) | Motion blur or defocus | Geometric inconsistency (calibration or depth scale error),43.90723699998489,6.278360000010252,1,0.8966264206008983,0.33684808882740025,0.5106118671456664,1.0,1.0,0.7805576392371711,0.0,0.7383132097454853,0.942452104165506,1.0,0.9693605502383374,0.5815472788891296,1.0,-0.0050871268562637795,0
approach,low_light,image,0.5,20,1,1,0,0,1.0,1.0,1.0,0.7575673671902845,-2.1452866015226952,2.1452866015226952,2.1500160263053645,0.2246544908614022,DEGRADED,Distribution shift (input unlike calibration set),Distribution shift (input unlike calibration set) | Motion blur or defocus | Geometric inconsistency (calibration or depth scale error),43.617722000021786,6.600491999961378,1,0.8949545485808447,0.4605940430002958,0.5187918609662798,1.0,1.0,0.8631712999056711,0.0,0.7169478523441272,0.9260465105438057,1.0,0.9646991739592709,0.5568793777245628,1.0,-0.005926505379054703,0
approach,low_light,image,0.5,21,1,1,0,0,1.0,1.0,1.0,0.7345947004757141,-2.1449582058450467,2.1449582058450467,2.1499628525235606,0.2241182725966745,DEGRADED,Distribution shift (input unlike calibration set),Distribution shift (input unlike calibration set) | Geometric inconsistency (calibration or depth scale error) | Motion blur or defocus,44.504447999997865,6.54822299998159,1,0.8952495524589392,0.4769545020970759,0.5318920188465982,1.0,1.0,0.9946932017322099,0.0,0.6947702243774607,0.9121259724893216,1.0,0.9587280596189461,0.5034292705579483,1.0,-0.005598109701406173,0
approach,low_light,image,0.5,22,1,1,0,0,1.0,1.0,1.0,0.6871631890351276,-2.1449299791584835,2.1449299791584835,2.1499700153056587,0.2272123063582893,DEGRADED,Distribution shift (input unlike calibration set),Distribution shift (input unlike calibration set) | Geometric inconsistency (calibration or depth scale error) | Motion blur or defocus,44.39757200020722,6.51100800007498,1,0.8944922185941948,0.6418226048684335,0.5586002681507098,1.0,1.0,1.0,0.0,0.6653900880642669,0.8783688707645074,1.0,0.9488839392247721,0.4579879818081363,1.0,-0.005569883014842958,0
approach,low_light,image,0.5,23,1,1,0,0,1.0,1.0,1.0,0.6353737789119208,-2.144843101501465,2.144843101501465,2.149916318140697,0.22276102844206808,DEGRADED,Distribution shift (input unlike calibration set),Distribution shift (input unlike calibration set) | Geometric inconsistency (calibration or depth scale error) | Unstable tracking / temporal disagreement,44.96881200009284,6.804184000088753,1,0.8934691197908351,0.6472507315229078,0.6163377390201374,1.0,1.0,1.0,0.0,0.6301228335353233,0.8151645653717503,1.0,0.9342138715527208,0.39031239293354525,1.0,-0.005483005357824311,0
approach,low_light,image,0.75,0,1,1,0,0,1.0,1.0,1.0,1.0,-2.1398468017578125,2.1398468017578125,2.1412138842079527,0.05518739891506308,DEGRADED,Distribution shift (input unlike calibration set),Distribution shift (input unlike calibration set) | Unstable tracking / temporal disagreement | Motion blur or defocus,43.79800500009878,6.1113409999506985,1,0.7198649482810406,0.14717520753570948,0.2726732991610077,1.0,1.0,0.29291179045041466,0.0,0.0,1.0,0.9913793103448276,0.9903422328699842,0.8462155020583905,1.0,-0.0004867056141719672,0
approach,low_light,image,0.75,1,1,1,0,0,1.0,1.0,1.0,0.9536231884057961,-2.144187595533289,2.144187595533289,2.1449114067931827,0.1954900180997216,DEGRADED,Distribution shift (input unlike calibration set),Distribution shift (input unlike calibration set) | Motion blur or defocus | Poor illumination (under-exposed),43.27541799989376,6.173415000034765,1,0.7026983257006518,0.1549610374418052,0.2726973517243477,1.0,1.0,0.2931919015055325,0.0,0.9655172413793104,0.9394130628134758,0.9694444444444444,0.9903441577618255,0.9664622166220115,1.0,-0.0048274993896484375,0
approach,low_light,image,0.75,2,1,1,0,0,1.0,1.0,1.0,0.9393272027681666,-2.1388733905294686,2.1388733905294686,2.1409689649329118,0.18736911275952214,DEGRADED,Distribution shift (input unlike calibration set),Distribution shift (input unlike calibration set) | Motion blur or defocus | Poor illumination (under-exposed),42.830053999864504,5.816635999963182,1,0.7246581854238844,0.09696840260177769,0.2728515711010574,1.0,1.0,0.2942736824495503,0.0,0.9153869143364404,0.9158307255555842,0.9975186104218362,0.9889931043189677,0.9789963672422494,1.0,0.0004867056141719672,0
approach,low_light,image,0.75,3,1,1,0,0,1.0,1.0,1.0,0.952995945833292,-2.1428250851838513,2.1428250851838513,2.1446287880716817,0.18392575330866628,DEGRADED,Distribution shift (input unlike calibration set),Distribution shift (input unlike calibration set) | Motion blur or defocus | Poor illumination (under-exposed),43.15064800005075,6.098042999951758,1,0.7312629280689585,0.08945439914789999,0.2728911870877351,1.0,1.0,0.29465284768708516,0.0,0.9132667179774656,0.9242887448430572,1.0,0.9889947885049817,0.8722635871733965,1.0,-0.003464989040210753,0
approach,low_light,image,0.75,4,1,1,0,0,1.0,1.0,1.0,0.9095231796911493,-2.1442638480145035,2.1442638480145035,2.146423133649435,0.19459274832893067,DEGRADED,Distribution shift (input unlike calibration set),Distribution shift (input unlike calibration set) | Motion blur or defocus | Poor illumination (under-exposed),42.793446000018776,6.029186999967351,1,0.7200563122262658,0.16699062222359318,0.27305672531778113,1.0,1.0,0.2969084763211878,0.0,0.8921811995439302,0.9423710651736035,1.0,0.9889846095653251,0.8854908716265137,1.0,-0.004903751870863005,0
approach,low_light,image,0.75,5,1,1,0,0,1.0,1.0,1.0,0.9114950915286646,-2.1455080612846054,2.1455080612846054,2.1472684352056604,0.19140124855850685,DEGRADED,Distribution shift (input unlike calibration set),Distribution shift (input unlike calibration set) | Motion blur or defocus | Poor illumination (under-exposed),44.088840999961576,6.148757000005389,1,0.7163347674022988,0.16001049719929383,0.2731076601577954,1.0,1.0,0.2974036550606008,0.0,0.8902994592222496,0.9440386181314494,1.0,0.9889715878760486,0.7918568631101317,1.0,-0.006147965140964828,0
approach,low_light,image,0.75,6,1,1,0,0,1.0,1.0,1.0,0.9070515352074006,-2.144632256549336,2.144632256549336,2.1467471706729206,0.1840053528314322,DEGRADED,Distribution shift (input unlike calibration set),Distribution shift (input unlike calibration set) | Motion blur or defocus | Poor illumination (under-exposed),42.85823099996833,6.178875999921729,1,0.7259430236807971,0.10389259291648946,0.2733113995178522,1.0,1.0,0.29900658877214903,0.0,0.8794262513784692,0.9510303196960103,1.0,0.9876312135732933,0.7854185212228489,1.0,-0.0052721604056955584,0
approach,low_light,image,0.75,7,1,1,0,0,1.0,1.0,1.0,0.895462028304939,-2.1437545444654376,2.1437545444654376,2.146545362615997,0.1929638505070334,DEGRADED,Distribution shift (input unlike calibration set),Distribution shift (input unlike calibration set) | Motion blur or defocus | Poor illumination (under-exposed),42.42226099995605,6.305748999920979,1,0.7240192979815703,0.1711917437254695,0.2734988680262378,1.0,1.0,0.30146628186037594,0.0,0.868632858052334,0.9544417849303355,1.0,0.9875998922109123,0.8059104515069078,1.0,-0.004394448321797029,0
approach,low_light,image,0.75,8,1,1,0,0,1.0,1.0,1.0,0.9041644063674215,-2.1480724500573203,2.1480724500573203,2.150719524830739,0.18969463139381573,DEGRADED,Distribution shift (input unlike calibration set),Distribution shift (input unlike calibration set) | Motion blur or defocus | Poor illumination (under-exposed),43.65655000003699,6.218964000026972,1,0.7260719388697537,0.13790825799800702,0.273688458819624,1.0,1.0,0.3030284202593009,0.0,0.8625065741585757,0.9551470004924516,1.0,0.9869345666330657,0.8255706253647928,1.0,-0.008712353913679749,0
approach,low_light,image,0.75,9,1,1,0,0,1.0,1.0,1.0,0.8887071526171582,-2.145268315854281,2.145268315854281,2.147613863467598,0.19217321131292214,DEGRADED,Distribution shift (input unlike calibration set),Distribution shift (input unlike calibration set) | Motion blur or defocus | Poor illumination (under-exposed),44.054875000028915,6.379088000016964,1,0.7054904545604087,0.1628854448516811,0.27391625074302084,1.0,1.0,0.3056412209212969,0.0,0.8546286396900773,0.9550387818811434,1.0,0.9862317948410332,0.8318487802768822,1.0,-0.005908219710640594,0
approach,low_light,image,0.75,10,1,1,0,0,1.0,1.0,1.0,0.8946753685767916,-2.1472707002059295,2.1472707002059295,2.15018179832865,0.18916811973962183,DEGRADED,Distribution shift (input unlike calibration set),Distribution shift (input unlike calibration set) | Motion blur or defocus | Poor illumination (under-exposed),43.24143899987121,6.155222999950638,1,0.7286317952997543,0.13576850785507638,0.2742133706431036,1.0,1.0,0.308410364107266,0.0,0.8494114461355181,0.956973441346246,1.0,0.9849109773699238,0.8154805872994672,1.0,-0.00791060406228894,0
approach,low_light,image,0.75,11,1,1,0,0,1.0,1.0,1.0,0.8903641576332073,-2.1474429835443907,2.1474429835443907,2.1504515144189877,0.1942887868602398,DEGRADED,Distribution shift (input unlike calibration set),Distribution shift (input unlike calibration set) | Motion blur or defocus | Poor illumination (under-exposed),42.90661799996087,6.42862300003344,1,0.7215760039839024,0.19502319855836936,0.2744899751215141,1.0,1.0,0.3116362988991631,0.0,0.844430060393149,0.958624460852685,1.0,0.9842075768288774,0.7755393104837309,1.0,-0.008082887400750138,0
approach,low_light,image,0.75,12,1,1,0,0,1.0,1.0,1.0,0.8820920326765909,-2.146078897559125,2.146078897559125,2.149938748004341,0.1894423035789876,DEGRADED,Distribution shift (input unlike calibration set),Distribution shift (input unlike calibration set) | Motion blur or defocus | Poor illumination (under-exposed),43.06228500024645,6.204824000064946,1,0.7115593397211509,0.16479440314892893,0.2748217590099399,1.0,1.0,0.314730957967674,0.0,0.8417578150642885,0.9595206504016546,1.0,0.9835292527643485,0.714001428341753,1.0,-0.006718801415484421,0
approach,low_light,image,0.75,13,1,1,0,0,1.0,1.0,1.0,0.870227452265836,-2.1447148115738592,2.1447148115738592,2.1498154792408286,0.19071577204284815,DEGRADED,Distribution shift (input unlike calibration set),Distribution shift (input unlike calibration set) | Motion blur or defocus | Poor illumination (under-exposed),45.47981799998979,6.452792000004592,1,0.734189135438143,0.1750072574618949,0.2754244879501079,1.0,1.0,0.3210774753330979,0.0,0.8244807377161877,0.9615380488624027,1.0,0.9828460120568426,0.707228867065542,1.0,-0.005354715430218704,0
approach,low_light,image,0.75,14,1,1,0,0,1.0,1.0,1.0,0.8546100777535351,-2.1444979957912267,2.1444979957912267,2.150159487998381,0.18778187955841893,DEGRADED,Distribution shift (input unlike calibration set),Distribution shift (input unlike calibration set) | Motion blur or defocus | Poor illumination (under-exposed),44.96175699989635,6.946281000068666,1,0.7264711889019306,0.15046182148981319,0.2761014968652966,1.0,1.0,0.32766318686126755,0.0,0.8132337652955243,0.9680006314513088,1.0,0.9808469148206236,0.7003960398013273,1.0,-0.005137899647586153,0
approach,low_light,image,0.75,15,1,1,0,0,1.0,1.0,1.0,0.8465961988071452,-2.1440856767737344,2.1440856767737344,2.1493914475135574,0.18746419810296053,DEGRADED,Distribution shift (input unlike calibration set),Distribution shift (input unlike calibration set) | Motion blur or defocus | Poor illumination (under-exposed),44.24210200011203,6.168006000052628,1,0.7265079651827747,0.15675428174908326,0.276944751438865,1.0,1.0,0.3363450838188195,0.0,0.797151428073022,0.9644221587408954,1.0,0.9794569674248728,0.6693281956651842,1.0,-0.004725580630093873,0
approach,low_light,image,0.75,16,1,1,0,0,1.0,1.0,1.0,0.8348320282952361,-2.145382342131242,2.145382342131242,2.1503700017762886,0.1963112901334068,DEGRADED,Distribution shift (input unlike calibration set),Distribution shift (input unlike calibration set) | Motion blur or defocus | Poor illumination (under-exposed),44.15583200000128,6.252648999975463,1,0.739604015412208,0.2596097546747763,0.2781113007608569,1.0,1.0,0.34907730817701416,0.0,0.7860173587757845,0.9567921949428031,1.0,0.9780550725906103,0.6578301665814723,1.0,-0.006022245987601593,0
approach,low_light,image,0.75,17,1,1,0,0,1.0,1.0,1.0,0.8261158107165149,-2.144386374432109,2.144386374432109,2.149389547587052,0.18775093230552958,DEGRADED,Distribution shift (input unlike calibration set),Distribution shift (input unlike calibration set) | Motion blur or defocus | Poor illumination (under-exposed),44.02566999999635,6.229809999922509,1,0.7265712792714053,0.17287440086465267,0.27950988657624665,1.0,1.0,0.36280765314231145,0.0,0.7691238629231579,0.9552121018669155,1.0,0.9754056147051826,0.6214247201777734,1.0,-0.0050262782884686885,0
approach,low_light,image,0.75,18,1,1,0,0,1.0,1.0,1.0,0.8041500120619413,-2.1454656020454728,2.1454656020454728,2.1503355527960757,0.1945292499767001,DEGRADED,Distribution shift (input unlike calibration set),Distribution shift (input unlike calibration set) | Motion blur or defocus | Poor illumination (under-exposed),43.39736300016739,6.5005930000552326,1,0.7213749493698661,0.2538292693174138,0.2815819441651577,1.0,1.0,0.38519824356920535,0.0,0.7538606352857576,0.9476484033480537,1.0,0.9727181580507629,0.620592505776833,1.0,-0.006105505901832231,0
approach,low_light,image,0.75,19,1,1,0,0,1.0,1.0,1.0,0.7897263572457165,-2.1444472229999043,2.1444472229999043,2.1495817387321066,0.1900001780027569,DEGRADED,Distribution shift (input unlike calibration set),Distribution shift (input unlike calibration set) | Motion blur or defocus | Poor illumination (under-exposed),44.97990499987736,7.078900000010435,1,0.7333148985663144,0.20205353080789445,0.2847873019443845,1.0,1.0,0.41756446249334395,0.0,0.7383132097454853,0.942452104165506,1.0,0.9693605502383374,0.5815472788891296,1.0,-0.0050871268562637795,0
approach,low_light,image,0.75,20,1,1,0,0,1.0,1.0,1.0,0.7575673671902845,-2.1452866015226952,2.1452866015226952,2.1500160263053645,0.19487353213909286,DEGRADED,Distribution shift (input unlike calibration set),Distribution shift (input unlike calibration set) | Motion blur or defocus | Poor illumination (under-exposed),42.80724900002042,6.025227999998606,1,0.7332081752871248,0.2701241905229638,0.2897584008441034,1.0,1.0,0.4694753641742792,0.0,0.7169478523441272,0.9260465105438057,1.0,0.9646991739592709,0.5568793777245628,1.0,-0.005926505379054703,0
approach,low_light,image,0.75,21,1,1,0,0,1.0,1.0,1.0,0.7345947004757141,-2.1449582058450467,2.1449582058450467,2.1499628525235606,0.19493468186928925,DEGRADED,Distribution shift (input unlike calibration set),Distribution shift (input unlike calibration set) | Motion blur or defocus | Geometric inconsistency (calibration or depth scale error),44.11948300003132,6.522386000028746,1,0.7226547957266515,0.28838948442244183,0.2977162621679884,1.0,1.0,0.5522285150743304,0.0,0.6947702243774607,0.9121259724893216,1.0,0.9587280596189461,0.5034292705579483,1.0,-0.005598109701406173,0
approach,low_light,image,0.75,22,1,1,0,0,1.0,1.0,1.0,0.6871631890351276,-2.1449299791584835,2.1449299791584835,2.1499700153056587,0.200567744085676,DEGRADED,Distribution shift (input unlike calibration set),Distribution shift (input unlike calibration set) | Geometric inconsistency (calibration or depth scale error) | Motion blur or defocus,44.765813000026355,6.501127999968048,1,0.7427324849122044,0.3782099378794752,0.31388878130082976,1.0,1.0,0.7211299871228386,0.0,0.6653900880642669,0.8783688707645074,1.0,0.9488839392247721,0.4579879818081363,1.0,-0.005569883014842958,0
approach,low_light,image,0.75,23,1,1,0,0,1.0,1.0,1.0,0.6353737789119208,-2.144843101501465,2.144843101501465,2.149916318140697,0.20014641999406976,DEGRADED,Distribution shift (input unlike calibration set),Distribution shift (input unlike calibration set) | Geometric inconsistency (calibration or depth scale error) | Motion blur or defocus,45.62457800000175,6.866648000027453,1,0.729387074794716,0.3849459606055179,0.3489835934989458,1.0,1.0,1.0,0.0,0.6301228335353233,0.8151645653717503,1.0,0.9342138715527208,0.39031239293354525,1.0,-0.005483005357824311,0
approach,low_light,image,1.0,0,1,0,0,1,0.0,0.0,0.0,,,,,0.00018004844006099256,DEGRADED,Geometric inconsistency (calibration or depth scale error),Geometric inconsistency (calibration or depth scale error) | Low detector confidence | Distribution shift (input unlike calibration set),42.1175700000731,6.185439000091719,0,0.0,0.03527605115454703,0.05457455879021267,1.0,1.0,0.2842397010244907,0.0,0.0,0.0,0.0,0.0,0.0,1.0,,1
approach,low_light,image,1.0,1,1,0,0,1,0.0,0.0,0.0,,,,,0.0001810824335812287,DEGRADED,Geometric inconsistency (calibration or depth scale error),Geometric inconsistency (calibration or depth scale error) | Low detector confidence | Distribution shift (input unlike calibration set),43.33973900008914,6.655075000026045,0,0.0,0.03756013036034783,0.05457951078854739,1.0,1.0,0.28432468975607517,0.0,0.0,0.0,0.0,0.0,0.0,1.0,,1
approach,low_light,image,1.0,2,1,0,0,1,0.0,0.0,0.0,,,,,0.00017548037286815318,DEGRADED,Geometric inconsistency (calibration or depth scale error),Geometric inconsistency (calibration or depth scale error) | Low detector confidence | Distribution shift (input unlike calibration set),43.315439000025435,6.197910999958367,0,0.0,0.026559022880052675,0.05461558963355739,1.0,1.0,0.2844992107216028,0.0,0.0,0.0,0.0,0.0,0.0,1.0,,1
approach,low_light,image,1.0,3,1,0,0,1,0.0,0.0,0.0,,,,,0.00017220458538124382,DEGRADED,Geometric inconsistency (calibration or depth scale error),Geometric inconsistency (calibration or depth scale error) | Low detector confidence | Distribution shift (input unlike calibration set),44.610444999875654,6.37851600004069,0,0.0,0.02158281958778073,0.05462478620189337,1.0,1.0,0.2845245481986629,0.0,0.0,0.0,0.0,0.0,0.0,1.0,,1
approach,low_light,image,1.0,4,1,0,0,1,0.0,0.0,0.0,,,,,0.00018284663898326638,DEGRADED,Geometric inconsistency (calibration or depth scale error),Geometric inconsistency (calibration or depth scale error) | Low detector confidence | Distribution shift (input unlike calibration set),42.93207099999563,5.895524000038677,0,0.0,0.04167536518901073,0.05466510961690452,1.0,1.0,0.28500250473433036,0.0,0.0,0.0,0.0,0.0,0.0,1.0,,1
approach,low_light,image,1.0,5,1,0,0,1,0.0,0.0,0.0,,,,,0.0001814362251352812,DEGRADED,Geometric inconsistency (calibration or depth scale error),Geometric inconsistency (calibration or depth scale error) | Low detector confidence | Distribution shift (input unlike calibration set),42.20949699993071,6.2919639999563515,0,0.0,0.03826224963495111,0.05467855075524164,1.0,1.0,0.28503610046504474,0.0,0.0,0.0,0.0,0.0,0.0,1.0,,1
approach,low_light,image,1.0,6,1,0,0,1,0.0,0.0,0.0,,,,,0.0001771689056198874,DEGRADED,Geometric inconsistency (calibration or depth scale error),Geometric inconsistency (calibration or depth scale error) | Low detector confidence | Distribution shift (input unlike calibration set),42.05063599999903,6.201085000043349,0,0.0,0.029412425259847948,0.05472594845358825,1.0,1.0,0.28529561016215677,0.0,0.0,0.0,0.0,0.0,0.0,1.0,,1
approach,low_light,image,1.0,7,1,0,0,1,0.0,0.0,0.0,,,,,0.00018244177674979245,DEGRADED,Geometric inconsistency (calibration or depth scale error),Geometric inconsistency (calibration or depth scale error) | Low detector confidence | Distribution shift (input unlike calibration set),42.663377999815566,6.261360999928911,0,0.0,0.0405422303698954,0.05476980901026707,1.0,1.0,0.2857882324277713,0.0,0.0,0.0,0.0,0.0,0.0,1.0,,1
approach,low_light,image,1.0,8,1,0,0,1,0.0,0.0,0.0,,,,,0.00017985549466101376,DEGRADED,Geometric inconsistency (calibration or depth scale error),Geometric inconsistency (calibration or depth scale error) | Low detector confidence | Distribution shift (input unlike calibration set),42.10693599998194,6.103585000005296,0,0.0,0.034609507002012464,0.05481154728194537,1.0,1.0,0.28605283085108824,0.0,0.0,0.0,0.0,0.0,0.0,1.0,,1
approach,low_light,image,1.0,9,1,0,0,1,0.0,0.0,0.0,,,,,0.00018123052346533352,DEGRADED,Geometric inconsistency (calibration or depth scale error),Geometric inconsistency (calibration or depth scale error) | Low detector confidence | Distribution shift (input unlike calibration set),41.76487500001258,6.2842239999554295,0,0.0,0.03756013036034783,0.05486601926362722,1.0,1.0,0.2866101515883187,0.0,0.0,0.0,0.0,0.0,0.0,1.0,,1
approach,low_light,image,1.0,10,1,0,0,1,0.0,0.0,0.0,,,,,0.00017832754423571863,DEGRADED,Geometric inconsistency (calibration or depth scale error),Geometric inconsistency (calibration or depth scale error) | Low detector confidence | Distribution shift (input unlike calibration set),40.913789999876826,5.795132000002923,0,0.0,0.031382679253983026,0.05493463981197966,1.0,1.0,0.28711736386406983,0.0,0.0,0.0,0.0,0.0,0.0,1.0,,1
approach,low_light,image,1.0,11,1,0,0,1,0.0,0.0,0.0,,,,,0.00018485530445063822,DEGRADED,Geometric inconsistency (calibration or depth scale error),Geometric inconsistency (calibration or depth scale error) | Low detector confidence | Distribution shift (input unlike calibration set),42.16041900008349,5.968187000007674,0,0.0,0.046505127665294646,0.054997600933663904,1.0,1.0,0.28771251530447595,0.0,0.0,0.0,0.0,0.0,0.0,1.0,,1
approach,low_light,image,1.0,12,1,0,0,1,0.0,0.0,0.0,,,,,0.00018222398350364852,DEGRADED,Geometric inconsistency (calibration or depth scale error),Geometric inconsistency (calibration or depth scale error) | Low detector confidence | Distribution shift (input unlike calibration set),40.62581200003024,5.699649999996836,0,0.0,0.03962918692087062,0.05507471062201874,1.0,1.0,0.28827474516572654,0.0,0.0,0.0,0.0,0.0,0.0,1.0,,1
approach,low_light,image,1.0,13,1,0,0,1,0.0,0.0,0.0,,,,,0.00018362469289595414,DEGRADED,Geometric inconsistency (calibration or depth scale error),Geometric inconsistency (calibration or depth scale error) | Low detector confidence | Distribution shift (input unlike calibration set),42.00393899998289,6.2751489999754995,0,0.0,0.04293377193445032,0.05522327057206011,1.0,1.0,0.2892290680631923,0.0,0.0,0.0,0.0,0.0,0.0,1.0,,1
approach,low_light,image,1.0,14,1,0,0,1,0.0,0.0,0.0,,,,,0.00018067483998076425,DEGRADED,Geometric inconsistency (calibration or depth scale error),Geometric inconsistency (calibration or depth scale error) | Low detector confidence | Distribution shift (input unlike calibration set),41.40234999988479,5.923258999928294,0,0.0,0.035744545130464864,0.05537466023543569,1.0,1.0,0.2906429009699729,0.0,0.0,0.0,0.0,0.0,0.0,1.0,,1
approach,low_light,image,1.0,15,1,0,0,1,0.0,0.0,0.0,,,,,0.00018143450112341797,DEGRADED,Geometric inconsistency (calibration or depth scale error),Geometric inconsistency (calibration or depth scale error) | Low detector confidence | Distribution shift (input unlike calibration set),41.807556999970075,6.125353000015821,0,0.0,0.03720410213223572,0.055572740168824186,1.0,1.0,0.292233889447038,0.0,0.0,0.0,0.0,0.0,0.0,1.0,,1
approach,low_light,image,1.0,16,1,0,0,1,0.0,0.0,0.0,,,,,0.00019211793763328978,DEGRADED,Geometric inconsistency (calibration or depth scale error),Geometric inconsistency (calibration or depth scale error) | Low detector confidence | Distribution shift (input unlike calibration set),41.54206800001248,5.88514399998985,0,0.0,0.06924304421270025,0.05586207835723822,1.0,1.0,0.2941905715286635,0.0,0.0,0.0,0.0,0.0,0.0,1.0,,1
approach,low_light,image,1.0,17,1,0,0,1,0.0,0.0,0.0,,,,,0.00018333212745908338,DEGRADED,Geometric inconsistency (calibration or depth scale error),Geometric inconsistency (calibration or depth scale error) | Low detector confidence | Distribution shift (input unlike calibration set),41.15606800007754,6.046242000024904,0,0.0,0.04095052093553011,0.05617546910899229,1.0,1.0,0.29708400620264624,0.0,0.0,0.0,0.0,0.0,0.0,1.0,,1
approach,low_light,image,1.0,18,1,0,0,1,0.0,0.0,0.0,,,,,0.00018999312850767212,DEGRADED,Geometric inconsistency (calibration or depth scale error),Geometric inconsistency (calibration or depth scale error) | Low detector confidence | Distribution shift (input unlike calibration set),41.646187999958784,5.887960999984898,0,0.0,0.05972299178328688,0.05666500951579534,1.0,1.0,0.3012119363651269,0.0,0.0,0.0,0.0,0.0,0.0,1.0,,1
approach,low_light,image,1.0,19,1,0,0,1,0.0,0.0,0.0,,,,,0.0001873679777851926,DEGRADED,Geometric inconsistency (calibration or depth scale error),Geometric inconsistency (calibration or depth scale error) | Low detector confidence | Distribution shift (input unlike calibration set),42.06859400005669,6.215757000063604,0,0.0,0.0501539404966044,0.05742903211600836,1.0,1.0,0.3067124081661173,0.0,0.0,0.0,0.0,0.0,0.0,1.0,,1
approach,low_light,image,1.0,20,1,0,0,1,0.0,0.0,0.0,,,,,0.0001929300249338595,DEGRADED,Geometric inconsistency (calibration or depth scale error),Geometric inconsistency (calibration or depth scale error) | Low detector confidence | Distribution shift (input unlike calibration set),40.99963599992407,5.795940999973936,0,0.0,0.06682214624462697,0.05859204429633258,1.0,1.0,0.316478690107872,0.0,0.0,0.0,0.0,0.0,0.0,1.0,,1
approach,low_light,image,1.0,21,1,0,0,1,0.0,0.0,0.0,,,,,0.0001945113329448002,DEGRADED,Geometric inconsistency (calibration or depth scale error),Geometric inconsistency (calibration or depth scale error) | Low detector confidence | Distribution shift (input unlike calibration set),41.47277699985352,6.0744469999463035,0,0.0,0.06931508485387324,0.06046672938018849,1.0,1.0,0.33158009110400166,0.0,0.0,0.0,0.0,0.0,0.0,1.0,,1
approach,low_light,image,1.0,22,1,0,0,1,0.0,0.0,0.0,,,,,0.00020183255648191116,DEGRADED,Geometric inconsistency (calibration or depth scale error),Geometric inconsistency (calibration or depth scale error) | Low detector confidence | Distribution shift (input unlike calibration set),40.93875199987451,5.994665999992321,0,0.0,0.09398886936787956,0.06428754980958684,1.0,1.0,0.3621394581555352,0.0,0.0,0.0,0.0,0.0,0.0,1.0,,1
approach,low_light,image,1.0,23,1,0,0,1,0.0,0.0,0.0,,,,,0.00020560075312306699,DEGRADED,Geometric inconsistency (calibration or depth scale error),Geometric inconsistency (calibration or depth scale error) | Low detector confidence | Distribution shift (input unlike calibration set),41.27422499993827,5.931016000090494,0,0.0,0.09448317937772875,0.0725333344652187,1.0,1.0,0.4290209487549543,0.0,0.0,0.0,0.0,0.0,0.0,1.0,,1
approach,noise,image,0.25,0,1,1,0,0,1.0,1.0,1.0,0.9583333333333334,-2.1398468017578125,2.1398468017578125,2.141515557887545,0.07539460873159137,DEGRADED,Distribution shift (input unlike calibration set),Distribution shift (input unlike calibration set) | Unstable tracking / temporal disagreement | Geometric inconsistency (calibration or depth scale error),50.49342699999215,8.225087999903735,1,0.8459046998800896,1.0,0.8965458573615788,1.0,0.960581290657408,1.0,0.0,0.0,1.0,0.9517241379310345,0.9903422328699842,0.6759524276634823,1.0,-0.0004867056141719672,0
approach,noise,image,0.25,1,1,1,0,0,1.0,1.0,1.0,0.9580389049690368,-2.144187595533289,2.144187595533289,2.1460380363578655,0.27096596236719545,DEGRADED,Distribution shift (input unlike calibration set),Distribution shift (input unlike calibration set) | Low detector confidence,49.6927140002299,8.380969000086225,1,0.8476081732460085,1.0,0.8968277675524908,1.0,0.960581290657408,1.0,0.0,0.8969359331476323,0.9394130628134758,0.9408602150537635,0.9903441577618255,0.9508749532609151,1.0,-0.0048274993896484375,0
approach,noise,image,0.25,2,1,1,0,0,1.0,1.0,1.0,0.9563511584775078,-2.1388733905294686,2.1388733905294686,2.141287130483853,0.27362931866688933,DEGRADED,Distribution shift (input unlike calibration set),Distribution shift (input unlike calibration set) | Low detector confidence,50.48043600015717,8.259310000084952,1,0.8576711481079715,1.0,0.8969788035016995,1.0,0.960581290657408,1.0,0.0,0.9040898947401679,0.9449023134770905,0.9975186104218362,0.9889931043189677,0.9818984643578824,1.0,0.0004867056141719672,0
approach,noise,image,0.25,3,1,1,0,0,1.0,1.0,1.0,0.9615906715503899,-2.1428250851838513,2.1428250851838513,2.1446386451615127,0.270857358663699,DEGRADED,Distribution shift (input unlike calibration set),Distribution shift (input unlike calibration set) | Low detector confidence | Geometric inconsistency (calibration or depth scale error),50.31342300014785,8.394193000071937,1,0.8589560888619402,1.0,0.8969830480717007,1.0,0.960581290657408,1.0,0.0,0.9112269701958672,0.9409018445728797,0.9975961538461539,0.9889947885049817,0.8892850790446568,1.0,-0.003464989040210753,0
approach,noise,image,0.25,4,1,1,0,0,1.0,1.0,1.0,0.9277210103696736,-2.1463857733685074,2.1463857733685074,2.148643963274205,0.27279973823384807,DEGRADED,Distribution shift (input unlike calibration set),Distribution shift (input unlike calibration set) | Low detector confidence,50.012218000006214,8.219433000022036,1,0.848715280643738,1.0,0.8976911838335646,1.0,0.960581290657408,1.0,0.0,0.8850524707344415,0.944435056664945,0.9988425925925926,0.9889961535503358,0.9794278718076069,1.0,-0.007025677224866911,0
approach,noise,image,0.25,5,1,1,0,0,1.0,1.0,1.0,0.9357627847571529,-2.143483410710875,2.143483410710875,2.1462113121421735,0.26794594618678086,DEGRADED,Distribution shift (input unlike calibration set),Distribution shift (input unlike calibration set) | Geometric inconsistency (calibration or depth scale error) | Low detector confidence,50.147157999958836,8.688253000059376,1,0.8528619402052439,1.0,0.897879006056117,1.0,0.960581290657408,1.0,0.0,0.8803953360995174,0.9397149227971962,1.0,0.9882980996976558,0.8328066761603911,1.0,-0.00412331456723436,0
approach,noise,image,0.25,6,1,1,0,0,1.0,1.0,1.0,0.9189752337786784,-2.144632256549336,2.144632256549336,2.1470288608983448,0.26692319832422445,DEGRADED,Distribution shift (input unlike calibration set),Distribution shift (input unlike calibration set) | Geometric inconsistency (calibration or depth scale error) | Low detector confidence,50.09842399988429,8.260658999915904,1,0.8558331171283868,1.0,0.8985928012446495,1.0,0.960581290657408,1.0,0.0,0.8748338898523292,0.941734836231768,1.0,0.9876312135732933,0.8051067470211253,1.0,-0.0052721604056955584,0
approach,noise,image,0.25,7,1,1,0,0,1.0,1.0,1.0,0.9012502735551259,-2.1437545444654376,2.1437545444654376,2.1466028294202992,0.26716659791310027,DEGRADED,Distribution shift (input unlike calibration set),Distribution shift (input unlike calibration set) | Geometric inconsistency (calibration or depth scale error) | Low detector confidence,52.178722000121525,9.447310000041398,1,0.8557572527183589,1.0,0.8989864851122591,1.0,0.960581290657408,1.0,0.0,0.8662061699661904,0.9477982681259558,1.0,0.9875998922109123,0.81581135996122,1.0,-0.004394448321797029,0
approach,noise,image,0.25,8,1,1,0,0,1.0,1.0,1.0,0.9070595634337346,-2.1480724500573203,2.1480724500573203,2.1507041746936433,0.2675645404254301,DEGRADED,Distribution shift (input unlike calibration set),Distribution shift (input unlike calibration set) | Geometric inconsistency (calibration or depth scale error) | Low detector confidence,51.46340200008126,8.638893000011194,1,0.8552341066292971,1.0,0.8999114476583503,1.0,0.960581290657408,1.0,0.0,0.8610454746963235,0.9496970078084853,1.0,0.9869345666330657,0.8305424112564495,1.0,-0.008712353913679749,0
approach,noise,image,0.25,9,1,1,0,0,1.0,1.0,1.0,0.8901022788040633,-2.145268315854281,2.145268315854281,2.1475885838803928,0.26738413704516556,DEGRADED,Distribution shift (input unlike calibration set),Distribution shift (input unlike calibration set) | Geometric inconsistency (calibration or depth scale error) | Low detector confidence,51.06846899991524,8.919346999959998,1,0.8513323943165612,1.0,0.9002258995526046,1.0,0.960581290657408,1.0,0.0,0.8536115223407393,0.9507996061130731,1.0,0.9862317948410332,0.8343012911974591,1.0,-0.005908219710640594,0
approach,noise,image,0.25,10,1,1,0,0,1.0,1.0,1.0,0.907692547775437,-2.1472707002059295,2.1472707002059295,2.1502207773517323,0.26851295720720764,DEGRADED,Distribution shift (input unlike calibration set),Distribution shift (input unlike calibration set) | Unstable tracking / temporal disagreement | Geometric inconsistency (calibration or depth scale error),50.869736999857196,8.713881999938167,1,0.852970695138921,1.0,0.9019315092647467,1.0,0.960581290657408,1.0,0.0,0.8465069699775969,0.9488007339817193,1.0,0.9849109773699238,0.8724092913043947,1.0,-0.00791060406228894,0
approach,noise,image,0.25,11,1,1,0,0,1.0,1.0,1.0,0.8967315234091996,-2.1474429835443907,2.1474429835443907,2.1504418639086276,0.26594148606628387,DEGRADED,Distribution shift (input unlike calibration set),Distribution shift (input unlike calibration set) | Geometric inconsistency (calibration or depth scale error) | Unstable tracking / temporal disagreement,50.28076100006729,8.241251000072225,1,0.8540952377492329,1.0,0.9022102360281579,1.0,0.960581290657408,1.0,0.0,0.8428406599944333,0.9477524331904854,1.0,0.9842075768288774,0.8014249303238051,1.0,-0.008082887400750138,0
approach,noise,image,0.25,12,1,1,0,0,1.0,1.0,1.0,0.8961118340597358,-2.146078897559125,2.146078897559125,2.14998419688146,0.2645440750058061,DEGRADED,Distribution shift (input unlike calibration set),Distribution shift (input unlike calibration set) | Geometric inconsistency (calibration or depth scale error) | Unstable tracking / temporal disagreement,50.56169200008753,8.520199000031425,1,0.8513977091201197,1.0,0.9029873460525409,1.0,0.960581290657408,1.0,0.0,0.8391616352187822,0.9473861252674326,1.0,0.9835292527643485,0.7685132984980705,1.0,-0.006718801415484421,0
approach,noise,image,0.25,13,1,1,0,0,1.0,1.0,1.0,0.8769050780302092,-2.1447148115738592,2.1447148115738592,2.149813029998761,0.26316084992715105,DEGRADED,Distribution shift (input unlike calibration set),Distribution shift (input unlike calibration set) | Geometric inconsistency (calibration or depth scale error) | Unstable tracking / temporal disagreement,50.203435000071295,8.574802999987696,1,0.8614178887013768,1.0,0.9047537946013667,1.0,0.960581290657408,1.0,0.0,0.8286038804761322,0.9465550807099605,1.0,0.9828460120568426,0.7327481643040948,1.0,-0.005354715430218704,0
approach,noise,image,0.25,14,1,1,0,0,1.0,1.0,1.0,0.8745912492763239,-2.14335072558859,2.14335072558859,2.1499691342430696,0.2629853092579885,DEGRADED,Distribution shift (input unlike calibration set),Distribution shift (input unlike calibration set) | Geometric inconsistency (calibration or depth scale error) | Unstable tracking / temporal disagreement,49.64352099989355,8.768296999960512,1,0.8515446309640793,1.0,0.9071512692237018,1.0,0.960581290657408,1.0,0.0,0.8117465142309507,0.9442679322379023,1.0,0.980810422792263,0.7486322788958375,1.0,-0.003990629444949434,0
approach,noise,image,0.25,15,1,1,0,0,1.0,1.0,1.0,0.8560362251351359,-2.1440856767737344,2.1440856767737344,2.1496600299524533,0.2602531921662957,DEGRADED,Distribution shift (input unlike calibration set),Distribution shift (input unlike calibration set) | Geometric inconsistency (calibration or depth scale error) | Unstable tracking / temporal disagreement,50.64446999983829,8.844565000003968,1,0.8566684727919879,1.0,0.9097482386360923,1.0,0.960581290657408,1.0,0.0,0.7956863856845539,0.9356357372631232,1.0,0.9794569674248728,0.6907503787745982,1.0,-0.004725580630093873,0
approach,noise,image,0.25,16,1,1,0,0,1.0,1.0,1.0,0.8392369239674254,-2.145382342131242,2.145382342131242,2.150427455536855,0.25902879972605636,DEGRADED,Distribution shift (input unlike calibration set),Distribution shift (input unlike calibration set) | Geometric inconsistency (calibration or depth scale error) | Unstable tracking / temporal disagreement,50.85925600008068,8.540648999996847,1,0.8575991906719491,1.0,0.9134820453804665,1.0,0.960581290657408,1.0,0.0,0.7870647194184563,0.9303313329629296,1.0,0.9780550725906103,0.6676687102938879,1.0,-0.006022245987601593,0
approach,noise,image,0.25,17,1,1,0,0,1.0,1.0,1.0,0.8348839355437048,-2.144386374432109,2.144386374432109,2.149409864488708,0.2577221828542239,DEGRADED,Distribution shift (input unlike calibration set),Distribution shift (input unlike calibration set) | Geometric inconsistency (calibration or depth scale error) | Unstable tracking / temporal disagreement,50.94956000004913,8.898677000047428,1,0.855243721658941,1.0,0.917591850284112,1.0,0.960581290657408,1.0,0.0,0.7713575357572856,0.9297161987062698,1.0,0.9754056147051826,0.6491559042169407,1.0,-0.0050262782884686885,0
approach,noise,image,0.25,18,1,1,0,0,1.0,1.0,1.0,0.8130228297328242,-2.1439525977424942,2.1439525977424942,2.1493752998274966,0.2565341338614496,DEGRADED,Distribution shift (input unlike calibration set),Distribution shift (input unlike calibration set) | Geometric inconsistency (calibration or depth scale error) | Unstable tracking / temporal disagreement,47.92810000014924,8.497602000034021,1,0.8537829719569999,1.0,0.9245094382435404,1.0,0.960581290657408,1.0,0.0,0.7542172025039826,0.9276761193117139,1.0,0.9727142911414943,0.6335905030891318,1.0,-0.0045925015988537154,0
approach,noise,image,0.25,19,1,1,0,0,1.0,1.0,1.0,0.7987616527614527,-2.1444472229999043,2.1444472229999043,2.149749154695804,0.2547178673087855,DEGRADED,Distribution shift (input unlike calibration set),Distribution shift (input unlike calibration set) | Geometric inconsistency (calibration or depth scale error) | Unstable tracking / temporal disagreement,49.85251400000834,8.787262000055307,1,0.8566011703728433,1.0,0.9342631063920925,1.0,0.960581290657408,1.0,0.0,0.7377520014228024,0.9167558004367496,1.0,0.9693605502383374,0.6037415948386536,1.0,-0.0050871268562637795,0
approach,noise,image,0.25,20,1,1,0,0,1.0,1.0,1.0,0.7697473907422263,-2.1452866015226952,2.1452866015226952,2.1500440042852405,0.25341930702715054,DEGRADED,Distribution shift (input unlike calibration set),Distribution shift (input unlike calibration set) | Geometric inconsistency (calibration or depth scale error) | Unstable tracking / temporal disagreement,50.4815540001573,8.480353999971157,1,0.8525439505015298,1.0,0.9503479044115761,1.0,0.960581290657408,1.0,0.0,0.715560329141955,0.8990883203975388,1.0,0.9646991739592709,0.5942298103036643,1.0,-0.005926505379054703,0
approach,noise,image,0.25,21,1,1,0,0,1.0,1.0,1.0,0.7431866078210558,-2.1449582058450467,2.1449582058450467,2.149964429323853,0.24965629317974924,DEGRADED,Distribution shift (input unlike calibration set),Distribution shift (input unlike calibration set) | Geometric inconsistency (calibration or depth scale error) | Unstable tracking / temporal disagreement,49.5257429998901,8.72312299998157,1,0.8549767604582609,1.0,0.9747223476433706,1.0,0.960581290657408,1.0,0.0,0.6935108107219405,0.8844436661987302,1.0,0.9587280596189461,0.5281103939261129,1.0,-0.005598109701406173,0
approach,noise,image,0.25,22,1,1,0,0,1.0,1.0,1.0,0.6927454823426004,-2.1449299791584835,2.1449299791584835,2.150236390152517,0.24485366639329073,DEGRADED,Distribution shift (input unlike calibration set),Distribution shift (input unlike calibration set) | Geometric inconsistency (calibration or depth scale error) | Unstable tracking / temporal disagreement,47.59964400000172,8.277720000023692,1,0.8546075079581088,1.0,0.974810776185062,1.0,0.960581290657408,1.0,0.0,0.666018330135835,0.8594057628606702,1.0,0.9488839392247721,0.46707760212324817,1.0,-0.005569883014842958,0
approach,noise,image,0.25,23,1,1,0,0,1.0,1.0,1.0,0.6389798921137436,-2.1451120376586914,2.1451120376586914,2.1500492169455754,0.23565035897217868,DEGRADED,Distribution shift (input unlike calibration set),Distribution shift (input unlike calibration set) | Geometric inconsistency (calibration or depth scale error) | Unstable tracking / temporal disagreement,49.486767999837866,8.622393999985434,1,0.8536313872572415,1.0,0.8643002127767572,1.0,0.960581290657408,1.0,0.0,0.629912738556819,0.7922064806730922,1.0,0.9340058646236243,0.3931400031078483,1.0,-0.0057519415150508735,0
approach,noise,image,0.5,0,1,1,0,0,1.0,1.0,1.0,1.0,-2.1398468017578125,2.1398468017578125,2.1412138842079527,0.07565238688116105,DEGRADED,Distribution shift (input unlike calibration set),Distribution shift (input unlike calibration set) | Unstable tracking / temporal disagreement | Low detector confidence,50.3118850001556,8.378246999996009,1,0.7892710473612798,1.0,0.8991081627856264,1.0,0.7502741044154554,1.0,0.0,0.0,1.0,0.9913793103448276,0.9903422328699842,0.8462155020583905,1.0,-0.0004867056141719672,0
approach,noise,image,0.5,1,1,1,0,0,1.0,1.0,1.0,0.9078016034050184,-2.144187595533289,2.144187595533289,2.1449114067931827,0.2575692015966879,DEGRADED,Distribution shift (input unlike calibration set),Distribution shift (input unlike calibration set) | Geometric inconsistency (calibration or depth scale error) | Low detector confidence,50.99786099981429,8.705777999921338,1,0.7683891282557798,1.0,0.8989305982739102,1.0,0.7502741044154554,1.0,0.0,0.8882758620689655,0.9394130628134758,0.8948717948717949,0.9903441577618255,0.7955420263312406,1.0,-0.0048274993896484375,0
approach,noise,image,0.5,2,1,1,0,0,1.0,1.0,1.0,0.9533811032105255,-2.1388733905294686,2.1388733905294686,2.1409689649329118,0.2566327526548003,DEGRADED,Distribution shift (input unlike calibration set),Distribution shift (input unlike calibration set) | Geometric inconsistency (calibration or depth scale error) | Low detector confidence,49.57085399996686,8.549992999974165,1,0.7816869114284839,1.0,0.8992245347464921,1.0,0.7502741044154554,1.0,0.0,0.8659905187430421,0.9158307255555842,0.9975186104218362,0.9889931043189677,0.7303481231910258,1.0,0.0004867056141719672,0
approach,noise,image,0.5,3,1,1,0,0,1.0,1.0,1.0,0.9422918669552611,-2.1428250851838513,2.1428250851838513,2.144786944674101,0.26160334806225666,DEGRADED,Distribution shift (input unlike calibration set),Distribution shift (input unlike calibration set) | Low detector confidence | Sensor noise,48.92066100001102,8.327953000048183,1,0.7773708483578485,1.0,0.8991636959098085,1.0,0.7502741044154554,1.0,0.0,0.8808440953126988,0.9161500860205758,0.9629629629629629,0.9889947885049817,0.8828751585829719,1.0,-0.003464989040210753,0
approach,noise,image,0.5,4,1,1,0,0,1.0,1.0,1.0,0.9336049532301165,-2.1463857733685074,2.1463857733685074,2.1485586252347018,0.26612160671253215,DEGRADED,Distribution shift (input unlike calibration set),Distribution shift (input unlike calibration set) | Low detector confidence | Sensor noise,48.75718899995718,8.32925300005627,1,0.7916828324696586,1.0,0.900575015435202,1.0,0.7502741044154554,1.0,0.0,0.8788492923514211,0.9190324566195391,0.9977678571428571,0.9889961535503358,0.992822990523496,1.0,-0.007025677224866911,0
approach,noise,image,0.5,5,1,1,0,0,1.0,1.0,1.0,0.9206912889678774,-2.143483410710875,2.143483410710875,2.1463877998148675,0.26369569014149974,DEGRADED,Distribution shift (input unlike calibration set),Distribution shift (input unlike calibration set) | Low detector confidence | Sensor noise,50.185266000084994,8.692178999922362,1,0.7840326052579683,1.0,0.9003528829384734,1.0,0.7502741044154554,1.0,0.0,0.8728431100705315,0.9260306685616818,1.0,0.9882980996976558,0.9212823007514664,1.0,-0.00412331456723436,0
approach,noise,image,0.5,6,1,1,0,0,1.0,1.0,1.0,0.9395502829380851,-2.144632256549336,2.144632256549336,2.1463583629444276,0.26311931446130365,DEGRADED,Distribution shift (input unlike calibration set),Distribution shift (input unlike calibration set) | Low detector confidence | Sensor noise,48.88214599998264,8.285937999971793,1,0.781700962539302,1.0,0.9006701645460617,1.0,0.7502741044154554,1.0,0.0,0.8627636324328999,0.9203611573681659,0.9961685823754789,0.9876312135732933,0.9193937691413538,1.0,-0.0052721604056955584,0
approach,noise,image,0.5,7,1,1,0,0,1.0,1.0,1.0,0.9618295719914686,-2.1437545444654376,2.1437545444654376,2.1454471718299493,0.2646483900040979,DEGRADED,Distribution shift (input unlike calibration set),Distribution shift (input unlike calibration set) | Low detector confidence | Sensor noise,50.138757999889094,8.638963999942462,1,0.7812986421803245,1.0,0.9019506098297521,1.0,0.7502741044154554,1.0,0.0,0.8504168898767995,0.9212328669956711,0.9950657894736842,0.9875998922109123,0.9810376011674216,1.0,-0.004394448321797029,0
approach,noise,image,0.5,8,1,1,0,0,1.0,1.0,1.0,0.9534542554327318,-2.1463405774987265,2.1463405774987265,2.1479337371672456,0.2652739637285017,DEGRADED,Distribution shift (input unlike calibration set),Distribution shift (input unlike calibration set) | Low detector confidence | Sensor noise,48.522455999886915,8.313913999927536,1,0.784555990032821,1.0,0.902054601794781,1.0,0.7502741044154554,1.0,0.0,0.84825404663907,0.9242332110695425,0.9976689976689976,0.9862696767678089,0.9986081275073231,1.0,-0.006980481355085999,0
approach,noise,image,0.5,9,1,1,0,0,1.0,1.0,1.0,0.9300169359029054,-2.145268315854281,2.145268315854281,2.147304056757549,0.2647011803378648,DEGRADED,Distribution shift (input unlike calibration set),Distribution shift (input unlike calibration set) | Low detector confidence | Sensor noise,49.710596999943846,8.61150399998678,1,0.7881903038810368,1.0,0.9023506605523635,1.0,0.7502741044154554,1.0,0.0,0.8450936286042606,0.9196350840618355,0.9993031358885017,0.9862317948410332,0.979475296656468,1.0,-0.005908219710640594,0
approach,noise,image,0.5,10,1,1,0,0,1.0,1.0,1.0,0.950556554712522,-2.145734330882199,2.145734330882199,2.149492135552737,0.26467634461792366,DEGRADED,Distribution shift (input unlike calibration set),Distribution shift (input unlike calibration set) | Low detector confidence | Sensor noise,51.11461000001327,8.839942000008705,1,0.7829021860867847,1.0,0.9036820406760679,1.0,0.7502741044154554,1.0,0.0,0.8384831202040779,0.9164685807791719,1.0,0.9848887542821854,0.9917750244938486,1.0,-0.006374234738558471,0
approach,noise,image,0.5,11,1,1,0,0,1.0,1.0,1.0,0.9510409741851595,-2.1460038890009336,2.1460038890009336,2.1502274857949324,0.2639340199203558,DEGRADED,Distribution shift (input unlike calibration set),Distribution shift (input unlike calibration set) | Low detector confidence | Sensor noise,50.75302200009446,8.869655000012244,1,0.7793745563952139,1.0,0.9039561691553111,1.0,0.7502741044154554,1.0,0.0,0.8337423261589172,0.9205726873033527,1.0,0.9835529266910403,0.9733150383278955,1.0,-0.006643792857293107,0
approach,noise,image,0.5,12,1,1,0,0,1.0,1.0,1.0,0.9526610927240249,-2.1447370777959414,2.1447370777959414,2.1490087221469887,0.2614643450114044,DEGRADED,Distribution shift (input unlike calibration set),Distribution shift (input unlike calibration set) | Low detector confidence | Sensor noise,48.66288199991686,8.387966999976015,1,0.7786234744491289,1.0,0.9054537949373952,1.0,0.7502741044154554,1.0,0.0,0.8305070770486759,0.9225766621094328,1.0,0.9834979775751266,0.8946385466253303,1.0,-0.005376981652300827,0
approach,noise,image,0.5,13,1,1,0,0,1.0,1.0,1.0,0.9225011450770552,-2.1459593565567694,2.1459593565567694,2.1521861999983303,0.2594345022975258,DEGRADED,Distribution shift (input unlike calibration set),Distribution shift (input unlike calibration set) | Low detector confidence | Geometric inconsistency (calibration or depth scale error),49.18379400021422,8.620661000009022,1,0.7891150295619791,1.0,0.9077709764438744,1.0,0.7502741044154554,1.0,0.0,0.8220019106069469,0.9199549560579867,1.0,0.9821994941048852,0.8313093738593127,1.0,-0.00659926041312886,0
approach,noise,image,0.5,14,1,1,0,0,1.0,1.0,1.0,0.9133217512629377,-2.14335072558859,2.14335072558859,2.1493268893227686,0.2591517396252112,DEGRADED,Distribution shift (input unlike calibration set),Distribution shift (input unlike calibration set) | Low detector confidence | Sensor noise,49.37026900006458,8.621131000040805,1,0.7847565010499881,1.0,0.9093152924959715,1.0,0.7502741044154554,1.0,0.0,0.8116104997744956,0.9197525264144046,1.0,0.980810422792263,0.8355943943295051,1.0,-0.003990629444949434,0
approach,noise,image,0.5,15,1,1,0,0,1.0,1.0,1.0,0.8968504139706802,-2.1451347185217813,2.1451347185217813,2.150511552892196,0.2560687747948017,DEGRADED,Distribution shift (input unlike calibration set),Distribution shift (input unlike calibration set) | Geometric inconsistency (calibration or depth scale error) | Low detector confidence,49.931672999946386,8.341071000018019,1,0.785441801590835,1.0,0.9118072088008329,1.0,0.7502741044154554,1.0,0.0,0.7964228774308344,0.9156826562313772,1.0,0.9794130341248547,0.7611247915869225,1.0,-0.005774622378140748,0
approach,noise,image,0.5,16,1,1,0,0,1.0,1.0,1.0,0.8861879972674624,-2.145382342131242,2.145382342131242,2.1503552769751226,0.2556256182495877,DEGRADED,Distribution shift (input unlike calibration set),Distribution shift (input unlike calibration set) | Geometric inconsistency (calibration or depth scale error) | Unstable tracking / temporal disagreement,48.52469000002202,8.095438000054855,1,0.788436177803413,1.0,0.916452536952961,1.0,0.7502741044154554,1.0,0.0,0.7814049288121131,0.9129337049420911,1.0,0.9768059508309757,0.7586231544900727,1.0,-0.006022245987601593,0
approach,noise,image,0.5,17,1,1,0,0,1.0,1.0,1.0,0.8750471202841066,-2.145240866619609,2.145240866619609,2.150218415572686,0.2535345535777532,DEGRADED,Distribution shift (input unlike calibration set),Distribution shift (input unlike calibration set) | Geometric inconsistency (calibration or depth scale error) | Unstable tracking / temporal disagreement,50.04754299989145,8.572002999926553,1,0.7868474959718862,1.0,0.9205018567340898,1.0,0.7502741044154554,1.0,0.0,0.7675723713935628,0.9114659038643735,1.0,0.9753421313143538,0.7145419494963198,1.0,-0.0058807704759686885,0
approach,noise,image,0.5,18,1,1,0,0,1.0,1.0,1.0,0.8319376121173816,-2.1454656020454728,2.1454656020454728,2.1503330801649936,0.2511414216618946,DEGRADED,Distribution shift (input unlike calibration set),Distribution shift (input unlike calibration set) | Geometric inconsistency (calibration or depth scale error) | Unstable tracking / temporal disagreement,49.98554899998453,8.387631000005058,1,0.7563283897568903,1.0,0.927302011590152,1.0,0.7502741044154554,1.0,0.0,0.7557897954318542,0.9111455041443963,1.0,0.9727181580507629,0.6837741555526048,1.0,-0.006105505901832231,0
approach,noise,image,0.5,19,1,1,0,0,1.0,1.0,1.0,0.8210455703512709,-2.1451066887896992,2.1451066887896992,2.150230457945082,0.2500620568973321,DEGRADED,Distribution shift (input unlike calibration set),Distribution shift (input unlike calibration set) | Geometric inconsistency (calibration or depth scale error) | Unstable tracking / temporal disagreement,49.906952999890564,8.764024000015525,1,0.7884995742505513,1.0,0.9366142444585811,1.0,0.7502741044154554,1.0,0.0,0.742071661923442,0.9088745897271694,1.0,0.9687921376971151,0.6428937526630472,1.0,-0.005746592646058701,0
approach,noise,image,0.5,20,1,1,0,0,1.0,1.0,1.0,0.786533846238561,-2.1452866015226952,2.1452866015226952,2.1500099276256184,0.24767843747304147,DEGRADED,Distribution shift (input unlike calibration set),Distribution shift (input unlike calibration set) | Geometric inconsistency (calibration or depth scale error) | Unstable tracking / temporal disagreement,50.272039999981644,8.289138000009189,1,0.7778417760454396,1.0,0.9523881277254782,1.0,0.7502741044154554,1.0,0.0,0.7196983914842244,0.8943800948537928,1.0,0.9640277652064206,0.6110784260857131,1.0,-0.005926505379054703,0
approach,noise,image,0.5,21,1,1,0,0,1.0,1.0,1.0,0.7596373226344458,-2.1449582058450467,2.1449582058450467,2.149959653388702,0.2436450329337865,DEGRADED,Distribution shift (input unlike calibration set),Distribution shift (input unlike calibration set) | Geometric inconsistency (calibration or depth scale error) | Unstable tracking / temporal disagreement,50.2039440000317,8.438397000077202,1,0.7624796196554217,1.0,0.9769868257390016,1.0,0.7502741044154554,1.0,0.0,0.6954842552276981,0.8867191388459469,1.0,0.9580713665711329,0.5452771624717093,1.0,-0.005598109701406173,0
approach,noise,image,0.5,22,1,1,0,0,1.0,1.0,1.0,0.7013928973539576,-2.1449299791584835,2.1449299791584835,2.1499685162879127,0.23801993525918522,DEGRADED,Distribution shift (input unlike calibration set),Distribution shift (input unlike calibration set) | Geometric inconsistency (calibration or depth scale error) | Unstable tracking / temporal disagreement,49.42214599998351,8.536151000043901,1,0.7491037500679432,1.0,0.9720263382642855,1.0,0.7502741044154554,1.0,0.0,0.6689141818093333,0.8605830283216132,1.0,0.9482222613079774,0.4732530532412444,1.0,-0.005569883014842958,0
approach,noise,image,0.5,23,1,1,0,0,1.0,1.0,1.0,0.6437071839885475,-2.144843101501465,2.144843101501465,2.149915680007139,0.22865953971705139,DEGRADED,Distribution shift (input unlike calibration set),Distribution shift (input unlike calibration set) | Geometric inconsistency (calibration or depth scale error) | Unstable tracking / temporal disagreement,50.607888000058665,8.848964999970121,1,0.7338510106584586,1.0,0.8624272962637349,1.0,0.7502741044154554,1.0,0.0,0.6347232324131739,0.7995675094303357,1.0,0.9338067988513723,0.39522827934824584,1.0,-0.005483005357824311,0
approach,noise,image,0.75,0,1,1,0,0,1.0,1.0,1.0,0.9252873563218391,-2.1398468017578125,2.1398468017578125,2.140532938116527,0.07217321967560003,DEGRADED,Distribution shift (input unlike calibration set),Distribution shift (input unlike calibration set) | Unstable tracking / temporal disagreement | Geometric inconsistency (calibration or depth scale error),49.84574300010536,8.29604599994127,1,0.709730798556578,1.0,0.9178967518958637,1.0,0.6630753357517533,1.0,0.0,0.0,1.0,0.92,0.9903422328699842,0.6759524276634823,1.0,-0.0004867056141719672,0
approach,noise,image,0.75,1,1,1,0,0,1.0,1.0,1.0,0.8876226645870325,-2.144187595533289,2.144187595533289,2.1459897403775874,0.2529270602121128,DEGRADED,Distribution shift (input unlike calibration set),Distribution shift (input unlike calibration set) | Geometric inconsistency (calibration or depth scale error) | Low detector confidence,49.294932999828234,8.434577000002719,1,0.717317428990575,1.0,0.9167556699938789,1.0,0.6630753357517533,1.0,0.0,0.9281767955801105,0.9154053121862227,0.9230769230769231,0.9903441577618255,0.7310909623853914,1.0,-0.0048274993896484375,0
approach,noise,image,0.75,2,1,1,0,0,1.0,1.0,1.0,0.943191716909995,-2.1388733905294686,2.1388733905294686,2.141436049638433,0.252290163885512,DEGRADED,Distribution shift (input unlike calibration set),Distribution shift (input unlike calibration set) | Geometric inconsistency (calibration or depth scale error) | Low detector confidence,49.264012999969964,8.13753700003872,1,0.7109200727082675,1.0,0.9166721934505224,1.0,0.6630753357517533,1.0,0.0,0.8953680075825834,0.9229790375797505,0.9975186104218362,0.9889931043189677,0.7020654137439502,1.0,0.0004867056141719672,0
approach,noise,image,0.75,3,1,1,0,0,1.0,1.0,1.0,0.9204020376900515,-2.1428250851838513,2.1428250851838513,2.144753726186861,0.25452248046431947,DEGRADED,Distribution shift (input unlike calibration set),Distribution shift (input unlike calibration set) | Low detector confidence | Sensor noise,49.71970999997666,8.634637999989536,1,0.7246525848286572,1.0,0.9176289902716225,1.0,0.6630753357517533,1.0,0.0,0.8975157926801627,0.9176682470719694,0.9285714285714286,0.9889947885049817,0.7858578492266388,1.0,-0.003464989040210753,0
approach,noise,image,0.75,4,1,1,0,0,1.0,1.0,1.0,0.9397648009946422,-2.1421419226604996,2.1421419226604996,2.143547713580008,0.25732870598040114,DEGRADED,Distribution shift (input unlike calibration set),Distribution shift (input unlike calibration set) | Sensor noise | Low detector confidence,49.23075199997129,8.142969000004996,1,0.7325795751352407,1.0,0.9177432399474875,1.0,0.6630753357517533,1.0,0.0,0.8817750703805929,0.918715460873678,0.9592476489028213,0.9889699899639667,0.8546255056389328,1.0,-0.0027818265168590983,0
approach,noise,image,0.75,5,1,1,0,0,1.0,1.0,1.0,0.9449584104876115,-2.143483410710875,2.143483410710875,2.1459094195656507,0.25931362483174514,DEGRADED,Distribution shift (input unlike calibration set),Distribution shift (input unlike calibration set) | Low detector confidence | Sensor noise,48.33074900000156,8.394510000016453,1,0.719676149191166,1.0,0.9181500112392676,1.0,0.6630753357517533,1.0,0.0,0.8802044500854646,0.9137778183611404,1.0,0.9882980996976558,0.9091489976540799,1.0,-0.00412331456723436,0
approach,noise,image,0.75,6,1,1,0,0,1.0,1.0,1.0,0.9722894571383132,-2.144632256549336,2.144632256549336,2.1480531267081084,0.2619995168619154,DEGRADED,Distribution shift (input unlike calibration set),Distribution shift (input unlike calibration set) | Sensor noise | Low detector confidence,49.148982000019714,8.153344999982437,1,0.7361135463804356,1.0,0.9179526387342126,1.0,0.6630753357517533,1.0,0.0,0.8651063385932303,0.9218557188362579,0.9981481481481481,0.9876312135732933,0.9922683174623218,1.0,-0.0052721604056955584,0
approach,noise,image,0.75,7,1,1,0,0,1.0,1.0,1.0,0.9373122509556758,-2.1437545444654376,2.1437545444654376,2.147067746287778,0.26130533538039297,DEGRADED,Distribution shift (input unlike calibration set),Distribution shift (input unlike calibration set) | Low detector confidence | Sensor noise,49.87848600012512,8.77144900005078,1,0.7284260417827414,1.0,0.9200211591814559,1.0,0.6630753357517533,1.0,0.0,0.8611389596896835,0.9222695288407511,0.999128160418483,0.9875998922109123,0.9783766483699267,1.0,-0.004394448321797029,0
approach,noise,image,0.75,8,1,1,0,0,1.0,1.0,1.0,0.9378719415879402,-2.1480724500573203,2.1480724500573203,2.1509543364654293,0.2609232274501341,DEGRADED,Distribution shift (input unlike calibration set),Distribution shift (input unlike calibration set) | Low detector confidence | Sensor noise,50.87933599986627,8.451018999949156,1,0.7180328865103303,1.0,0.9199539534897705,1.0,0.6630753357517533,1.0,0.0,0.8582377718180243,0.9247363958885075,1.0,0.9869345666330657,0.9783321114692333,1.0,-0.008712353913679749,0
approach,noise,image,0.75,9,1,1,0,0,1.0,1.0,1.0,0.9440657262747865,-2.145268315854281,2.145268315854281,2.1485141748733696,0.26046263017606347,DEGRADED,Distribution shift (input unlike calibration set),Distribution shift (input unlike calibration set) | Low detector confidence | Sensor noise,50.88983500002087,8.753105999971922,1,0.7282195210763545,1.0,0.9221045356237033,1.0,0.6630753357517533,1.0,0.0,0.8475310089268854,0.9247991463104651,0.9986772486772487,0.9862317948410332,0.9611612861230681,1.0,-0.005908219710640594,0
approach,noise,image,0.75,10,1,1,0,0,1.0,1.0,1.0,0.9449827980045719,-2.145734330882199,2.145734330882199,2.149947741334839,0.2605718041228333,DEGRADED,Distribution shift (input unlike calibration set),Distribution shift (input unlike calibration set) | Low detector confidence | Sensor noise,50.809369000035076,8.52024400001028,1,0.7246251759788926,1.0,0.9210143885617327,1.0,0.6630753357517533,1.0,0.0,0.8439344353806257,0.9266820320863697,1.0,0.9848887542821854,0.9720901906523698,1.0,-0.006374234738558471,0
approach,noise,image,0.75,11,1,1,0,0,1.0,1.0,1.0,0.936471074022624,-2.1460038890009336,2.1460038890009336,2.150350442410414,0.25814116278784127,DEGRADED,Distribution shift (input unlike calibration set),Distribution shift (input unlike calibration set) | Low detector confidence | Sensor noise,50.93160699982491,8.89378299996224,1,0.7199071134322226,1.0,0.9221791693128907,1.0,0.6630753357517533,1.0,0.0,0.8400555470861485,0.9300728588385275,1.0,0.9835529266910403,0.8987979657804704,1.0,-0.006643792857293107,0
approach,noise,image,0.75,12,1,1,0,0,1.0,1.0,1.0,0.9248687028523306,-2.1447370777959414,2.1447370777959414,2.1499878860874455,0.2554661104219025,DEGRADED,Distribution shift (input unlike calibration set),Distribution shift (input unlike calibration set) | Low detector confidence | Sensor noise,49.27107399998931,8.20389900002283,1,0.7232514712046519,1.0,0.9239548144300523,1.0,0.6630753357517533,1.0,0.0,0.8381680403322819,0.9341198324333566,1.0,0.9834979775751266,0.8125414229386566,1.0,-0.005376981652300827,0
approach,noise,image,0.75,13,1,1,0,0,1.0,1.0,1.0,0.9092884861167537,-2.143470266590949,2.143470266590949,2.1500023001073165,0.2546057657058294,DEGRADED,Distribution shift (input unlike calibration set),Distribution shift (input unlike calibration set) | Low detector confidence | Sensor noise,50.672436999889214,8.554990999982692,1,0.7260708312108859,1.0,0.9251956437270649,1.0,0.6630753357517533,1.0,0.0,0.8244264166281181,0.9387337777964452,1.0,0.982196754992988,0.7941731844171446,1.0,-0.004110170447308548,0
approach,noise,image,0.75,14,1,1,0,0,1.0,1.0,1.0,0.907054422628252,-2.14335072558859,2.14335072558859,2.149351028971478,0.2546097831376839,DEGRADED,Distribution shift (input unlike calibration set),Distribution shift (input unlike calibration set) | Low detector confidence | Sensor noise,49.40886899998986,8.184812999957103,1,0.7137562270284927,1.0,0.9278237399861308,1.0,0.6630753357517533,1.0,0.0,0.81160566029528,0.9347527383641225,1.0,0.980810422792263,0.8172441591782799,1.0,-0.003990629444949434,0
approach,noise,image,0.75,15,1,1,0,0,1.0,1.0,1.0,0.8952486858374107,-2.1451347185217813,2.1451347185217813,2.1496931728650344,0.25301449242438195,DEGRADED,Distribution shift (input unlike calibration set),Distribution shift (input unlike calibration set) | Low detector confidence | Sensor noise,49.30588600007013,8.54037099998095,1,0.7109663631617678,1.0,0.9304309671093577,1.0,0.6630753357517533,1.0,0.0,0.7965444259556581,0.9290191814752544,1.0,0.9794130341248547,0.7878846739695823,1.0,-0.005774622378140748,0
approach,noise,image,0.75,16,1,1,0,0,1.0,1.0,1.0,0.878947582790662,-2.1463336322618574,2.1463336322618574,2.150391806144686,0.2524145697937218,DEGRADED,Distribution shift (input unlike calibration set),Distribution shift (input unlike calibration set) | Low detector confidence | Geometric inconsistency (calibration or depth scale error),50.245371000073646,8.263454000029924,1,0.7212874363546157,1.0,0.9322600230657008,1.0,0.6630753357517533,1.0,0.0,0.7854275729844514,0.9287925493638701,1.0,0.9774287505940878,0.7708218706126183,1.0,-0.006973536118216828,0
approach,noise,image,0.75,17,1,1,0,0,1.0,1.0,1.0,0.8716886125047371,-2.145240866619609,2.145240866619609,2.149940070725764,0.25008284279184256,DEGRADED,Distribution shift (input unlike calibration set),Distribution shift (input unlike calibration set) | Geometric inconsistency (calibration or depth scale error) | Low detector confidence,50.607166000077086,8.808434000002308,1,0.7167899299499438,1.0,0.9375742247071821,1.0,0.6630753357517533,1.0,0.0,0.7690381414483026,0.9354485733327916,1.0,0.9753421313143538,0.7199885845890711,1.0,-0.0058807704759686885,0
approach,noise,image,0.75,18,1,1,0,0,1.0,1.0,1.0,0.8463801669546381,-2.1454656020454728,2.1454656020454728,2.1502585235735636,0.24923682117234705,DEGRADED,Distribution shift (input unlike calibration set),Distribution shift (input unlike calibration set) | Geometric inconsistency (calibration or depth scale error) | Low detector confidence,49.81403199974466,8.074017999888383,1,0.7143499347405502,1.0,0.9441724087740214,1.0,0.6630753357517533,1.0,0.0,0.7569780256510973,0.9319078660781851,1.0,0.9720420261390581,0.7088657522644425,1.0,-0.006105505901832231,0
approach,noise,image,0.75,19,1,1,0,0,1.0,1.0,1.0,0.81807540328522,-2.1451066887896992,2.1451066887896992,2.1497655759448877,0.24555342220488163,DEGRADED,Distribution shift (input unlike calibration set),Distribution shift (input unlike calibration set) | Geometric inconsistency (calibration or depth scale error) | Low detector confidence,48.20190899999943,8.472179000023061,1,0.7069778572000578,1.0,0.9533665011107509,1.0,0.6630753357517533,1.0,0.0,0.7401841572081208,0.9251490763502813,1.0,0.9687921376971151,0.6351975533559321,1.0,-0.005746592646058701,0
approach,noise,image,0.75,20,1,1,0,0,1.0,1.0,1.0,0.7810432794437894,-2.1452866015226952,2.1452866015226952,2.1498943345775086,0.24309420199452247,DEGRADED,Distribution shift (input unlike calibration set),Distribution shift (input unlike calibration set) | Geometric inconsistency (calibration or depth scale error) | Low detector confidence,48.970342999950844,8.521865999910005,1,0.707833012265512,1.0,0.9690784843984639,1.0,0.6630753357517533,1.0,0.0,0.7176990290607589,0.912347180556726,1.0,0.9640277652064206,0.593314848147726,1.0,-0.005926505379054703,0
approach,noise,image,0.75,21,1,1,0,0,1.0,1.0,1.0,0.7573004694196576,-2.1449582058450467,2.1449582058450467,2.1499422648456172,0.23994864185472584,DEGRADED,Distribution shift (input unlike calibration set),Distribution shift (input unlike calibration set) | Geometric inconsistency (calibration or depth scale error) | Unstable tracking / temporal disagreement,50.05855000013071,8.366544000068643,1,0.7032568908315425,1.0,0.9933337259560584,1.0,0.6630753357517533,1.0,0.0,0.6980048012722583,0.9013855997320683,1.0,0.9580713665711329,0.5384120744331014,1.0,-0.005598109701406173,0
approach,noise,image,0.75,22,1,1,0,0,1.0,1.0,1.0,0.7030826085865334,-2.1449299791584835,2.1449299791584835,2.149977677108659,0.23463679318356795,DEGRADED,Distribution shift (input unlike calibration set),Distribution shift (input unlike calibration set) | Geometric inconsistency (calibration or depth scale error) | Unstable tracking / temporal disagreement,49.24863799999457,8.501658000000134,1,0.7036837363525418,1.0,0.9548782754595058,1.0,0.6630753357517533,1.0,0.0,0.668356989512853,0.8696381827715729,1.0,0.9482222613079774,0.4782915631969447,1.0,-0.005569883014842958,0
approach,noise,image,0.75,23,1,1,0,0,1.0,1.0,1.0,0.6479945291825747,-2.144843101501465,2.144843101501465,2.1499230258647555,0.2259666823990373,DEGRADED,Distribution shift (input unlike calibration set),Distribution shift (input unlike calibration set) | Geometric inconsistency (calibration or depth scale error) | Unstable tracking / temporal disagreement,49.13599099995736,8.679759999949965,1,0.6960052153773565,1.0,0.847692978932961,1.0,0.6630753357517533,1.0,0.0,0.6327022245027742,0.8072648083456561,1.0,0.9338067988513723,0.40614726751884056,1.0,-0.005483005357824311,0
approach,noise,image,1.0,0,1,1,0,0,1.0,1.0,1.0,0.9285714285714286,-2.1448707580566406,2.1448707580566406,2.1462362563666577,0.07313389112246119,DEGRADED,Distribution shift (input unlike calibration set),Distribution shift (input unlike calibration set) | Unstable tracking / temporal disagreement | Low detector confidence,47.840532999998686,8.099171999901955,1,0.6289721219533734,1.0,0.9534379513724376,1.0,0.5860110302285455,1.0,0.0,0.0,1.0,0.9969135802469136,0.9903617148319178,0.8468282879701475,1.0,-0.005510661913000092,0
approach,noise,image,1.0,1,1,1,1,0,0.5,1.0,0.6666666666666666,0.7398890069293952,-2.1586681863536015,2.1586681863536015,2.1637429137171402,0.22560566609902244,DEGRADED,Distribution shift (input unlike calibration set),Distribution shift (input unlike calibration set) | Geometric inconsistency (calibration or depth scale error) | Low detector confidence,48.48252600015712,8.504783000034877,2,0.6179292598506498,1.0,0.9531790326023654,1.0,0.5860110302285455,1.0,0.0,0.7165109034267912,0.6427870842704151,0.9616666666666667,0.9944788983678486,0.44130604924455463,1.0,-0.019308090209960938,1
approach,noise,image,1.0,2,1,1,0,0,1.0,1.0,1.0,0.7615661914648212,-2.143508247707203,2.143508247707203,2.1509269644245097,0.2348705895273674,DEGRADED,Distribution shift (input unlike calibration set),Distribution shift (input unlike calibration set) | Unstable tracking / temporal disagreement | Low detector confidence,47.98508299995774,7.888324000077773,1,0.6470979486830168,1.0,0.9549002057378451,1.0,0.5860110302285455,1.0,0.0,0.5753881062426794,0.46948209544688724,1.0,0.9917181320256256,0.8410901678795891,1.0,-0.004148151563562408,0
approach,noise,image,1.0,3,1,1,0,0,1.0,1.0,1.0,0.5602986321323186,-2.138384777566664,2.138384777566664,2.167513627021558,0.21756264680179643,DEGRADED,Distribution shift (input unlike calibration set),Distribution shift (input unlike calibration set) | Geometric inconsistency (calibration or depth scale error) | Unstable tracking / temporal disagreement,47.75735699990946,8.040054999923996,1,0.6173077862020756,1.0,0.9547159206569604,1.0,0.5860110302285455,1.0,0.0,0.6166771857950012,0.529416384262033,0.9090909090909091,0.9917172523694603,0.41081022706520565,1.0,0.000975318576976747,0
approach,noise,image,1.0,4,1,1,0,0,1.0,1.0,1.0,0.6563150117731535,-2.137896164603859,2.137896164603859,2.1554104631333475,0.23038723586520246,DEGRADED,Distribution shift (input unlike calibration set),Distribution shift (input unlike calibration set) | Unstable tracking / temporal disagreement | Geometric inconsistency (calibration or depth scale error),49.124377999874014,8.15655799999604,1,0.6344662974470223,1.0,0.9561848955915365,1.0,0.5860110302285455,1.0,0.0,0.595597606398286,0.5072111330620511,1.0,0.9917174986252658,0.6692412881941139,1.0,0.0014639315397815267,0
approach,noise,image,1.0,5,1,0,1,1,0.0,0.0,0.0,,,,,0.218410281727607,DEGRADED,Distribution shift (input unlike calibration set),Distribution shift (input unlike calibration set) | Geometric inconsistency (calibration or depth scale error) | Unstable tracking / temporal disagreement,49.299032000021725,8.676764000028925,1,0.6130934985829022,1.0,0.955739569455579,1.0,0.5860110302285455,1.0,0.0,0.5575819587738532,0.48415637811870355,0.902,0.9930976380047416,0.4886729650959272,1.0,,1
approach,noise,image,1.0,6,1,0,2,1,0.0,0.0,0.0,,,,,0.191718212198374,DEGRADED,Distribution shift (input unlike calibration set),Distribution shift (input unlike calibration set) | Geometric inconsistency (calibration or depth scale error) | Unstable tracking / temporal disagreement,49.30261100003008,8.805906000020514,2,0.5939524227897544,1.0,0.9558761031239504,1.0,0.5860110302285455,1.0,0.0,0.42923787152453274,0.5782016885773831,0.9447787267080745,0.9934461223905238,0.1675503203810929,1.0,,1
approach,noise,image,1.0,7,1,1,0,0,1.0,1.0,1.0,0.7141495157028079,-2.1400943424390704,2.1400943424390704,2.150931599529981,0.2265006173404958,DEGRADED,Distribution shift (input unlike calibration set),Distribution shift (input unlike calibration set) | Unstable tracking / temporal disagreement | Geometric inconsistency (calibration or depth scale error),48.21533399990585,8.111484999972163,1,0.6704159476496547,1.0,0.9560978819065122,1.0,0.5860110302285455,1.0,0.0,0.5193755828865091,0.44208310214452023,1.0,0.9889939558367993,0.6578517598409848,1.0,-0.0007342462954298412,0
approach,noise,image,1.0,8,1,1,0,0,1.0,1.0,1.0,0.7985739739082958,-2.144608704940133,2.144608704940133,2.1502474516920085,0.22920357967621197,DEGRADED,Distribution shift (input unlike calibration set),Distribution shift (input unlike calibration set) | Unstable tracking / temporal disagreement | Geometric inconsistency (calibration or depth scale error),49.08899299971381,8.448400999895966,1,0.6590535104516939,1.0,0.9578204698986591,1.0,0.5860110302285455,1.0,0.0,0.5387152665859827,0.47799933391167726,1.0,0.9876180246019627,0.6937929936595452,1.0,-0.005248608796492249,0
approach,noise,image,1.0,9,1,1,1,0,0.5,1.0,0.6666666666666666,0.6685625681961566,-2.156702870907992,2.156702870907992,2.156982358521797,0.1891088662576349,DEGRADED,Geometric inconsistency (calibration or depth scale error),Geometric inconsistency (calibration or depth scale error) | Distribution shift (input unlike calibration set) | Unstable tracking / temporal disagreement,49.6075920000294,8.622187000014492,2,0.6105029956235697,1.0,0.9579509904261955,1.0,0.5860110302285455,1.0,0.0,0.4000921669928412,0.5942751058289485,0.9583333333333333,0.992422888647629,0.149514642312988,1.0,-0.017342774764351532,1
approach,noise,image,1.0,10,1,1,1,0,0.5,1.0,0.6666666666666666,0.6057212041732045,-2.1656918733016326,2.1656918733016326,2.176262622460521,0.20256448406109248,DEGRADED,Distribution shift (input unlike calibration set),Distribution shift (input unlike calibration set) | Unstable tracking / temporal disagreement | Geometric inconsistency (calibration or depth scale error),48.86350700007824,8.195679999971617,2,0.6483276746985835,1.0,0.9591564483065316,1.0,0.5860110302285455,1.0,0.0,0.3240205356104483,0.23832156454222908,0.9422619047619047,0.9907040199525757,0.5085521400097771,1.0,-0.026331777157992065,1
approach,noise,image,1.0,11,1,1,1,0,0.5,1.0,0.6666666666666666,0.7658210622452132,-2.15463464156441,2.15463464156441,2.154782812883674,0.19861436329261423,DEGRADED,Distribution shift (input unlike calibration set),Distribution shift (input unlike calibration set) | Geometric inconsistency (calibration or depth scale error) | Unstable tracking / temporal disagreement,49.75242000000435,8.5493230000111,2,0.6452671435595017,1.0,0.9573790346185361,1.0,0.5860110302285455,1.0,0.0,0.340672922002554,0.25510668225611344,0.98,0.9889934237268757,0.38583323549897514,1.0,-0.01527454542076967,1
approach,noise,image,1.0,12,1,0,3,1,0.0,0.0,0.0,,,,,0.1671787880578721,DEGRADED,Geometric inconsistency (calibration or depth scale error),Geometric inconsistency (calibration or depth scale error) | Distribution shift (input unlike calibration set) | Unstable tracking / temporal disagreement,49.967963999961285,8.567134000031729,3,0.6255524227020595,1.0,0.9603661507568687,1.0,0.5860110302285455,1.0,0.0,0.2880828241635669,0.34097085650365394,0.9800307219662058,0.9915001256240856,0.08086013993735496,1.0,,1
approach,noise,image,1.0,13,1,0,4,1,0.0,0.0,0.0,,,,,0.15350502585056197,DEGRADED,Geometric inconsistency (calibration or depth scale error),Geometric inconsistency (calibration or depth scale error) | Distribution shift (input unlike calibration set) | Unstable tracking / temporal disagreement,51.733548999891354,8.635800999968524,4,0.6044646038023941,1.0,0.9625156717483011,1.0,0.5860110302285455,1.0,0.0,0.25014396557644714,0.38432894765472364,0.9494147157190636,0.9931018076786128,0.04107989281087333,1.0,,1
approach,noise,image,1.0,14,1,1,0,0,1.0,1.0,1.0,0.6280142693994434,-2.1444979957912267,2.1444979957912267,2.1518104291431874,0.20419534416175453,DEGRADED,Distribution shift (input unlike calibration set),Distribution shift (input unlike calibration set) | Geometric inconsistency (calibration or depth scale error) | Unstable tracking / temporal disagreement,48.31465799986745,8.176703000003727,1,0.6642003417629831,1.0,0.9643380071354759,1.0,0.5860110302285455,1.0,0.0,0.40116769871821445,0.46799298262173605,1.0,0.9835004398698061,0.30832342633168136,1.0,-0.005137899647586153,0
approach,noise,image,1.0,15,1,1,4,0,0.2,1.0,0.33333333333333337,0.6873994923786932,-2.1514270616614297,2.1514270616614297,2.152082919274775,0.16363339654978498,DEGRADED,Geometric inconsistency (calibration or depth scale error),Geometric inconsistency (calibration or depth scale error) | Distribution shift (input unlike calibration set) | Unstable tracking / temporal disagreement,50.02150300003905,9.105386999976872,5,0.6216879148967278,1.0,0.9662724699135151,1.0,0.5860110302285455,1.0,0.0,0.3238538731407307,0.40456315599450715,0.9817813765182187,0.9913102280013733,0.05532378482493976,1.0,-0.012066965517789185,1
approach,noise,image,1.0,16,1,1,2,0,0.3333333333333333,1.0,0.5,0.7594042082185158,-2.1463336322618574,2.1463336322618574,2.150406625701097,0.16427967623206016,DEGRADED,Geometric inconsistency (calibration or depth scale error),Geometric inconsistency (calibration or depth scale error) | Distribution shift (input unlike calibration set) | Unstable tracking / temporal disagreement,50.193809000006695,7.990077000044948,3,0.6326261498798765,1.0,0.9691004146768033,1.0,0.5860110302285455,1.0,0.0,0.2678535856656678,0.5071883053928226,1.0,0.9892222759365592,0.0583916964915419,1.0,-0.006973536118216828,1
approach,noise,image,1.0,17,1,0,5,1,0.0,0.0,0.0,,,,,0.15834232623705385,DEGRADED,Geometric inconsistency (calibration or depth scale error),Geometric inconsistency (calibration or depth scale error) | Distribution shift (input unlike calibration set) | Unstable tracking / temporal disagreement,49.94079200014312,8.650324000086584,5,0.6444870534905041,1.0,0.9753972342735586,1.0,0.5860110302285455,1.0,0.0,0.2882523291855649,0.3427246275144167,0.9921568627450981,0.9893997497570939,0.04698773941153399,1.0,,1
approach,noise,image,1.0,18,1,0,8,1,0.0,0.0,0.0,,,,,0.1458756436092074,DEGRADED,Geometric inconsistency (calibration or depth scale error),Geometric inconsistency (calibration or depth scale error) | Distribution shift (input unlike calibration set) | Unstable tracking / temporal disagreement,52.77711599990198,8.709831000032864,8,0.618907803051717,1.0,0.978854790253689,1.0,0.5860110302285455,1.0,0.0,0.22786459532911768,0.3210300285311305,0.9959615384615385,0.990961547726716,0.028633080424617506,1.0,,1
approach,noise,image,1.0,19,1,0,6,1,0.0,0.0,0.0,,,,,0.14432673776752386,DEGRADED,Geometric inconsistency (calibration or depth scale error),Geometric inconsistency (calibration or depth scale error) | Distribution shift (input unlike calibration set) | Unstable tracking / temporal disagreement,52.44658900005561,9.040163999998185,6,0.6341909241421777,1.0,0.9899189693901066,1.0,0.5860110302285455,1.0,0.0,0.18811949205327042,0.25143795460105867,0.9880952380952381,0.9909333211541677,0.03365267353739325,1.0,,1
approach,noise,image,1.0,20,1,0,5,1,0.0,0.0,0.0,,,,,0.14623822916461687,DEGRADED,Geometric inconsistency (calibration or depth scale error),Geometric inconsistency (calibration or depth scale error) | Distribution shift (input unlike calibration set) | Unstable tracking / temporal disagreement,51.535765999915384,8.487008999964019,5,0.6173110245154849,1.0,0.9933344333843919,1.0,0.5860110302285455,1.0,0.0,0.2691912504460136,0.35175116249516053,1.0,0.9879472834310153,0.024153485545267715,1.0,,1
approach,noise,image,1.0,21,1,0,9,1,0.0,0.0,0.0,,,,,0.1335562289220043,DEGRADED,Geometric inconsistency (calibration or depth scale error),Geometric inconsistency (calibration or depth scale error) | Distribution shift (input unlike calibration set) | Unstable tracking / temporal disagreement,55.81831500001044,9.204872999930558,9,0.6127901794326291,1.0,0.9703638816804889,1.0,0.5860110302285455,1.0,0.0,0.19851008838848422,0.20058729428786404,0.9814814814814815,0.9905126778905865,0.018541119560662588,1.0,,1
approach,noise,image,1.0,22,1,0,9,1,0.0,0.0,0.0,,,,,0.1358542887863903,DEGRADED,Geometric inconsistency (calibration or depth scale error),Geometric inconsistency (calibration or depth scale error) | Distribution shift (input unlike calibration set) | Unstable tracking / temporal disagreement,59.91318599990336,9.739168000010068,9,0.6337239227416664,1.0,0.921966233384498,1.0,0.5860110302285455,1.0,0.0,0.2114157434687446,0.140192445829476,0.9914529914529915,0.986965640629588,0.02464992475056544,1.0,,1
approach,noise,image,1.0,23,1,1,11,0,0.08333333333333333,1.0,0.15384615384615385,0.507899047537091,-2.1558399200439453,2.1558399200439453,2.156127718613297,0.12662483673986935,DEGRADED,Geometric inconsistency (calibration or depth scale error),Geometric inconsistency (calibration or depth scale error) | Distribution shift (input unlike calibration set) | Unstable tracking / temporal disagreement,68.27614700011964,9.64004400009344,12,0.614217556363578,1.0,0.8161091335541573,1.0,0.5860110302285455,1.0,0.0,0.15962810092283042,0.16396038370201585,1.0,0.9882703320937212,0.01671761312167457,1.0,-0.01647982390030478,1
approach,glare,image,0.25,0,1,1,0,0,1.0,1.0,1.0,1.0,-2.1398468017578125,2.1398468017578125,2.1412138842079527,0.2308343064631818,DEGRADED,Unstable tracking / temporal disagreement,Unstable tracking / temporal disagreement | Distribution shift (input unlike calibration set) | Motion blur or defocus,42.05661799983318,6.172508999952697,1,0.8830093698821372,0.5267182378292747,0.7543258800452683,1.0,1.0,0.9156818209856208,0.34919576611223757,0.0,1.0,0.9913793103448276,0.9903422328699842,0.8462155020583905,1.0,-0.0004867056141719672,0
approach,glare,image,0.25,1,1,1,0,0,1.0,1.0,1.0,0.9536231884057961,-2.144187595533289,2.144187595533289,2.1449114067931827,0.8216448708288527,TRUSTED,Distribution shift (input unlike calibration set),Distribution shift (input unlike calibration set) | Motion blur or defocus | Poor illumination (under-exposed),41.98594399997546,6.48599800001648,1,0.8917313643599647,0.5493073992616901,0.7573971801552912,1.0,1.0,0.9175624051108938,0.3580079952679691,0.9655172413793104,0.9394130628134758,0.9694444444444444,0.9903441577618255,0.9664622166220115,1.0,-0.0048274993896484375,0
approach,glare,image,0.25,2,1,1,0,0,1.0,1.0,1.0,0.9393272027681666,-2.1388733905294686,2.1388733905294686,2.1409689649329118,0.7992131364094486,TRUSTED,Distribution shift (input unlike calibration set),Distribution shift (input unlike calibration set) | Motion blur or defocus | Poor illumination (under-exposed),42.04665400015983,6.327752000061082,1,0.9215157043116055,0.38261243186806193,0.7748706599934954,1.0,1.0,0.9230653622047271,0.37032373466249136,0.9153869143364404,0.9158307255555842,0.9975186104218362,0.9889931043189677,0.9789963672422494,1.0,0.0004867056141719672,0
approach,glare,image,0.25,3,1,1,0,0,1.0,1.0,1.0,0.952995945833292,-2.1428250851838513,2.1428250851838513,2.1446287880716817,0.774573340395534,TRUSTED,Distribution shift (input unlike calibration set),Distribution shift (input unlike calibration set) | Motion blur or defocus | Poor illumination (under-exposed),42.85505499979081,6.542982000041775,1,0.8854345616394441,0.3688964367067002,0.7569631728726702,1.0,1.0,0.9201058718608742,0.33040747216777566,0.9132667179774656,0.9242887448430572,1.0,0.9889947885049817,0.8722635871733965,1.0,-0.003464989040210753,0
approach,glare,image,0.25,4,1,1,0,0,1.0,1.0,1.0,0.9095231796911493,-2.1442638480145035,2.1442638480145035,2.146423133649435,0.8206231618739692,TRUSTED,Distribution shift (input unlike calibration set),Distribution shift (input unlike calibration set) | Motion blur or defocus | Poor illumination (under-exposed),41.498390000015206,6.173131999958059,1,0.9084731371203358,0.5785392535089926,0.7650748998590982,1.0,1.0,0.9283907649902986,0.37981852248990766,0.8921811995439302,0.9423710651736035,1.0,0.9889846095653251,0.8854908716265137,1.0,-0.004903751870863005,0
approach,glare,image,0.25,5,1,1,0,0,1.0,1.0,1.0,0.9114950915286646,-2.1455080612846054,2.1455080612846054,2.1472684352056604,0.8135516083912124,TRUSTED,Distribution shift (input unlike calibration set),Distribution shift (input unlike calibration set) | Motion blur or defocus | Geometric inconsistency (calibration or depth scale error),41.4651490000324,6.146525999952246,1,0.9233340501173338,0.5551028896510349,0.7753683358261338,1.0,1.0,0.9306891271420881,0.400462242694856,0.8902994592222496,0.9440386181314494,1.0,0.9889715878760486,0.7918568631101317,1.0,-0.006147965140964828,0
approach,glare,image,0.25,6,1,1,0,0,1.0,1.0,1.0,0.9070515352074006,-2.144632256549336,2.144632256549336,2.1467471706729206,0.7782559242779082,TRUSTED,Distribution shift (input unlike calibration set),Distribution shift (input unlike calibration set) | Motion blur or defocus | Geometric inconsistency (calibration or depth scale error),42.26504600012504,6.5021420000448416,1,0.9093784026163525,0.4061089081446183,0.7615840947472916,1.0,1.0,0.9341436250794258,0.351903751836397,0.8794262513784692,0.9510303196960103,1.0,0.9876312135732933,0.7854185212228489,1.0,-0.0052721604056955584,0
approach,glare,image,0.25,7,1,1,0,0,1.0,1.0,1.0,0.895462028304939,-2.1437545444654376,2.1437545444654376,2.146545362615997,0.8070419670195318,TRUSTED,Distribution shift (input unlike calibration set),Distribution shift (input unlike calibration set) | Motion blur or defocus | Geometric inconsistency (calibration or depth scale error),42.82576000002791,6.505578999963291,1,0.9025495492608835,0.5930985091522548,0.7524731252397518,1.0,1.0,0.9390204796670333,0.3569165592439829,0.868632858052334,0.9544417849303355,1.0,0.9875998922109123,0.8059104515069078,1.0,-0.004394448321797029,0
approach,glare,image,0.25,8,1,1,0,0,1.0,1.0,1.0,0.9041644063674215,-2.1480724500573203,2.1480724500573203,2.150719524830739,0.7961261573831935,TRUSTED,Distribution shift (input unlike calibration set),Distribution shift (input unlike calibration set) | Motion blur or defocus | Geometric inconsistency (calibration or depth scale error),45.18556899984105,6.476514999917526,1,0.9071749860901517,0.4973239002322816,0.7548532678679154,1.0,1.0,0.9437809850563182,0.3547458737444026,0.8625065741585757,0.9551470004924516,1.0,0.9869345666330657,0.8255706253647928,1.0,-0.008712353913679749,0
approach,glare,image,0.25,9,1,1,0,0,1.0,1.0,1.0,0.8887071526171582,-2.145268315854281,2.145268315854281,2.147613863467598,0.8107906572831934,TRUSTED,Distribution shift (input unlike calibration set),Distribution shift (input unlike calibration set) | Motion blur or defocus | Geometric inconsistency (calibration or depth scale error),42.3546309999665,6.555551000019477,1,0.9077476346861358,0.5637715942777918,0.7620120888890776,1.0,1.0,0.9500499587542163,0.37816724862007,0.8546286396900773,0.9550387818811434,1.0,0.9862317948410332,0.8318487802768822,1.0,-0.005908219710640594,0
approach,glare,image,0.25,10,1,1,0,0,1.0,1.0,1.0,0.8946753685767916,-2.1472707002059295,2.1472707002059295,2.15018179832865,0.7902766125099581,TRUSTED,Distribution shift (input unlike calibration set),Distribution shift (input unlike calibration set) | Motion blur or defocus | Geometric inconsistency (calibration or depth scale error),42.547974000058275,6.355628000051183,1,0.897172272822819,0.4899678541752151,0.7498920729648659,1.0,1.0,0.9540037292361873,0.34572116369398354,0.8494114461355181,0.956973441346246,1.0,0.9849109773699238,0.8154805872994672,1.0,-0.00791060406228894,0
approach,glare,image,0.25,11,1,1,0,0,1.0,1.0,1.0,0.8903641576332073,-2.1474429835443907,2.1474429835443907,2.1504515144189877,0.8138595345838031,TRUSTED,Distribution shift (input unlike calibration set),Distribution shift (input unlike calibration set) | Motion blur or defocus | Geometric inconsistency (calibration or depth scale error),43.59858300006181,6.612947000007807,1,0.9073214981680356,0.6633112008846688,0.7536074865725682,1.0,1.0,0.9647579355206655,0.3686816903117196,0.844430060393149,0.958624460852685,1.0,0.9842075768288774,0.7755393104837309,1.0,-0.008082887400750138,0
approach,glare,image,0.25,12,1,1,0,0,1.0,1.0,1.0,0.8820920326765909,-2.146078897559125,2.146078897559125,2.149938748004341,0.7996754356379591,TRUSTED,Distribution shift (input unlike calibration set),Distribution shift (input unlike calibration set) | Motion blur or defocus | Geometric inconsistency (calibration or depth scale error),42.3787000000857,6.294625999998971,1,0.9201109144373835,0.5729748318735409,0.7599074895968243,1.0,1.0,0.9750383722137208,0.3792848575196437,0.8417578150642885,0.9595206504016546,1.0,0.9835292527643485,0.714001428341753,1.0,-0.006718801415484421,0
approach,glare,image,0.25,13,1,1,0,0,1.0,1.0,1.0,0.870227452265836,-2.1447148115738592,2.1447148115738592,2.1498154792408286,0.8067816146561505,TRUSTED,Distribution shift (input unlike calibration set),Distribution shift (input unlike calibration set) | Motion blur or defocus | Geometric inconsistency (calibration or depth scale error),41.548923999926046,6.28583900004287,1,0.9091993954939211,0.6013058361968114,0.7714424622892062,1.0,1.0,0.9863134214855432,0.4082148580856718,0.8244807377161877,0.9615380488624027,1.0,0.9828460120568426,0.707228867065542,1.0,-0.005354715430218704,0
approach,glare,image,0.25,14,1,1,0,0,1.0,1.0,1.0,0.8546100777535351,-2.1444979957912267,2.1444979957912267,2.150159487998381,0.7895540043986023,TRUSTED,Distribution shift (input unlike calibration set),Distribution shift (input unlike calibration set) | Motion blur or defocus | Geometric inconsistency (calibration or depth scale error),42.04451600003267,6.3190440000653325,1,0.9039682765037126,0.5280879465438524,0.7599237604484956,1.0,1.0,1.0,0.3786958908836052,0.8132337652955243,0.9680006314513088,1.0,0.9808469148206236,0.7003960398013273,1.0,-0.005137899647586153,0
approach,glare,image,0.25,15,1,1,0,0,1.0,1.0,1.0,0.8465961988071452,-2.1440856767737344,2.1440856767737344,2.1493914475135574,0.7902581948625867,TRUSTED,Distribution shift (input unlike calibration set),Distribution shift (input unlike calibration set) | Motion blur or defocus | Geometric inconsistency (calibration or depth scale error),43.93389200004094,6.746484000018427,1,0.9123146858248925,0.544248207018949,0.7659160321476659,1.0,1.0,1.0,0.3949263571698516,0.797151428073022,0.9644221587408954,1.0,0.9794569674248728,0.6693281956651842,1.0,-0.004725580630093873,0
approach,glare,image,0.25,16,1,1,0,0,1.0,1.0,1.0,0.8348320282952361,-2.145382342131242,2.145382342131242,2.1503700017762886,0.8082566243981778,TRUSTED,Distribution shift (input unlike calibration set),Distribution shift (input unlike calibration set) | Geometric inconsistency (calibration or depth scale error) | Unstable tracking / temporal disagreement,43.074099000023125,6.5786669999852165,1,0.8902651375053203,0.8893274876966883,0.7373242549055292,1.0,1.0,1.0,0.34070946527981605,0.7860173587757845,0.9567921949428031,1.0,0.9780550725906103,0.6578301665814723,1.0,-0.006022245987601593,0
approach,glare,image,0.25,17,1,1,0,0,1.0,1.0,1.0,0.8261158107165149,-2.144386374432109,2.144386374432109,2.149389547587052,0.781212546393111,TRUSTED,Distribution shift (input unlike calibration set),Distribution shift (input unlike calibration set) | Geometric inconsistency (calibration or depth scale error) | Motion blur or defocus,44.468155999879855,6.818041999963498,1,0.9239451032307908,0.5912061759264181,0.7522959144422023,1.0,1.0,1.0,0.36685513680593285,0.7691238629231579,0.9552121018669155,1.0,0.9754056147051826,0.6214247201777734,1.0,-0.0050262782884686885,0
approach,glare,image,0.25,18,1,1,0,0,1.0,1.0,1.0,0.8041500120619413,-2.1454656020454728,2.1454656020454728,2.1503355527960757,0.7896794716048857,TRUSTED,Distribution shift (input unlike calibration set),Distribution shift (input unlike calibration set) | Geometric inconsistency (calibration or depth scale error) | Unstable tracking / temporal disagreement,44.08557300018856,6.435088000102951,1,0.8919127217724647,0.84218441082897,0.7291842307857601,1.0,1.0,1.0,0.31690062978665623,0.7538606352857576,0.9476484033480537,1.0,0.9727181580507629,0.620592505776833,1.0,-0.006105505901832231,0
approach,glare,image,0.25,19,1,1,0,0,1.0,1.0,1.0,0.7897263572457165,-2.1444472229999043,2.1444472229999043,2.1495817387321066,0.758680103146131,TRUSTED,Distribution shift (input unlike calibration set),Distribution shift (input unlike calibration set) | Geometric inconsistency (calibration or depth scale error) | Motion blur or defocus,43.557646999943245,6.573476999960803,1,0.8974063602930432,0.6901923807890248,0.717992714549307,1.0,1.0,1.0,0.2781658350174756,0.7383132097454853,0.942452104165506,1.0,0.9693605502383374,0.5815472788891296,1.0,-0.0050871268562637795,0
approach,glare,image,0.25,20,1,1,0,0,1.0,1.0,1.0,0.7575673671902845,-2.1452866015226952,2.1452866015226952,2.1500160263053645,0.7547961012003808,TRUSTED,Distribution shift (input unlike calibration set),Distribution shift (input unlike calibration set) | Geometric inconsistency (calibration or depth scale error) | Unstable tracking / temporal disagreement,43.223952000175814,6.516286000078253,1,0.9007159649884655,0.9003831461602186,0.7056781558333745,1.0,1.0,1.0,0.22404303003639026,0.7169478523441272,0.9260465105438057,1.0,0.9646991739592709,0.5568793777245628,1.0,-0.005926505379054703,0
approach,glare,image,0.25,21,1,1,0,0,1.0,1.0,1.0,0.7345947004757141,-2.1449582058450467,2.1449582058450467,2.1499628525235606,0.7051578405868046,CAUTION,Distribution shift (input unlike calibration set),Distribution shift (input unlike calibration set) | Geometric inconsistency (calibration or depth scale error) | Unstable tracking / temporal disagreement,43.89294400027666,6.791798000108429,1,0.9095551853756153,0.9482853582025732,0.6825693018902663,1.0,1.0,1.0,0.1209226434643601,0.6947702243774607,0.9121259724893216,1.0,0.9587280596189461,0.5034292705579483,1.0,-0.005598109701406173,0
approach,glare,image,0.25,22,1,1,0,0,1.0,1.0,1.0,0.6871631890351276,-2.1449299791584835,2.1449299791584835,2.1499700153056587,0.23846271687950577,DEGRADED,Distribution shift (input unlike calibration set),Distribution shift (input unlike calibration set) | Geometric inconsistency (calibration or depth scale error) | Unstable tracking / temporal disagreement,43.42198299991651,6.43356099999437,1,0.8936635952082022,1.0,0.6244056054498863,1.0,1.0,1.0,0.0,0.6653900880642669,0.8783688707645074,1.0,0.9488839392247721,0.4579879818081363,1.0,-0.005569883014842958,0
approach,glare,image,0.25,23,1,1,0,0,1.0,1.0,1.0,0.6353737789119208,-2.144843101501465,2.144843101501465,2.149916318140697,0.22945353556755563,DEGRADED,Distribution shift (input unlike calibration set),Distribution shift (input unlike calibration set) | Geometric inconsistency (calibration or depth scale error) | Poor illumination (under-exposed),44.92711699992924,7.21908999992138,1,0.9131872359162566,1.0,0.5230855972366435,1.0,1.0,1.0,0.0,0.6301228335353233,0.8151645653717503,1.0,0.9342138715527208,0.39031239293354525,1.0,-0.005483005357824311,0
approach,glare,image,0.5,0,1,1,0,0,1.0,1.0,1.0,1.0,-2.1398468017578125,2.1398468017578125,2.1412138842079527,0.02713612392520704,DEGRADED,Distribution shift (input unlike calibration set),Distribution shift (input unlike calibration set) | Unstable tracking / temporal disagreement | Poor illumination (under-exposed),47.054656999989675,6.3446550000207935,1,0.8848866992330083,0.5490294419965965,0.0,1.0,1.0,0.9118196150162151,0.0,0.0,1.0,0.9913793103448276,0.9903422328699842,0.8462155020583905,1.0,-0.0004867056141719672,0
approach,glare,image,0.5,1,1,1,0,0,1.0,1.0,1.0,0.9536231884057961,-2.144187595533289,2.144187595533289,2.1449114067931827,0.09610806127630547,DEGRADED,Distribution shift (input unlike calibration set),Distribution shift (input unlike calibration set) | Poor illumination (under-exposed) | Motion blur or defocus,43.142475000081504,6.707489000064015,1,0.8762713368933576,0.5693813236292536,0.0,1.0,1.0,0.9112168888321661,0.0,0.9655172413793104,0.9394130628134758,0.9694444444444444,0.9903441577618255,0.9664622166220115,1.0,-0.0048274993896484375,0
approach,glare,image,0.5,2,1,1,0,0,1.0,1.0,1.0,0.9393272027681666,-2.1388733905294686,2.1388733905294686,2.1409689649329118,0.09347871121401764,DEGRADED,Distribution shift (input unlike calibration set),Distribution shift (input unlike calibration set) | Poor illumination (under-exposed) | Motion blur or defocus,43.85611899976993,6.4574219999258275,1,0.8827907964541173,0.42958909699863135,0.0,1.0,1.0,0.9120328625305584,0.0,0.9153869143364404,0.9158307255555842,0.9975186104218362,0.9889931043189677,0.9789963672422494,1.0,0.0004867056141719672,0
approach,glare,image,0.5,3,1,1,0,0,1.0,1.0,1.0,0.952995945833292,-2.1428250851838513,2.1428250851838513,2.1446287880716817,0.09193854059725036,DEGRADED,Distribution shift (input unlike calibration set),Distribution shift (input unlike calibration set) | Poor illumination (under-exposed) | Motion blur or defocus,43.59312000008231,6.627073000004202,1,0.885930935768943,0.4068663924426055,0.0,1.0,1.0,0.9141386839728604,0.0,0.9132667179774656,0.9242887448430572,1.0,0.9889947885049817,0.8722635871733965,1.0,-0.003464989040210753,0
approach,glare,image,0.5,4,1,1,0,0,1.0,1.0,1.0,0.9095231796911493,-2.1442638480145035,2.1442638480145035,2.146423133649435,0.09537676306351234,DEGRADED,Distribution shift (input unlike calibration set),Distribution shift (input unlike calibration set) | Poor illumination (under-exposed) | Motion blur or defocus,43.114765999916926,6.471173000022645,1,0.879776661347544,0.6078382543096446,0.0,1.0,1.0,0.9188583445297415,0.0,0.8921811995439302,0.9423710651736035,1.0,0.9889846095653251,0.8854908716265137,1.0,-0.004903751870863005,0
approach,glare,image,0.5,5,1,1,0,0,1.0,1.0,1.0,0.9114950915286646,-2.1455080612846054,2.1455080612846054,2.1472684352056604,0.0939771153885084,DEGRADED,Distribution shift (input unlike calibration set),Distribution shift (input unlike calibration set) | Poor illumination (under-exposed) | Motion blur or defocus,43.65116899998611,6.689289000064491,1,0.8869749493134743,0.5853883922217156,0.0,1.0,1.0,0.9219864124234933,0.0,0.8902994592222496,0.9440386181314494,1.0,0.9889715878760486,0.7918568631101317,1.0,-0.006147965140964828,0
approach,glare,image,0.5,6,1,1,0,0,1.0,1.0,1.0,0.9070515352074006,-2.144632256549336,2.144632256549336,2.1467471706729206,0.08990374263205052,DEGRADED,Distribution shift (input unlike calibration set),Distribution shift (input unlike calibration set) | Poor illumination (under-exposed) | Motion blur or defocus,43.404128999895875,6.347417999904792,1,0.786265073022772,0.4172651417444562,0.0,1.0,1.0,0.9073368936577659,0.0,0.8794262513784692,0.9510303196960103,1.0,0.9876312135732933,0.7854185212228489,1.0,-0.0052721604056955584,0
approach,glare,image,0.5,7,1,1,0,0,1.0,1.0,1.0,0.895462028304939,-2.1437545444654376,2.1437545444654376,2.146545362615997,0.09359487899966147,DEGRADED,Distribution shift (input unlike calibration set),Distribution shift (input unlike calibration set) | Poor illumination (under-exposed) | Motion blur or defocus,43.08485799992923,6.627830999946127,1,0.867512631911172,0.5731836239907965,0.0,1.0,1.0,0.9166020157358991,0.0,0.868632858052334,0.9544417849303355,1.0,0.9875998922109123,0.8059104515069078,1.0,-0.004394448321797029,0
approach,glare,image,0.5,8,1,1,0,0,1.0,1.0,1.0,0.9041644063674215,-2.1480724500573203,2.1480724500573203,2.150719524830739,0.09322242332332624,DEGRADED,Distribution shift (input unlike calibration set),Distribution shift (input unlike calibration set) | Poor illumination (under-exposed) | Motion blur or defocus,43.21179999999458,6.328152000037335,1,0.881364993587206,0.5236432899109047,0.0,1.0,1.0,0.9303671513529226,0.0,0.8625065741585757,0.9551470004924516,1.0,0.9869345666330657,0.8255706253647928,1.0,-0.008712353913679749,0
approach,glare,image,0.5,9,1,1,0,0,1.0,1.0,1.0,0.8887071526171582,-2.145268315854281,2.145268315854281,2.147613863467598,0.09121551409663324,DEGRADED,Distribution shift (input unlike calibration set),Distribution shift (input unlike calibration set) | Poor illumination (under-exposed) | Motion blur or defocus,43.63619399998697,6.83897600004002,1,0.73653206948734,0.4995020576016913,0.0,1.0,1.0,0.9120121048206339,0.0,0.8546286396900773,0.9550387818811434,1.0,0.9862317948410332,0.8318487802768822,1.0,-0.005908219710640594,0
approach,glare,image,0.5,10,1,1,0,0,1.0,1.0,1.0,0.8946753685767916,-2.1472707002059295,2.1472707002059295,2.15018179832865,0.09287193778140485,DEGRADED,Distribution shift (input unlike calibration set),Distribution shift (input unlike calibration set) | Poor illumination (under-exposed) | Motion blur or defocus,43.756033999898136,6.412050999983876,1,0.8835161681465961,0.5129278883804955,0.0,1.0,1.0,0.9418418509203063,0.0,0.8494114461355181,0.956973441346246,1.0,0.9849109773699238,0.8154805872994672,1.0,-0.00791060406228894,0
approach,glare,image,0.5,11,1,1,0,0,1.0,1.0,1.0,0.8903641576332073,-2.1474429835443907,2.1474429835443907,2.1504515144189877,0.09287721399884641,DEGRADED,Distribution shift (input unlike calibration set),Distribution shift (input unlike calibration set) | Poor illumination (under-exposed) | Motion blur or defocus,43.28718800002207,6.589229000041996,1,0.8118457142630394,0.601765912836109,0.0,1.0,1.0,0.9280868007663365,0.0,0.844430060393149,0.958624460852685,1.0,0.9842075768288774,0.7755393104837309,1.0,-0.008082887400750138,0
approach,glare,image,0.5,12,1,1,0,0,1.0,1.0,1.0,0.8820920326765909,-2.146078897559125,2.146078897559125,2.149938748004341,0.08990090002893032,DEGRADED,Distribution shift (input unlike calibration set),Distribution shift (input unlike calibration set) | Poor illumination (under-exposed) | Motion blur or defocus,42.82263800007513,6.342073000041637,1,0.7464369330637189,0.508829553255252,0.0,1.0,1.0,0.9216885448362278,0.0,0.8417578150642885,0.9595206504016546,1.0,0.9835292527643485,0.714001428341753,1.0,-0.006718801415484421,0
approach,glare,image,0.5,13,1,1,0,0,1.0,1.0,1.0,0.870227452265836,-2.1447148115738592,2.1447148115738592,2.1498154792408286,0.09312889396756431,DEGRADED,Distribution shift (input unlike calibration set),Distribution shift (input unlike calibration set) | Poor illumination (under-exposed) | Motion blur or defocus,42.70996499985813,6.342699000015273,1,0.8894921438493308,0.6284643824935252,0.0,1.0,1.0,0.9738130472350007,0.0,0.8244807377161877,0.9615380488624027,1.0,0.9828460120568426,0.707228867065542,1.0,-0.005354715430218704,0
approach,glare,image,0.5,14,1,1,0,0,1.0,1.0,1.0,0.8546100777535351,-2.1444979957912267,2.1444979957912267,2.150159487998381,0.09077785198076334,DEGRADED,Distribution shift (input unlike calibration set),Distribution shift (input unlike calibration set) | Poor illumination (under-exposed) | Motion blur or defocus,42.718084999933126,6.46711799993227,1,0.8537640034345384,0.5108139053826327,0.0,1.0,1.0,0.9577238544346302,0.0,0.8132337652955243,0.9680006314513088,1.0,0.9808469148206236,0.7003960398013273,1.0,-0.005137899647586153,0
approach,glare,image,0.5,15,1,1,0,0,1.0,1.0,1.0,0.8465961988071452,-2.1440856767737344,2.1440856767737344,2.1493914475135574,0.08825950462263414,DEGRADED,Distribution shift (input unlike calibration set),Distribution shift (input unlike calibration set) | Poor illumination (under-exposed) | Motion blur or defocus,43.49149700010457,6.37934500002757,1,0.7256105648628383,0.48226196093045826,0.0,1.0,1.0,0.9394830412612203,0.0,0.797151428073022,0.9644221587408954,1.0,0.9794569674248728,0.6693281956651842,1.0,-0.004725580630093873,0
approach,glare,image,0.5,16,1,1,0,0,1.0,1.0,1.0,0.8348320282952361,-2.145382342131242,2.145382342131242,2.1503700017762886,0.09340710811578237,DEGRADED,Distribution shift (input unlike calibration set),Distribution shift (input unlike calibration set) | Poor illumination (under-exposed) | Geometric inconsistency (calibration or depth scale error),42.63154299997041,6.153203000053509,1,0.8542592566182157,0.7689220116450765,0.0,1.0,1.0,0.9952423276740987,0.0,0.7860173587757845,0.9567921949428031,1.0,0.9780550725906103,0.6578301665814723,1.0,-0.006022245987601593,0
approach,glare,image,0.5,17,1,1,0,0,1.0,1.0,1.0,0.8261158107165149,-2.144386374432109,2.144386374432109,2.149389547587052,0.0898232946518739,DEGRADED,Distribution shift (input unlike calibration set),Distribution shift (input unlike calibration set) | Poor illumination (under-exposed) | Geometric inconsistency (calibration or depth scale error),43.1813410000359,6.696239999996578,1,0.8427738472676911,0.5547497682301992,0.0,1.0,1.0,1.0,0.0,0.7691238629231579,0.9552121018669155,1.0,0.9754056147051826,0.6214247201777734,1.0,-0.0050262782884686885,0
approach,glare,image,0.5,18,1,1,0,0,1.0,1.0,1.0,0.8041500120619413,-2.1454656020454728,2.1454656020454728,2.1503355527960757,0.09160817575882303,DEGRADED,Distribution shift (input unlike calibration set),Distribution shift (input unlike calibration set) | Poor illumination (under-exposed) | Geometric inconsistency (calibration or depth scale error),42.741320000004634,6.412827999952242,1,0.7980479184127852,0.7485326645129587,0.0,1.0,1.0,1.0,0.0,0.7538606352857576,0.9476484033480537,1.0,0.9727181580507629,0.620592505776833,1.0,-0.006105505901832231,0
approach,glare,image,0.5,19,1,1,0,0,1.0,1.0,1.0,0.7897263572457165,-2.1444472229999043,2.1444472229999043,2.1495817387321066,0.09117458146034418,DEGRADED,Distribution shift (input unlike calibration set),Distribution shift (input unlike calibration set) | Poor illumination (under-exposed) | Geometric inconsistency (calibration or depth scale error),43.71992400012914,6.790539000007811,1,0.8945118725820772,0.7039453331863302,0.0,1.0,1.0,1.0,0.0,0.7383132097454853,0.942452104165506,1.0,0.9693605502383374,0.5815472788891296,1.0,-0.0050871268562637795,0
approach,glare,image,0.5,20,1,1,0,0,1.0,1.0,1.0,0.7575673671902845,-2.1452866015226952,2.1452866015226952,2.1500160263053645,0.09154485791323014,DEGRADED,Distribution shift (input unlike calibration set),Distribution shift (input unlike calibration set) | Poor illumination (under-exposed) | Geometric inconsistency (calibration or depth scale error),43.39073799997095,6.456374999970649,1,0.8549655224034881,0.8474825546015009,0.0,1.0,1.0,1.0,0.0,0.7169478523441272,0.9260465105438057,1.0,0.9646991739592709,0.5568793777245628,1.0,-0.005926505379054703,0
approach,glare,image,0.5,21,1,1,0,0,1.0,1.0,1.0,0.7345947004757141,-2.1449582058450467,2.1449582058450467,2.1499628525235606,0.0895948561117704,DEGRADED,Distribution shift (input unlike calibration set),Distribution shift (input unlike calibration set) | Poor illumination (under-exposed) | Geometric inconsistency (calibration or depth scale error),43.38509800004431,6.770155000026534,1,0.7699210172018389,0.877225135919191,0.0,1.0,1.0,1.0,0.0,0.6947702243774607,0.9121259724893216,1.0,0.9587280596189461,0.5034292705579483,1.0,-0.005598109701406173,0
approach,glare,image,0.5,22,1,1,0,0,1.0,1.0,1.0,0.6871631890351276,-2.1449299791584835,2.1449299791584835,2.1499700153056587,0.09039491768134283,DEGRADED,Distribution shift (input unlike calibration set),Distribution shift (input unlike calibration set) | Poor illumination (under-exposed) | Geometric inconsistency (calibration or depth scale error),44.31358699991961,6.75160900004812,1,0.8984755973835999,1.0,0.0,1.0,1.0,1.0,0.0,0.6653900880642669,0.8783688707645074,1.0,0.9488839392247721,0.4579879818081363,1.0,-0.005569883014842958,0
approach,glare,image,0.5,23,1,1,0,0,1.0,1.0,1.0,0.6353737789119208,-2.144843101501465,2.144843101501465,2.149916318140697,0.08749474395419529,DEGRADED,Distribution shift (input unlike calibration set),Distribution shift (input unlike calibration set) | Poor illumination (under-exposed) | Geometric inconsistency (calibration or depth scale error),45.14944300001389,7.241259000011269,1,0.850310141363109,1.0,0.0,1.0,1.0,1.0,0.0,0.6301228335353233,0.8151645653717503,1.0,0.9342138715527208,0.39031239293354525,1.0,-0.005483005357824311,0
approach,glare,image,0.75,0,1,0,0,1,0.0,0.0,0.0,,,,,0.00010190607149487855,DEGRADED,Geometric inconsistency (calibration or depth scale error),Geometric inconsistency (calibration or depth scale error) | Low detector confidence | Distribution shift (input unlike calibration set),40.39252400002624,6.04584600000635,0,0.0,0.4214696965288896,0.0,0.4529415513686052,1.0,0.7961610984494886,0.0,0.0,0.0,0.0,0.0,0.0,1.0,,1
approach,glare,image,0.75,1,1,0,0,1,0.0,0.0,0.0,,,,,9.995488327380184e-05,DEGRADED,Geometric inconsistency (calibration or depth scale error),Geometric inconsistency (calibration or depth scale error) | Low detector confidence | Distribution shift (input unlike calibration set),40.292769999950906,6.171154999947248,0,0.0,0.3421322148335679,0.0,0.4555291480885398,1.0,0.7847454192796176,0.0,0.0,0.0,0.0,0.0,0.0,1.0,,1
approach,glare,image,0.75,2,1,1,0,0,1.0,1.0,1.0,1.0,-2.1388733905294686,2.1388733905294686,2.1412848983977075,0.02440491330429164,DEGRADED,Distribution shift (input unlike calibration set),Distribution shift (input unlike calibration set) | Unstable tracking / temporal disagreement | Poor illumination (under-exposed),44.28689300004862,6.401724000056674,1,0.7660403018752256,0.4034477183139006,0.0,0.45612267132461415,1.0,0.8059740752699082,0.0,0.0,1.0,0.9975186104218362,0.9889931043189677,0.8347403550174003,1.0,0.0004867056141719672,0
approach,glare,image,0.75,3,1,0,0,1,0.0,0.0,0.0,,,,,9.993846987793931e-05,DEGRADED,Geometric inconsistency (calibration or depth scale error),Geometric inconsistency (calibration or depth scale error) | Low detector confidence | Distribution shift (input unlike calibration set),40.777464000029795,6.329885000013746,0,0.0,0.3413138542899213,0.0,0.4559742180561691,1.0,0.7844931914269478,0.0,0.0,0.0,0.0,0.0,0.0,1.0,,1
approach,glare,image,0.75,4,1,0,0,1,0.0,0.0,0.0,,,,,0.0003342618636282306,DEGRADED,Geometric inconsistency (calibration or depth scale error),Geometric inconsistency (calibration or depth scale error) | Distribution shift (input unlike calibration set) | Unstable tracking / temporal disagreement,43.44748600010462,6.413386000076571,0,0.4229820845863477,0.46829433838754786,0.0,0.45582581310449116,1.0,0.7976123423454358,0.0,0.0,0.0,0.0,0.0,0.0,1.0,,1
approach,glare,image,0.75,5,1,0,0,1,0.0,0.0,0.0,,,,,0.0003141275715554034,DEGRADED,Geometric inconsistency (calibration or depth scale error),Geometric inconsistency (calibration or depth scale error) | Distribution shift (input unlike calibration set) | Unstable tracking / temporal disagreement,44.472762000168586,6.522656000015559,0,0.2595542241326382,0.3988484312435642,0.0,0.4390774634771561,1.0,0.7915825256913546,0.0,0.0,0.0,0.0,0.0,0.0,1.0,,1
approach,glare,image,0.75,6,1,0,0,1,0.0,0.0,0.0,,,,,0.00033772489048058203,DEGRADED,Geometric inconsistency (calibration or depth scale error),Geometric inconsistency (calibration or depth scale error) | Distribution shift (input unlike calibration set) | Unstable tracking / temporal disagreement,42.619461999947816,6.3377739999168625,0,0.5517699668975334,0.40091373438565164,0.0,0.45604843864981276,1.0,0.8009891924765054,0.0,0.0,0.0,0.0,0.0,0.0,1.0,,1
approach,glare,image,0.75,7,1,0,0,1,0.0,0.0,0.0,,,,,9.997213344888986e-05,DEGRADED,Geometric inconsistency (calibration or depth scale error),Geometric inconsistency (calibration or depth scale error) | Low detector confidence | Distribution shift (input unlike calibration set),41.476861999967696,6.590071000005082,0,0.0,0.3423721777245295,0.0,0.45612267132461415,1.0,0.7849487161232017,0.0,0.0,0.0,0.0,0.0,0.0,1.0,,1
approach,glare,image,0.75,8,1,0,0,1,0.0,0.0,0.0,,,,,0.0001006136827944964,DEGRADED,Geometric inconsistency (calibration or depth scale error),Geometric inconsistency (calibration or depth scale error) | Low detector confidence | Distribution shift (input unlike calibration set),42.908271999863246,6.02657599995382,0,0.0,0.37828187331115043,0.0,0.43651226652911146,1.0,0.7925463800461338,0.0,0.0,0.0,0.0,0.0,0.0,1.0,,1
approach,glare,image,0.75,9,1,0,0,1,0.0,0.0,0.0,,,,,0.00034567128739770435,DEGRADED,Geometric inconsistency (calibration or depth scale error),Geometric inconsistency (calibration or depth scale error) | Distribution shift (input unlike calibration set) | Unstable tracking / temporal disagreement,42.90010499994423,6.46292099997936,0,0.6055973665889006,0.4699745415175946,0.0,0.45641972287473376,1.0,0.8052132415855128,0.0,0.0,0.0,0.0,0.0,0.0,1.0,,1
approach,glare,image,0.75,10,1,0,0,1,0.0,0.0,0.0,,,,,0.00031307870780788533,DEGRADED,Geometric inconsistency (calibration or depth scale error),Geometric inconsistency (calibration or depth scale error) | Distribution shift (input unlike calibration set) | Unstable tracking / temporal disagreement,43.55240799986859,6.350558999997702,0,0.27432696774801635,0.3708749426573631,0.0,0.4299546586589906,1.0,0.7881179662385059,0.0,0.0,0.0,0.0,0.0,0.0,1.0,,1
approach,glare,image,0.75,11,1,0,1,1,0.0,0.0,0.0,,,,,0.03927598472674216,DEGRADED,Geometric inconsistency (calibration or depth scale error),Geometric inconsistency (calibration or depth scale error) | Distribution shift (input unlike calibration set) | Unstable tracking / temporal disagreement,44.94087400018998,6.696267000052103,1,0.2655752101895044,0.4338358290659037,0.0,0.43269254341782754,1.0,0.8002859910957635,0.0,0.0489731652086351,0.14820333200079436,1.0,0.9875979061326935,0.04962658000628723,1.0,,1
approach,glare,image,0.75,12,1,1,0,0,1.0,1.0,1.0,0.6824145028899248,-2.136684251868207,2.136684251868207,2.1539005162845513,0.06705354628731072,DEGRADED,Distribution shift (input unlike calibration set),Distribution shift (input unlike calibration set) | Unstable tracking / temporal disagreement | Poor illumination (under-exposed),43.307168999945134,6.483782000032079,1,0.4718805191973947,0.4767621150815598,0.0,0.45612267132461415,1.0,0.8142202593657876,0.0,0.16454801476736644,0.5668070658393121,1.0,0.987597369110901,0.6823089353049457,1.0,0.0026758442754335476,0
approach,glare,image,0.75,13,1,0,1,1,0.0,0.0,0.0,,,,,0.03892912553775935,DEGRADED,Geometric inconsistency (calibration or depth scale error),Geometric inconsistency (calibration or depth scale error) | Distribution shift (input unlike calibration set) | Unstable tracking / temporal disagreement,45.59600099992167,6.4167279999765015,1,0.2543862530553363,0.4436374895840519,0.0,0.4399358746673062,1.0,0.806561472733123,0.0,0.03997792089515048,0.09643639821115056,0.9642857142857143,0.9903848437137716,0.06884312608574696,1.0,,1
approach,glare,image,0.75,14,1,0,0,1,0.0,0.0,0.0,,,,,9.994652836150813e-05,DEGRADED,Geometric inconsistency (calibration or depth scale error),Geometric inconsistency (calibration or depth scale error) | Low detector confidence | Distribution shift (input unlike calibration set),40.726846999859845,6.130718000008528,0,0.0,0.34131225104804014,0.0,0.4563454418556326,1.0,0.7848078347135089,0.0,0.0,0.0,0.0,0.0,0.0,1.0,,1
approach,glare,image,0.75,15,1,0,0,1,0.0,0.0,0.0,,,,,9.996845964839224e-05,DEGRADED,Geometric inconsistency (calibration or depth scale error),Geometric inconsistency (calibration or depth scale error) | Low detector confidence | Distribution shift (input unlike calibration set),42.69253299992215,7.879562000084661,0,0.0,0.34217378384526564,0.0,0.45619691608254004,1.0,0.7850078380153959,0.0,0.0,0.0,0.0,0.0,0.0,1.0,,1
approach,glare,image,0.75,16,1,0,0,1,0.0,0.0,0.0,,,,,0.00031920292127627715,DEGRADED,Geometric inconsistency (calibration or depth scale error),Geometric inconsistency (calibration or depth scale error) | Distribution shift (input unlike calibration set) | Unstable tracking / temporal disagreement,42.85346500000742,6.198192999931962,0,0.2722626639391799,0.4764834702008311,0.0,0.4095317334960285,1.0,0.800047469724446,0.0,0.0,0.0,0.0,0.0,0.0,1.0,,1
approach,glare,image,0.75,17,1,1,0,0,1.0,1.0,1.0,0.7724422116968302,-2.144386374432109,2.144386374432109,2.150058295715889,0.06282865737555396,DEGRADED,Distribution shift (input unlike calibration set),Distribution shift (input unlike calibration set) | Unstable tracking / temporal disagreement | Poor illumination (under-exposed),45.09422099999938,6.543211000007432,1,0.5170322122566352,0.5314317832103732,0.0,0.4522785484843373,1.0,0.8622097484442219,0.0,0.11483773247530271,0.3052581776049248,1.0,0.9767559195798832,0.5758420612799668,1.0,-0.0050262782884686885,0
approach,glare,image,0.75,18,1,0,1,1,0.0,0.0,0.0,,,,,0.04759075270690349,DEGRADED,Geometric inconsistency (calibration or depth scale error),Geometric inconsistency (calibration or depth scale error) | Distribution shift (input unlike calibration set) | Unstable tracking / temporal disagreement,44.65864599990255,6.250292000004265,1,0.5392726147566694,0.5421350220588522,0.0,0.39945936676789945,1.0,0.8372560444021527,0.0,0.11300646921877934,0.16075105243410334,0.9026019690576652,0.9727917655260299,0.07083954122692161,1.0,,1
approach,glare,image,0.75,19,1,1,0,0,1.0,1.0,1.0,0.5688601442199113,-2.1523498452228047,2.1523498452228047,2.157102203310343,0.05659972743293447,DEGRADED,Distribution shift (input unlike calibration set),Distribution shift (input unlike calibration set) | Geometric inconsistency (calibration or depth scale error) | Unstable tracking / temporal disagreement,43.784513999980845,6.823559000054047,1,0.6394920378308853,0.627455831497818,0.0,0.45176355059948653,1.0,0.9368282183406733,0.0,0.13653463928079645,0.10633873960441978,1.0,0.9720686794666688,0.22785889955955005,1.0,-0.01298974907916417,0
approach,glare,image,0.75,20,1,1,0,0,1.0,1.0,1.0,0.6578062554471362,-2.1475320277006738,2.1475320277006738,2.150393823734003,0.06277639014784404,DEGRADED,Distribution shift (input unlike calibration set),Distribution shift (input unlike calibration set) | Unstable tracking / temporal disagreement | Poor illumination (under-exposed),46.65608400000565,6.870995999975094,1,0.7293344499941494,0.7102396708734703,0.0,0.436299177801819,1.0,0.9917422414760182,0.0,0.17068231742959059,0.1262470094335828,1.0,0.9660428506911553,0.3622728642340545,1.0,-0.008171931557033218,0
approach,glare,image,0.75,21,1,1,0,0,1.0,1.0,1.0,0.6279819806169955,-2.153299756672073,2.153299756672073,2.153441634664511,0.06416781350221039,DEGRADED,Distribution shift (input unlike calibration set),Distribution shift (input unlike calibration set) | Unstable tracking / temporal disagreement | Poor illumination (under-exposed),45.83700299986049,6.777247999934843,1,0.734344802278834,0.6932524001117663,0.0,0.4304447950135001,1.0,1.0,0.0,0.1774630013703594,0.13907336564808312,1.0,0.9627568566513475,0.41742710808941574,1.0,-0.01393966052843254,0
approach,glare,image,0.75,22,1,0,0,1,0.0,0.0,0.0,,,,,0.00033403483533358554,DEGRADED,Geometric inconsistency (calibration or depth scale error),Geometric inconsistency (calibration or depth scale error) | Distribution shift (input unlike calibration set) | Unstable tracking / temporal disagreement,46.306291999940186,6.776768000008815,0,0.37614849519655946,0.6562886375448971,0.0,0.32149746347289104,1.0,0.8693376988371879,0.0,0.0,0.0,0.0,0.0,0.0,1.0,,1
approach,glare,image,0.75,23,1,0,0,1,0.0,0.0,0.0,,,,,0.0003544398974131447,DEGRADED,Geometric inconsistency (calibration or depth scale error),Geometric inconsistency (calibration or depth scale error) | Distribution shift (input unlike calibration set) | Unstable tracking / temporal disagreement,46.53709499996239,6.583589999991091,0,0.5035450241199118,0.9079350193891074,0.0,0.302757168538495,1.0,1.0,0.0,0.0,0.0,0.0,0.0,0.0,1.0,,1
approach,glare,image,1.0,0,1,0,0,1,0.0,0.0,0.0,,,,,7.591095945578809e-05,DEGRADED,Geometric inconsistency (calibration or depth scale error),Geometric inconsistency (calibration or depth scale error) | Low detector confidence | Distribution shift (input unlike calibration set),41.8481099999326,6.120688999999402,0,0.0,0.29635442594193934,0.0,0.016179286960713975,1.0,0.5503225108310273,0.0,0.0,0.0,0.0,0.0,0.0,1.0,,1
approach,glare,image,1.0,1,1,0,0,1,0.0,0.0,0.0,,,,,7.28290934030143e-05,DEGRADED,Geometric inconsistency (calibration or depth scale error),Geometric inconsistency (calibration or depth scale error) | Low detector confidence | Distribution shift (input unlike calibration set),42.751564000013786,6.651679000015065,0,0.0,0.2866327646805527,0.0,0.009967769536892641,1.0,0.5190982089853489,0.0,0.0,0.0,0.0,0.0,0.0,1.0,,1
approach,glare,image,1.0,2,1,0,0,1,0.0,0.0,0.0,,,,,7.244687204888034e-05,DEGRADED,Geometric inconsistency (calibration or depth scale error),Geometric inconsistency (calibration or depth scale error) | Low detector confidence | Distribution shift (input unlike calibration set),42.30241099992327,6.331022999916058,0,0.0,0.28533679259740796,0.0,0.009606214443434754,1.0,0.4989159524431281,0.0,0.0,0.0,0.0,0.0,0.0,1.0,,1
approach,glare,image,1.0,3,1,0,0,1,0.0,0.0,0.0,,,,,7.307210409653924e-05,DEGRADED,Geometric inconsistency (calibration or depth scale error),Geometric inconsistency (calibration or depth scale error) | Low detector confidence | Distribution shift (input unlike calibration set),41.56221700020524,6.378857000072458,0,0.0,0.29074779915461885,0.0,0.010396942675289721,1.0,0.509383232189965,0.0,0.0,0.0,0.0,0.0,0.0,1.0,,1
approach,glare,image,1.0,4,1,0,0,1,0.0,0.0,0.0,,,,,7.632121209165215e-05,DEGRADED,Geometric inconsistency (calibration or depth scale error),Geometric inconsistency (calibration or depth scale error) | Low detector confidence | Distribution shift (input unlike calibration set),41.11264599998776,6.49311500001204,0,0.0,0.30007396694351834,0.0,0.01713608147947601,1.0,0.5511043730509229,0.0,0.0,0.0,0.0,0.0,0.0,1.0,,1
approach,glare,image,1.0,5,1,0,0,1,0.0,0.0,0.0,,,,,7.327958634361133e-05,DEGRADED,Geometric inconsistency (calibration or depth scale error),Geometric inconsistency (calibration or depth scale error) | Low detector confidence | Distribution shift (input unlike calibration set),40.64267600006133,6.174591999979384,0,0.0,0.2865440031088756,0.0,0.01074095357874671,1.0,0.5263959120449242,0.0,0.0,0.0,0.0,0.0,0.0,1.0,,1
approach,glare,image,1.0,6,1,0,0,1,0.0,0.0,0.0,,,,,7.268567762787977e-05,DEGRADED,Geometric inconsistency (calibration or depth scale error),Geometric inconsistency (calibration or depth scale error) | Low detector confidence | Distribution shift (input unlike calibration set),40.3487909999285,5.7712149999815665,0,0.0,0.29176521385202525,0.0,0.009724196443265708,1.0,0.502382669175888,0.0,0.0,0.0,0.0,0.0,0.0,1.0,,1
approach,glare,image,1.0,7,1,0,0,1,0.0,0.0,0.0,,,,,7.246074315429999e-05,DEGRADED,Geometric inconsistency (calibration or depth scale error),Geometric inconsistency (calibration or depth scale error) | Low detector confidence | Distribution shift (input unlike calibration set),40.648977999921954,6.1752980000164825,0,0.0,0.2888254887687574,0.0,0.009585910282598515,1.0,0.49201766461356206,0.0,0.0,0.0,0.0,0.0,0.0,1.0,,1
approach,glare,image,1.0,8,1,0,0,1,0.0,0.0,0.0,,,,,7.251713370255782e-05,DEGRADED,Geometric inconsistency (calibration or depth scale error),Geometric inconsistency (calibration or depth scale error) | Low detector confidence | Distribution shift (input unlike calibration set),40.395313999965765,5.996310999989873,0,0.0,0.28934030619701634,0.0,0.009596837953751616,1.0,0.4968505466135012,0.0,0.0,0.0,0.0,0.0,0.0,1.0,,1
approach,glare,image,1.0,9,1,0,0,1,0.0,0.0,0.0,,,,,7.30361626825592e-05,DEGRADED,Geometric inconsistency (calibration or depth scale error),Geometric inconsistency (calibration or depth scale error) | Low detector confidence | Distribution shift (input unlike calibration set),40.09588700000677,5.98485399996207,0,0.0,0.28918843190994015,0.0,0.010269126817962658,1.0,0.5178247654670636,0.0,0.0,0.0,0.0,0.0,0.0,1.0,,1
approach,glare,image,1.0,10,1,0,0,1,0.0,0.0,0.0,,,,,7.240393806943796e-05,DEGRADED,Geometric inconsistency (calibration or depth scale error),Geometric inconsistency (calibration or depth scale error) | Low detector confidence | Distribution shift (input unlike calibration set),39.97654599993439,5.913889999987987,0,0.0,0.2865550253485458,0.0,0.009582790376919765,1.0,0.4916289154476732,0.0,0.0,0.0,0.0,0.0,0.0,1.0,,1
approach,glare,image,1.0,11,1,0,0,1,0.0,0.0,0.0,,,,,7.478921604051673e-05,DEGRADED,Geometric inconsistency (calibration or depth scale error),Geometric inconsistency (calibration or depth scale error) | Low detector confidence | Distribution shift (input unlike calibration set),41.341712999951596,6.198214000050939,0,0.0,0.29416819103137354,0.0,0.013529305947511044,1.0,0.5382959457719303,0.0,0.0,0.0,0.0,0.0,0.0,1.0,,1
approach,glare,image,1.0,12,1,0,0,1,0.0,0.0,0.0,,,,,7.25779730249868e-05,DEGRADED,Geometric inconsistency (calibration or depth scale error),Geometric inconsistency (calibration or depth scale error) | Low detector confidence | Distribution shift (input unlike calibration set),40.70000000001528,6.100870000068426,0,0.0,0.28718350053258596,0.0,0.009603087929404286,1.0,0.5104363863407457,0.0,0.0,0.0,0.0,0.0,0.0,1.0,,1
approach,glare,image,1.0,13,1,0,0,1,0.0,0.0,0.0,,,,,7.246260336735823e-05,DEGRADED,Geometric inconsistency (calibration or depth scale error),Geometric inconsistency (calibration or depth scale error) | Low detector confidence | Distribution shift (input unlike calibration set),40.02794500001983,6.167709000010291,0,0.0,0.2864522391584562,0.0,0.009607778082145944,1.0,0.4975512057363434,0.0,0.0,0.0,0.0,0.0,0.0,1.0,,1
approach,glare,image,1.0,14,1,0,0,1,0.0,0.0,0.0,,,,,7.254011986811734e-05,DEGRADED,Geometric inconsistency (calibration or depth scale error),Geometric inconsistency (calibration or depth scale error) | Low detector confidence | Distribution shift (input unlike calibration set),39.63710900006845,5.9173829999963345,0,0.0,0.28686273908707316,0.0,0.009606214443434754,1.0,0.5063004635162577,0.0,0.0,0.0,0.0,0.0,0.0,1.0,,1
approach,glare,image,1.0,15,1,0,0,1,0.0,0.0,0.0,,,,,7.237552090639623e-05,DEGRADED,Geometric inconsistency (calibration or depth scale error),Geometric inconsistency (calibration or depth scale error) | Low detector confidence | Distribution shift (input unlike calibration set),39.54652900017663,5.982493000033173,0,0.0,0.2850785893017148,0.0,0.009592153141565566,1.0,0.49168324072876424,0.0,0.0,0.0,0.0,0.0,0.0,1.0,,1
approach,glare,image,1.0,16,1,0,0,1,0.0,0.0,0.0,,,,,7.246453367943681e-05,DEGRADED,Geometric inconsistency (calibration or depth scale error),Geometric inconsistency (calibration or depth scale error) | Low detector confidence | Distribution shift (input unlike calibration set),39.90137499999946,5.8891529999982595,0,0.0,0.28199785847915626,0.0,0.009664238907885802,1.0,0.506991843580964,0.0,0.0,0.0,0.0,0.0,0.0,1.0,,1
approach,glare,image,1.0,17,1,0,0,1,0.0,0.0,0.0,,,,,7.237463033794342e-05,DEGRADED,Geometric inconsistency (calibration or depth scale error),Geometric inconsistency (calibration or depth scale error) | Low detector confidence | Distribution shift (input unlike calibration set),40.1152130001492,6.1527080000587375,0,0.0,0.2827735680087341,0.0,0.00961090612316737,1.0,0.4969729754763482,0.0,0.0,0.0,0.0,0.0,0.0,1.0,,1
approach,glare,image,1.0,18,1,0,0,1,0.0,0.0,0.0,,,,,7.633986480903455e-05,DEGRADED,Geometric inconsistency (calibration or depth scale error),Geometric inconsistency (calibration or depth scale error) | Low detector confidence | Distribution shift (input unlike calibration set),40.53209600010632,6.172999000000345,0,0.0,0.30024868501865415,0.0,0.017072052657346216,1.0,0.5558094254266999,0.0,0.0,0.0,0.0,0.0,0.0,1.0,,1
approach,glare,image,1.0,19,1,0,0,1,0.0,0.0,0.0,,,,,7.633654112561979e-05,DEGRADED,Geometric inconsistency (calibration or depth scale error),Geometric inconsistency (calibration or depth scale error) | Low detector confidence | Distribution shift (input unlike calibration set),43.55426899996928,5.881691000013234,0,0.0,0.314900832961317,0.0,0.016189823780244444,1.0,0.5505746970204476,0.0,0.0,0.0,0.0,0.0,0.0,1.0,,1
approach,glare,image,1.0,20,1,0,0,1,0.0,0.0,0.0,,,,,7.335260292874393e-05,DEGRADED,Geometric inconsistency (calibration or depth scale error),Geometric inconsistency (calibration or depth scale error) | Low detector confidence | Distribution shift (input unlike calibration set),40.428238000117744,6.082299000013336,0,0.0,0.2917595163753047,0.0,0.010851656910604076,1.0,0.5131546280463064,0.0,0.0,0.0,0.0,0.0,0.0,1.0,,1
approach,glare,image,1.0,21,1,0,0,1,0.0,0.0,0.0,,,,,0.00025207551309542285,DEGRADED,Geometric inconsistency (calibration or depth scale error),Geometric inconsistency (calibration or depth scale error) | Distribution shift (input unlike calibration set) | Unstable tracking / temporal disagreement,45.7432030000291,6.4772890000313055,0,0.3438420036488584,0.488280764778462,0.0,0.014512464243055126,1.0,0.5897839804159981,0.0,0.0,0.0,0.0,0.0,0.0,1.0,,1
approach,glare,image,1.0,22,1,0,0,1,0.0,0.0,0.0,,,,,7.249761649314014e-05,DEGRADED,Geometric inconsistency (calibration or depth scale error),Geometric inconsistency (calibration or depth scale error) | Low detector confidence | Distribution shift (input unlike calibration set),41.35475600003247,6.340827000030913,0,0.0,0.2917915354165132,0.0,0.009537665686458962,1.0,0.4915387335177655,0.0,0.0,0.0,0.0,0.0,0.0,1.0,,1
approach,glare,image,1.0,23,1,0,0,1,0.0,0.0,0.0,,,,,0.0002468767358807427,DEGRADED,Geometric inconsistency (calibration or depth scale error),Geometric inconsistency (calibration or depth scale error) | Distribution shift (input unlike calibration set) | Unstable tracking / temporal disagreement,45.42127000001983,6.23782500008474,0,0.3378425243661727,0.6684184594567381,0.0,0.007253511872069339,1.0,0.6191568844129439,0.0,0.0,0.0,0.0,0.0,0.0,1.0,,1
approach,patch_occlusion,image+depth,0.25,0,1,0,0,1,0.0,0.0,0.0,,,,,0.0010788317543882168,DEGRADED,Geometric inconsistency (calibration or depth scale error),Geometric inconsistency (calibration or depth scale error) | Low detector confidence | Unstable tracking / temporal disagreement,41.203949000077955,6.538629000033325,0,0.0,1.0,0.9398429473728147,1.0,1.0,0.8497622110423182,0.670607263812933,0.0,0.0,0.0,0.0,0.0,1.0,,1
approach,patch_occlusion,image+depth,0.25,1,1,1,0,0,1.0,1.0,1.0,0.9666666666666667,-2.144187595533289,2.144187595533289,2.1448813066604577,0.2685578362179752,DEGRADED,Unstable tracking / temporal disagreement,Unstable tracking / temporal disagreement | Distribution shift (input unlike calibration set),45.03174600017701,6.930254000053537,1,0.9409916271558144,1.0,0.9363302119826686,1.0,1.0,0.8784623202368573,0.6829424947944639,0.0,1.0,0.9694444444444444,0.9903441577618255,0.9664622166220115,1.0,-0.0048274993896484375,0
approach,patch_occlusion,image+depth,0.25,2,1,0,0,1,0.0,0.0,0.0,,,,,0.0010788388714351308,DEGRADED,Geometric inconsistency (calibration or depth scale error),Geometric inconsistency (calibration or depth scale error) | Low detector confidence | Unstable tracking / temporal disagreement,42.20506099989052,6.391907999955038,0,0.0,1.0,0.9397088897036106,1.0,1.0,0.8497270554594227,0.6707491180838199,0.0,0.0,0.0,0.0,0.0,1.0,,1
approach,patch_occlusion,image+depth,0.25,3,1,0,0,1,0.0,0.0,0.0,,,,,0.0037493792882686916,DEGRADED,Geometric inconsistency (calibration or depth scale error),Geometric inconsistency (calibration or depth scale error) | Unstable tracking / temporal disagreement | Missing depth returns,44.57729100010965,6.910778000019491,0,0.9456363190671234,0.8562249495775462,0.9360695246417627,1.0,1.0,0.8834398132557254,0.7252511867307985,0.0,0.0,0.0,0.0,0.0,1.0,,1
approach,patch_occlusion,image+depth,0.25,4,1,1,0,0,1.0,1.0,1.0,0.9167296231008137,-2.1442638480145035,2.1442638480145035,2.1464290035754257,0.8905351866175555,TRUSTED,Unstable tracking / temporal disagreement,Unstable tracking / temporal disagreement | Distribution shift (input unlike calibration set) | Geometric inconsistency (calibration or depth scale error),44.8384599998235,6.897547999983544,1,0.9449197102791569,1.0,0.9351339506706686,1.0,1.0,0.8885363106681952,0.689828934577333,0.5630175644671863,1.0,1.0,0.9889846095653251,0.890307211900948,1.0,-0.004903751870863005,0
approach,patch_occlusion,image+depth,0.25,5,1,1,0,0,1.0,1.0,1.0,0.9163363241729697,-2.143483410710875,2.143483410710875,2.145271731928735,0.8896885005788119,TRUSTED,Unstable tracking / temporal disagreement,Unstable tracking / temporal disagreement | Distribution shift (input unlike calibration set) | Geometric inconsistency (calibration or depth scale error),44.37928799995916,6.85044800002288,1,0.9457735202871526,1.0,0.935023591850638,1.0,1.0,0.8898590594385646,0.689322858059858,0.6447049201322048,0.9793821813312401,1.0,0.9882980996976558,0.7963342235886077,1.0,-0.00412331456723436,0
approach,patch_occlusion,image+depth,0.25,6,1,1,0,0,1.0,1.0,1.0,0.9099597533600792,-2.144632256549336,2.144632256549336,2.14678312067013,0.8879255818942167,TRUSTED,Unstable tracking / temporal disagreement,Unstable tracking / temporal disagreement | Distribution shift (input unlike calibration set) | Geometric inconsistency (calibration or depth scale error),43.41258800002379,6.937378000088756,1,0.9457633598584605,0.8788872888932063,0.93421853840708,1.0,1.0,0.8948466178521332,0.7312001869197764,0.6816524085853531,0.9829825890969265,1.0,0.9876312135732933,0.7885816979680329,1.0,-0.0052721604056955584,0
approach,patch_occlusion,image+depth,0.25,7,1,1,0,0,1.0,1.0,1.0,0.8970366132312876,-2.1437545444654376,2.1437545444654376,2.146578605072155,0.897516311068782,TRUSTED,Distribution shift (input unlike calibration set),Distribution shift (input unlike calibration set) | Unstable tracking / temporal disagreement | Geometric inconsistency (calibration or depth scale error),46.13648899999134,6.9373540000015055,1,0.9453592611408023,1.0,0.9338149505428008,1.0,1.0,0.900684754469298,0.6798373956481112,0.70245199053136,0.9825608060408929,1.0,0.9875998922109123,0.8078772207048321,1.0,-0.004394448321797029,0
approach,patch_occlusion,image+depth,0.25,8,1,1,0,0,1.0,1.0,1.0,0.904994105305051,-2.1480724500573203,2.1480724500573203,2.1507384839415367,0.9063126694608186,TRUSTED,Distribution shift (input unlike calibration set),Distribution shift (input unlike calibration set) | Unstable tracking / temporal disagreement | Geometric inconsistency (calibration or depth scale error),44.33955100012099,6.817562000037469,1,0.9456302336069669,1.0,0.9338142431144674,1.0,1.0,0.9055074388276456,0.7187379734748972,0.7193965369374646,0.9780883301974341,1.0,0.9869345666330657,0.8266676583369761,1.0,-0.008712353913679749,0
approach,patch_occlusion,image+depth,0.25,9,1,1,0,0,1.0,1.0,1.0,0.8675749648179915,-2.1469029136326014,2.1469029136326014,2.151187622520595,0.9052305050702447,TRUSTED,Distribution shift (input unlike calibration set),Distribution shift (input unlike calibration set) | Unstable tracking / temporal disagreement | Geometric inconsistency (calibration or depth scale error),44.55525100013347,6.658196999978827,1,0.9462874861810334,1.0,0.9330208622384129,1.0,1.0,0.9107477936770716,0.6914082975058105,0.7334654888852459,0.9706439478063579,1.0,0.9862535486940285,0.8321386377437114,1.0,-0.007542817488960907,0
approach,patch_occlusion,image+depth,0.25,10,1,1,0,0,1.0,1.0,1.0,0.8841806675990991,-2.145734330882199,2.145734330882199,2.1492545929801583,0.9025870418354436,TRUSTED,Unstable tracking / temporal disagreement,Unstable tracking / temporal disagreement | Distribution shift (input unlike calibration set) | Geometric inconsistency (calibration or depth scale error),43.156839999824115,6.848448999903667,1,0.9458806937290426,0.9164369741892295,0.9319423877439457,1.0,1.0,0.9197156055588532,0.7433050507684481,0.7390110377780432,0.9620529245600292,1.0,0.9855689360491989,0.8160352357804362,1.0,-0.006374234738558471,0
approach,patch_occlusion,image+depth,0.25,11,1,1,0,0,1.0,1.0,1.0,0.8852494423567507,-2.1460038890009336,2.1460038890009336,2.149155064047905,0.90082680438682,TRUSTED,Distribution shift (input unlike calibration set),Distribution shift (input unlike calibration set) | Geometric inconsistency (calibration or depth scale error) | Unstable tracking / temporal disagreement,45.21627999986322,6.967026999973314,1,0.9432615090965216,1.0,0.9307963538436261,1.0,1.0,0.9275428844038621,0.7042129479955328,0.7436394553778348,0.9600785581129774,1.0,0.984864858495712,0.7759288012262692,1.0,-0.006643792857293107,0
approach,patch_occlusion,image+depth,0.25,12,1,1,0,0,1.0,1.0,1.0,0.8795884854512243,-2.146078897559125,2.146078897559125,2.1499411017476793,0.8942538470657189,TRUSTED,Geometric inconsistency (calibration or depth scale error),Geometric inconsistency (calibration or depth scale error) | Distribution shift (input unlike calibration set) | Unstable tracking / temporal disagreement,44.27457200006302,6.8323419999387625,1,0.9464243812642699,1.0,0.9296188393824647,1.0,1.0,0.9362688310289928,0.7069469821555698,0.7494628212308534,0.9610588590228002,1.0,0.9835292527643485,0.7140605399977246,1.0,-0.006718801415484421,0
approach,patch_occlusion,image+depth,0.25,13,1,1,0,0,1.0,1.0,1.0,0.8690245942908891,-2.1447148115738592,2.1447148115738592,2.149778655611971,0.8925653403113688,TRUSTED,Geometric inconsistency (calibration or depth scale error),Geometric inconsistency (calibration or depth scale error) | Distribution shift (input unlike calibration set) | Unstable tracking / temporal disagreement,44.661093000172514,6.947857000000113,1,0.9472876878092389,1.0,0.9285099454696555,1.0,1.0,0.9529035852277753,0.6931410912964341,0.7500109542336285,0.9606133639842509,1.0,0.9828460120568426,0.7072572310924569,1.0,-0.005354715430218704,0
approach,patch_occlusion,image+depth,0.25,14,1,1,0,0,1.0,1.0,1.0,0.8540423466251469,-2.1444979957912267,2.1444979957912267,2.15012311520408,0.8919529253273929,TRUSTED,Geometric inconsistency (calibration or depth scale error),Geometric inconsistency (calibration or depth scale error) | Distribution shift (input unlike calibration set) | Unstable tracking / temporal disagreement,44.244303000027685,6.7509510000718365,1,0.9146026851097792,0.9030123048935448,0.9266617889483071,1.0,1.0,0.9642440860438869,0.7537112598255948,0.8107845777787778,0.9618044139229649,0.9691699604743083,0.9808469148206236,0.7004095343281828,1.0,-0.005137899647586153,0
approach,patch_occlusion,image+depth,0.25,15,1,1,0,0,1.0,1.0,1.0,0.8463288154359369,-2.1440856767737344,2.1440856767737344,2.1493671285331035,0.8954360017553085,TRUSTED,Geometric inconsistency (calibration or depth scale error),Geometric inconsistency (calibration or depth scale error) | Distribution shift (input unlike calibration set) | Unstable tracking / temporal disagreement,44.46406199997455,6.908784999950512,1,0.9465544585943472,1.0,0.9228696193664168,1.0,1.0,0.9941825063047635,0.7112134650120933,0.7986943645813499,0.9539007254688863,1.0,0.9794569674248728,0.6693343373391207,1.0,-0.004725580630093873,0
approach,patch_occlusion,image+depth,0.25,16,1,1,0,0,1.0,1.0,1.0,0.8347067305339035,-2.149187502653703,2.149187502653703,2.154156897869812,0.8580919938661064,TRUSTED,Geometric inconsistency (calibration or depth scale error),Geometric inconsistency (calibration or depth scale error) | Distribution shift (input unlike calibration set) | Missing depth returns,44.03683900000033,6.776782999963871,1,0.8530134881408581,1.0,0.9262712885081981,1.0,1.0,0.9719506988970797,0.7002642138578226,0.7875850876309723,0.9465610547461961,0.6914529914529914,0.9767033296889897,0.656989971212319,1.0,-0.00982740651006253,0
approach,patch_occlusion,image+depth,0.25,17,1,1,0,0,1.0,1.0,1.0,0.8260574827010482,-2.150362097698711,2.150362097698711,2.155351807051487,0.868444173731921,TRUSTED,Geometric inconsistency (calibration or depth scale error),Geometric inconsistency (calibration or depth scale error) | Distribution shift (input unlike calibration set) | Unstable tracking / temporal disagreement,45.79897799987975,6.920412999988912,1,0.8882659319124097,1.0,0.917632881127457,1.0,1.0,1.0,0.6741591344054513,0.7701002120946444,0.9461324335698473,0.9,0.978068008523697,0.620050780552721,1.0,-0.011002001555070251,0
approach,patch_occlusion,image+depth,0.25,18,1,1,0,0,1.0,1.0,1.0,0.8041234407914751,-2.1454656020454728,2.1454656020454728,2.1503313242645947,0.8747942079576484,TRUSTED,Geometric inconsistency (calibration or depth scale error),Geometric inconsistency (calibration or depth scale error) | Distribution shift (input unlike calibration set) | Unstable tracking / temporal disagreement,44.14721199998439,7.11745000000974,1,0.944409674041668,1.0,0.9088395469416723,1.0,1.0,1.0,0.6549984437407543,0.7544680284758414,0.9381941891243468,1.0,0.9727181580507629,0.6205930831335745,1.0,-0.006105505901832231,0
approach,patch_occlusion,image+depth,0.25,19,1,1,0,0,1.0,1.0,1.0,0.789714371930491,-2.1444472229999043,2.1444472229999043,2.1495795293847477,0.8601944509683671,TRUSTED,Geometric inconsistency (calibration or depth scale error),Geometric inconsistency (calibration or depth scale error) | Distribution shift (input unlike calibration set) | Unstable tracking / temporal disagreement,44.62677599985909,7.122453999954814,1,0.9471046088073637,1.0,0.8978963380502887,1.0,1.0,1.0,0.6089595954021547,0.7387041196419445,0.9326619927183964,1.0,0.9693605502383374,0.5815475238846296,1.0,-0.0050871268562637795,0
approach,patch_occlusion,image+depth,0.25,20,1,1,0,0,1.0,1.0,1.0,0.6053965694656135,-2.1222000536711327,2.1222000536711327,2.1599482077199994,0.8452365983663024,TRUSTED,Geometric inconsistency (calibration or depth scale error),Geometric inconsistency (calibration or depth scale error) | Distribution shift (input unlike calibration set) | Unstable tracking / temporal disagreement,44.56501799995749,7.021256000030007,1,0.9442186337588762,1.0,0.9038716314694542,1.0,1.0,1.0,0.6570999274053848,0.7113477933588427,0.7641356588099433,0.9036144578313253,0.9740693428050204,0.5639937318169433,1.0,0.017160042472507797,0
approach,patch_occlusion,image+depth,0.25,21,1,1,0,0,1.0,1.0,1.0,0.6697870503221465,-2.1472775417825467,2.1472775417825467,2.158334331382476,0.7872764947810923,TRUSTED,Geometric inconsistency (calibration or depth scale error),Geometric inconsistency (calibration or depth scale error) | Distribution shift (input unlike calibration set) | Unstable tracking / temporal disagreement,48.97725599983005,9.156082000004062,1,0.9187140548407599,1.0,0.870855243715251,1.0,1.0,1.0,0.46289851835400864,0.6770123607272973,0.6030844926874926,0.8609203296703297,0.9672825364479172,0.5026710664444146,1.0,-0.007917445638906173,0
approach,patch_occlusion,image+depth,0.25,22,1,1,0,0,1.0,1.0,1.0,0.6616482195967014,-2.1548064687977657,2.1548064687977657,2.1608655293666965,0.7312263223274112,CAUTION,Geometric inconsistency (calibration or depth scale error),Geometric inconsistency (calibration or depth scale error) | Distribution shift (input unlike calibration set) | Missing depth returns,45.38300700005493,7.082255000000259,1,0.8701580879390116,1.0,0.8655166357962629,1.0,1.0,1.0,0.43090202057925986,0.6459147650529454,0.5525983697691932,0.4954689146469968,0.9447492439455639,0.45436479598761803,1.0,-0.015446372654125184,0
approach,patch_occlusion,image+depth,0.25,23,1,1,0,0,1.0,1.0,1.0,0.6259937008044164,-2.1106503009796143,2.1106503009796143,2.1156504230792303,0.6508974097026711,CAUTION,Distribution shift (input unlike calibration set),Distribution shift (input unlike calibration set) | Geometric inconsistency (calibration or depth scale error) | Missing depth returns,46.281412999974236,7.292199000062283,1,0.8622908596507608,1.0,0.8137346503526619,1.0,1.0,1.0,0.20555927651323413,0.6102750307809449,0.5142150261162372,0.35402714932126694,0.9765667025630559,0.40462062619562733,1.0,0.028709795164026275,0
approach,patch_occlusion,image+depth,0.5,0,1,1,0,0,1.0,1.0,1.0,1.0,-2.1398468017578125,2.1398468017578125,2.1412138842079527,0.24444977811250876,DEGRADED,Unstable tracking / temporal disagreement,Unstable tracking / temporal disagreement | Distribution shift (input unlike calibration set) | Geometric inconsistency (calibration or depth scale error),44.96212399999422,6.741562000001977,1,0.9443331225717339,1.0,0.7729843023421361,1.0,1.0,0.8348978495442029,0.33484749956173177,0.0,1.0,0.9913793103448276,0.9903422328699842,0.8462155020583905,1.0,-0.0004867056141719672,0
approach,patch_occlusion,image+depth,0.5,1,1,1,0,0,1.0,1.0,1.0,0.9536231884057961,-2.144187595533289,2.144187595533289,2.1449114067931827,0.8671743811279956,TRUSTED,Distribution shift (input unlike calibration set),Distribution shift (input unlike calibration set) | Poor illumination (under-exposed),44.39967999996952,6.9475609999472,1,0.9409916271558144,1.0,0.7735870312823041,1.0,1.0,0.8355829341435634,0.35078489696708026,0.9655172413793104,0.9394130628134758,0.9694444444444444,0.9903441577618255,0.9664622166220115,1.0,-0.0048274993896484375,0
approach,patch_occlusion,image+depth,0.5,2,1,1,0,0,1.0,1.0,1.0,0.9393272027681666,-2.1388733905294686,2.1388733905294686,2.1409689649329118,0.9084519409898804,TRUSTED,Distribution shift (input unlike calibration set),Distribution shift (input unlike calibration set),44.343744000002516,6.802609000033044,1,0.9455170172615884,1.0,0.8667235085332659,1.0,1.0,0.8641765926469461,0.5376054720950205,0.9153869143364404,0.9158307255555842,0.9975186104218362,0.9889931043189677,0.9789963672422494,1.0,0.0004867056141719672,0
approach,patch_occlusion,image+depth,0.5,3,1,0,1,1,0.0,0.0,0.0,,,,,0.6365883928853276,CAUTION,Geometric inconsistency (calibration or depth scale error),Geometric inconsistency (calibration or depth scale error) | Distribution shift (input unlike calibration set) | Missing depth returns,45.305417000008674,7.0193939999398935,1,0.8942838533084141,1.0,0.7744253338575378,1.0,1.0,0.8165866049504856,0.3547232082955315,0.6973988799276204,0.6478118932732243,0.47058823529411764,0.9889947885049817,0.15196061086015777,1.0,,1
approach,patch_occlusion,image+depth,0.5,4,1,1,0,0,1.0,1.0,1.0,0.7484338571221896,-2.1442638480145035,2.1442638480145035,2.151200735067259,0.7545300570089924,TRUSTED,Geometric inconsistency (calibration or depth scale error),Geometric inconsistency (calibration or depth scale error) | Distribution shift (input unlike calibration set) | Unstable tracking / temporal disagreement,44.65220800000225,6.976136000048427,1,0.9449197102791569,1.0,0.8438088436677118,1.0,1.0,0.8644871669000092,0.48849302867790956,0.5990333711299113,0.5152431646794198,1.0,0.9889846095653251,0.37319883728272063,1.0,-0.004903751870863005,0
approach,patch_occlusion,image+depth,0.5,5,1,1,0,0,1.0,1.0,1.0,0.8297066208478263,-2.1455080612846054,2.1455080612846054,2.1475497468447413,0.7578356013015173,TRUSTED,Distribution shift (input unlike calibration set),Distribution shift (input unlike calibration set) | Geometric inconsistency (calibration or depth scale error) | Unstable tracking / temporal disagreement,45.511200000078134,6.819241000016518,1,0.9457735202871526,1.0,0.7721452923385688,1.0,1.0,0.8469565068716801,0.3470744899152123,0.6245109162276481,0.5518198386516932,1.0,0.9889715878760486,0.5162913657968187,1.0,-0.006147965140964828,0
approach,patch_occlusion,image+depth,0.5,6,1,1,0,0,1.0,1.0,1.0,0.866748439495926,-2.144632256549336,2.144632256549336,2.1467475128638234,0.7820677679708483,TRUSTED,Distribution shift (input unlike calibration set),Distribution shift (input unlike calibration set) | Geometric inconsistency (calibration or depth scale error) | Unstable tracking / temporal disagreement,43.082132000108686,6.676888000015424,1,0.9457633598584605,1.0,0.7718039581676404,1.0,1.0,0.8520855487787361,0.3482553156801188,0.6455970209785312,0.607535160693755,1.0,0.9876312135732933,0.6357361467958066,1.0,-0.0052721604056955584,0
approach,patch_occlusion,image+depth,0.5,7,1,1,0,0,1.0,1.0,1.0,0.8292707158521411,-2.147412839143172,2.147412839143172,2.1476434447779296,0.799681306343299,TRUSTED,Distribution shift (input unlike calibration set),Distribution shift (input unlike calibration set) | Unstable tracking / temporal disagreement | Geometric inconsistency (calibration or depth scale error),44.33452399973703,6.948725999905037,1,0.945200216082484,1.0,0.7711573686707935,1.0,1.0,0.8523490620322705,0.3702033730763532,0.6636833952648077,0.6309377466221154,0.9703703703703703,0.9876323896097112,0.7256298348328891,1.0,-0.008052742999531404,0
approach,patch_occlusion,image+depth,0.5,8,1,1,0,0,1.0,1.0,1.0,0.6906649449213006,-2.149804322615914,2.149804322615914,2.1622393101589577,0.7322191954663416,CAUTION,Geometric inconsistency (calibration or depth scale error),Geometric inconsistency (calibration or depth scale error) | Distribution shift (input unlike calibration set) | Unstable tracking / temporal disagreement,44.31149000015466,6.942557000002125,1,0.9454633484891233,1.0,0.8041196381574818,1.0,1.0,0.8509337120761471,0.42572009229484997,0.6472794399268337,0.6014799358948513,0.8461538461538461,0.987603010720687,0.32102061158973594,1.0,-0.010444226472273499,0
approach,patch_occlusion,image+depth,0.5,9,1,1,0,0,1.0,1.0,1.0,0.7927580085517325,-2.1583355613376796,2.1583355613376796,2.1614011446291816,0.7480278956700898,CAUTION,Distribution shift (input unlike calibration set),Distribution shift (input unlike calibration set) | Geometric inconsistency (calibration or depth scale error) | Unstable tracking / temporal disagreement,44.587054999851716,6.6693129999748635,1,0.9109441529692415,1.0,0.77133599432501,1.0,1.0,0.8572691586085541,0.34185635375133416,0.6416098910438911,0.5887620447509821,0.8017309205350118,0.9889785912779002,0.522283708001654,1.0,-0.018975465194039032,0
approach,patch_occlusion,image+depth,0.5,10,1,0,0,1,0.0,0.0,0.0,,,,,0.003478746184295389,DEGRADED,Geometric inconsistency (calibration or depth scale error),Geometric inconsistency (calibration or depth scale error) | Unstable tracking / temporal disagreement | Missing depth returns,42.772279999894636,6.6273850000015955,0,0.8924243233034685,1.0,0.7757786442595815,1.0,1.0,0.8173312602481461,0.35143875549769976,0.0,0.0,0.0,0.0,0.0,1.0,,1
approach,patch_occlusion,image+depth,0.5,11,1,1,0,0,1.0,1.0,1.0,0.8366217794266294,-2.1474429835443907,2.1474429835443907,2.1503820010468044,0.8211460648171404,TRUSTED,Geometric inconsistency (calibration or depth scale error),Geometric inconsistency (calibration or depth scale error) | Unstable tracking / temporal disagreement | Distribution shift (input unlike calibration set),44.453616000282636,6.9052150000743495,1,0.9432615090965216,1.0,0.87351800396266,1.0,1.0,0.9124560134512475,0.5926977258091233,0.5827502179795724,0.6125564465542087,1.0,0.9848909142421693,0.618412524934961,1.0,-0.008082887400750138,0
approach,patch_occlusion,image+depth,0.5,12,1,1,0,0,1.0,1.0,1.0,0.8614933992822335,-2.146078897559125,2.146078897559125,2.149977497932352,0.7834569321727589,TRUSTED,Distribution shift (input unlike calibration set),Distribution shift (input unlike calibration set) | Geometric inconsistency (calibration or depth scale error) | Unstable tracking / temporal disagreement,44.46194000013293,6.588416999989022,1,0.9464243812642699,1.0,0.766916335811278,1.0,1.0,0.8934034972854797,0.35441600150163377,0.5977984398879866,0.6378755384470256,1.0,0.9835292527643485,0.6512709039748076,1.0,-0.006718801415484421,0
approach,patch_occlusion,image+depth,0.5,13,1,1,0,0,1.0,1.0,1.0,0.86211340690985,-2.1447148115738592,2.1447148115738592,2.1498765062375615,0.8418241421522434,TRUSTED,Unstable tracking / temporal disagreement,Unstable tracking / temporal disagreement | Geometric inconsistency (calibration or depth scale error) | Distribution shift (input unlike calibration set),45.01435999986825,6.888209999942774,1,0.9472876878092389,1.0,0.8963997734107048,1.0,1.0,0.9444350746489678,0.6409003349110876,0.5790459188481168,0.6589230399901864,1.0,0.9828460120568426,0.6800589723004449,1.0,-0.005354715430218704,0
approach,patch_occlusion,image+depth,0.5,14,1,1,0,0,1.0,1.0,1.0,0.8512787985887477,-2.1422034553859532,2.1422034553859532,2.147916493889487,0.7880954675799602,TRUSTED,Distribution shift (input unlike calibration set),Distribution shift (input unlike calibration set) | Unstable tracking / temporal disagreement | Geometric inconsistency (calibration or depth scale error),44.911296000009315,7.020325999974375,1,0.9194005924767014,1.0,0.7777307927459591,1.0,1.0,0.9236631738641905,0.38005573164473117,0.5672315057115834,0.6589430731300736,0.9509881422924901,0.9821328653211618,0.6887819244677565,1.0,-0.002843359242312715,0
approach,patch_occlusion,image+depth,0.5,15,1,1,0,0,1.0,1.0,1.0,0.7064787140618991,-2.1660869432532266,2.1660869432532266,2.1673326221209863,0.7799643022501508,TRUSTED,Distribution shift (input unlike calibration set),Distribution shift (input unlike calibration set) | Geometric inconsistency (calibration or depth scale error) | Unstable tracking / temporal disagreement,44.96500699997341,6.908079000027101,1,0.946468355397133,1.0,0.7707852613673565,1.0,1.0,0.9082381466749825,0.3751873011346677,0.5923253580702857,0.5938314854695915,0.9,0.984890508463129,0.6596022668451765,1.0,-0.02672684710958606,0
approach,patch_occlusion,image+depth,0.5,16,1,1,0,0,1.0,1.0,1.0,0.6172631795516681,-2.16818088033925,2.16818088033925,2.174523028566413,0.8028448495556958,TRUSTED,Distribution shift (input unlike calibration set),Distribution shift (input unlike calibration set) | Geometric inconsistency (calibration or depth scale error) | Unstable tracking / temporal disagreement,43.16179200009174,6.539502999999058,1,0.9473334642675849,1.0,0.7947271121731969,1.0,1.0,0.9322752062224678,0.4264020012051236,0.6293060196717765,0.633560786218383,0.9791666666666666,0.9835871086475164,0.650447184994602,1.0,-0.028820784195609406,0
approach,patch_occlusion,image+depth,0.5,17,1,1,0,0,1.0,1.0,1.0,0.5605891900844296,-2.1512156362118944,2.1512156362118944,2.1539294558285995,0.6872228372014981,CAUTION,Geometric inconsistency (calibration or depth scale error),Geometric inconsistency (calibration or depth scale error) | Distribution shift (input unlike calibration set) | Unstable tracking / temporal disagreement,45.11519700008648,6.999762000077681,1,0.9465216751318503,1.0,0.7621900071149605,1.0,1.0,0.9307662097687969,0.36138546867141563,0.6085916587675163,0.6075000905146403,0.8085106382978723,0.9781205387017644,0.22135232370919544,1.0,-0.011855540068253845,0
approach,patch_occlusion,image+depth,0.5,18,1,0,0,1,0.0,0.0,0.0,,,,,0.0010269750967033446,DEGRADED,Geometric inconsistency (calibration or depth scale error),Geometric inconsistency (calibration or depth scale error) | Low detector confidence | Unstable tracking / temporal disagreement,41.458931999954984,6.739592000030825,0,0.0,1.0,0.8226546142101483,1.0,1.0,0.8188986902489964,0.443656552971181,0.0,0.0,0.0,0.0,0.0,1.0,,1
approach,patch_occlusion,image+depth,0.5,19,1,1,0,0,1.0,1.0,1.0,0.5164334299022659,-2.1451066887896992,2.1451066887896992,2.16390013454991,0.6486172030292897,CAUTION,Geometric inconsistency (calibration or depth scale error),Geometric inconsistency (calibration or depth scale error) | Distribution shift (input unlike calibration set) | Unstable tracking / temporal disagreement,44.62515800003075,7.003165000014633,1,0.9469544368800326,1.0,0.7481330524135421,1.0,1.0,1.0,0.3118138549820174,0.5202933557080757,0.574782018844253,1.0,0.9712925586492199,0.14695896331640892,1.0,-0.005746592646058701,0
approach,patch_occlusion,image+depth,0.5,20,1,1,0,0,1.0,1.0,1.0,0.6529261647829999,-2.1977205691130273,2.1977205691130273,2.20356744308833,0.5791129720546497,CAUTION,Geometric inconsistency (calibration or depth scale error),Geometric inconsistency (calibration or depth scale error) | Missing depth returns | Distribution shift (input unlike calibration set),45.13124300012805,7.02338000007785,1,0.8203572174077902,1.0,0.7624379607458629,1.0,1.0,0.9339439422900281,0.3641727912770667,0.506616034059778,0.48489444578092833,0.0784313725490196,0.9972573077966409,0.31406577916190553,1.0,-0.058360472969386734,0
approach,patch_occlusion,image+depth,0.5,21,1,1,0,0,1.0,1.0,1.0,0.5705317155993272,-2.126812644626785,2.126812644626785,2.158807860374552,0.6774176909440537,CAUTION,Distribution shift (input unlike calibration set),Distribution shift (input unlike calibration set) | Geometric inconsistency (calibration or depth scale error) | Unstable tracking / temporal disagreement,45.575714999927186,7.093195999914315,1,0.9447777123050612,1.0,0.7194931700447256,1.0,1.0,1.0,0.20894439206756898,0.4953826310671114,0.4047446961587472,0.9405940594059405,0.9673986011156744,0.40736820233839444,1.0,0.012547451516855546,0
approach,patch_occlusion,image+depth,0.5,22,1,1,0,0,1.0,1.0,1.0,0.6198076815779062,-2.116928193880163,2.116928193880163,2.126980460833105,0.6233393630147872,CAUTION,Distribution shift (input unlike calibration set),Distribution shift (input unlike calibration set) | Geometric inconsistency (calibration or depth scale error) | Unstable tracking / temporal disagreement,45.46128399999816,6.97873299998264,1,0.8630987984866736,1.0,0.7071913450387963,1.0,1.0,1.0,0.14715170188836335,0.5246897390573162,0.32831843449865333,0.5428571428571428,0.9739712794573279,0.4218985445892487,1.0,0.022431902263477355,0
approach,patch_occlusion,image+depth,0.5,23,1,1,0,0,1.0,1.0,1.0,0.6106603763301601,-2.1502151489257812,2.1502151489257812,2.156147028695122,0.21141331307070427,DEGRADED,Distribution shift (input unlike calibration set),Distribution shift (input unlike calibration set) | Geometric inconsistency (calibration or depth scale error) | Unstable tracking / temporal disagreement,46.14393300005304,7.34246800004712,1,0.9213667750235138,1.0,0.5674173011856678,1.0,1.0,1.0,0.0,0.4996264364661924,0.3018530049514236,0.8816429640718563,0.9428258641704199,0.3733926715243628,1.0,-0.010855052782140717,0
approach,patch_occlusion,image+depth,0.75,0,1,0,0,1,0.0,0.0,0.0,,,,,0.0009917238922147406,DEGRADED,Geometric inconsistency (calibration or depth scale error),Geometric inconsistency (calibration or depth scale error) | Low detector confidence | Unstable tracking / temporal disagreement,41.43019899981937,6.320745000039096,0,0.0,1.0,0.7603361911669437,1.0,1.0,0.8024748533184399,0.32571304204101903,0.0,0.0,0.0,0.0,0.0,1.0,,1
approach,patch_occlusion,image+depth,0.75,1,1,0,1,1,0.0,0.0,0.0,,,,,0.16565000144735886,DEGRADED,Geometric inconsistency (calibration or depth scale error),Geometric inconsistency (calibration or depth scale error) | Unstable tracking / temporal disagreement | Distribution shift (input unlike calibration set),45.20398300019224,6.994802999997773,1,0.8998106516999239,1.0,0.673970156782036,1.0,1.0,0.7931362911378139,0.1409451623774558,0.0,1.0,0.9696969696969697,0.9903441577618255,0.058372013326966204,1.0,,1
approach,patch_occlusion,image+depth,0.75,2,1,0,0,1,0.0,0.0,0.0,,,,,0.0003070790806035605,DEGRADED,Geometric inconsistency (calibration or depth scale error),Geometric inconsistency (calibration or depth scale error) | Low detector confidence | Distribution shift (input unlike calibration set),53.59004999991157,10.806167999930949,0,0.0,1.0,0.6130757869742283,1.0,1.0,0.763663490138424,0.0,0.0,0.0,0.0,0.0,0.0,1.0,,1
approach,patch_occlusion,image+depth,0.75,3,1,0,0,1,0.0,0.0,0.0,,,,,0.0003072002106907106,DEGRADED,Geometric inconsistency (calibration or depth scale error),Geometric inconsistency (calibration or depth scale error) | Low detector confidence | Distribution shift (input unlike calibration set),42.95986500005711,6.731933999958528,0,0.0,1.0,0.6159323825850247,1.0,1.0,0.764452112972054,0.0,0.0,0.0,0.0,0.0,0.0,1.0,,1
approach,patch_occlusion,image+depth,0.75,4,1,0,0,1,0.0,0.0,0.0,,,,,0.0009381639312351055,DEGRADED,Geometric inconsistency (calibration or depth scale error),Geometric inconsistency (calibration or depth scale error) | Low detector confidence | Unstable tracking / temporal disagreement,42.105302999857486,6.510629999979756,0,0.0,1.0,0.6976198396861282,1.0,1.0,0.7859528870207727,0.19183731413309513,0.0,0.0,0.0,0.0,0.0,1.0,,1
approach,patch_occlusion,image+depth,0.75,5,1,0,0,1,0.0,0.0,0.0,,,,,0.0025861401571018695,DEGRADED,Geometric inconsistency (calibration or depth scale error),Geometric inconsistency (calibration or depth scale error) | Unstable tracking / temporal disagreement | Distribution shift (input unlike calibration set),44.840042999794605,6.796890999908101,0,0.9457735202871526,1.0,0.6151803862664815,1.0,1.0,0.8055871329344313,0.01543533253882512,0.0,0.0,0.0,0.0,0.0,1.0,,1
approach,patch_occlusion,image+depth,0.75,6,1,1,0,0,1.0,1.0,1.0,0.862018736377208,-2.144632256549336,2.144632256549336,2.1468348403249564,0.6649615910600302,CAUTION,Unstable tracking / temporal disagreement,Unstable tracking / temporal disagreement | Distribution shift (input unlike calibration set) | Geometric inconsistency (calibration or depth scale error),44.060632000196165,6.638550000047871,1,0.9457633598584605,1.0,0.7001708262568394,1.0,1.0,0.8331826949660049,0.21578751029223808,0.2049964506875545,0.6022503108195453,1.0,0.9876312135732933,0.603783649321321,1.0,-0.0052721604056955584,0
approach,patch_occlusion,image+depth,0.75,7,1,1,0,0,1.0,1.0,1.0,0.8775731872535991,-2.1437545444654376,2.1437545444654376,2.1466900978044374,0.7306276950961565,CAUTION,Unstable tracking / temporal disagreement,Unstable tracking / temporal disagreement | Distribution shift (input unlike calibration set) | Geometric inconsistency (calibration or depth scale error),45.923149999907764,7.261880999976711,1,0.9453592611408023,1.0,0.7447954055359451,1.0,1.0,0.8508805369593245,0.30027011361206857,0.29815742152341557,0.6686962637929712,1.0,0.9875998922109123,0.7171746417673104,1.0,-0.004394448321797029,0
approach,patch_occlusion,image+depth,0.75,8,1,0,0,1,0.0,0.0,0.0,,,,,0.0009150923616352251,DEGRADED,Geometric inconsistency (calibration or depth scale error),Geometric inconsistency (calibration or depth scale error) | Low detector confidence | Unstable tracking / temporal disagreement,42.494641999951455,6.707571999982065,0,0.0,1.0,0.6829743046112124,1.0,1.0,0.7820918654571019,0.1488113580120074,0.0,0.0,0.0,0.0,0.0,1.0,,1
approach,patch_occlusion,image+depth,0.75,9,1,0,0,1,0.0,0.0,0.0,,,,,0.0003070946025846188,DEGRADED,Geometric inconsistency (calibration or depth scale error),Geometric inconsistency (calibration or depth scale error) | Low detector confidence | Distribution shift (input unlike calibration set),42.69326100006765,6.636465000042335,0,0.0,1.0,0.6134383439951627,1.0,1.0,0.7637691956356457,0.0,0.0,0.0,0.0,0.0,0.0,1.0,,1
approach,patch_occlusion,image+depth,0.75,10,1,1,0,0,1.0,1.0,1.0,0.7537390778629024,-2.1349721162215545,2.1349721162215545,2.1533391056281954,0.6871630712124305,CAUTION,Distribution shift (input unlike calibration set),Distribution shift (input unlike calibration set) | Unstable tracking / temporal disagreement | Geometric inconsistency (calibration or depth scale error),44.720068000060564,6.875627999988865,1,0.9462645492518064,1.0,0.6893981075938365,1.0,1.0,0.8432087849374221,0.18043284504619583,0.2718939024932117,0.6492881782095978,1.0,0.9875967087179821,0.7236953655070135,1.0,0.0043879799220860605,0
approach,patch_occlusion,image+depth,0.75,11,1,1,0,0,1.0,1.0,1.0,0.7536120719034567,-2.1316034068231993,2.1316034068231993,2.1410906658767543,0.6346062113225666,CAUTION,Distribution shift (input unlike calibration set),Distribution shift (input unlike calibration set) | Unstable tracking / temporal disagreement | Geometric inconsistency (calibration or depth scale error),45.00485199991999,7.051014000012401,1,0.8796057008780849,1.0,0.6745290251655252,1.0,1.0,0.8328351185856063,0.14327356974919037,0.3128427493680855,0.621471594097274,0.7561461794019934,0.9862234122415515,0.5032241160789317,1.0,0.007756689320441268,0
approach,patch_occlusion,image+depth,0.75,12,1,0,0,1,0.0,0.0,0.0,,,,,0.0009676760055915968,DEGRADED,Geometric inconsistency (calibration or depth scale error),Geometric inconsistency (calibration or depth scale error) | Low detector confidence | Unstable tracking / temporal disagreement,42.03037900003892,6.48045999992064,0,0.0,1.0,0.7282935785138451,1.0,1.0,0.7940295075460441,0.2589897207184172,0.0,0.0,0.0,0.0,0.0,1.0,,1
approach,patch_occlusion,image+depth,0.75,13,1,1,0,0,1.0,1.0,1.0,0.8116732446478883,-2.143470266590949,2.143470266590949,2.1490794896308167,0.7130428485506838,CAUTION,Distribution shift (input unlike calibration set),Distribution shift (input unlike calibration set) | Unstable tracking / temporal disagreement | Geometric inconsistency (calibration or depth scale error),45.83478900008231,7.2033120000014605,1,0.9472876878092389,1.0,0.7313199569246889,1.0,1.0,0.9009392918192328,0.2863722558784101,0.30896822153137227,0.6187941903831082,1.0,0.9834980820067658,0.5930339409862542,1.0,-0.004110170447308548,0
approach,patch_occlusion,image+depth,0.75,14,1,1,0,0,1.0,1.0,1.0,0.8352834578299706,-2.1444979957912267,2.1444979957912267,2.150011150624565,0.7047661636687025,CAUTION,Distribution shift (input unlike calibration set),Distribution shift (input unlike calibration set) | Unstable tracking / temporal disagreement | Geometric inconsistency (calibration or depth scale error),44.59489599992139,6.8594750000556814,1,0.9465176823135031,1.0,0.691307810380202,1.0,1.0,0.9093650763662184,0.18814489869117745,0.36573108478744826,0.6593938315288016,1.0,0.9808469148206236,0.6593818633664449,1.0,-0.005137899647586153,0
approach,patch_occlusion,image+depth,0.75,15,1,1,0,0,1.0,1.0,1.0,0.6994279343326139,-2.1660869432532266,2.1660869432532266,2.167458493455867,0.6361531581480225,CAUTION,Distribution shift (input unlike calibration set),Distribution shift (input unlike calibration set) | Unstable tracking / temporal disagreement | Geometric inconsistency (calibration or depth scale error),45.29112900002019,6.952935000072102,1,0.946468355397133,1.0,0.6351482584087143,1.0,1.0,0.8725155315622628,0.06987374448014505,0.4130632762065072,0.5903190825650654,0.9,0.984890508463129,0.6496575779054413,1.0,-0.02672684710958606,0
approach,patch_occlusion,image+depth,0.75,16,1,1,0,0,1.0,1.0,1.0,0.7665119692227698,-2.15013831594716,2.15013831594716,2.1514806432804994,0.6634360620849946,CAUTION,Distribution shift (input unlike calibration set),Distribution shift (input unlike calibration set) | Unstable tracking / temporal disagreement | Geometric inconsistency (calibration or depth scale error),44.36335299999428,6.770626999923479,1,0.9474269948603227,1.0,0.6387444703422167,1.0,1.0,0.9529649782598214,0.09033973589552236,0.46093372724073284,0.5477006578641116,1.0,0.9794681241537687,0.6507545692990152,1.0,-0.010778219803519562,0
approach,patch_occlusion,image+depth,0.75,17,1,1,0,0,1.0,1.0,1.0,0.6059815218116069,-2.146094405132793,2.146094405132793,2.164104421219062,0.20437412424969947,DEGRADED,Distribution shift (input unlike calibration set),Distribution shift (input unlike calibration set) | Geometric inconsistency (calibration or depth scale error) | Unstable tracking / temporal disagreement,44.45814199993947,6.987841999944067,1,0.9465274832255998,1.0,0.5993672407270736,1.0,1.0,0.8909423739920618,0.0,0.47187227112604035,0.48894501374886407,0.8297872340425532,0.9760806189002516,0.2292385480675288,1.0,-0.006734308989152282,0
approach,patch_occlusion,image+depth,0.75,18,1,0,1,1,0.0,0.0,0.0,,,,,0.4408591553524142,DEGRADED,Geometric inconsistency (calibration or depth scale error),Geometric inconsistency (calibration or depth scale error) | Distribution shift (input unlike calibration set) | Unstable tracking / temporal disagreement,44.54834999989998,6.964091999975608,1,0.9280961531705246,1.0,0.6072819489226133,1.0,1.0,0.858288375971436,0.019463345313584512,0.45362932153112356,0.464928689410144,0.7074898785425101,0.9753423586323975,0.08500951241183742,1.0,,1
approach,patch_occlusion,image+depth,0.75,19,1,1,0,0,1.0,1.0,1.0,0.6252211467547919,-2.1451066887896992,2.1451066887896992,2.1541308646447868,0.20298736064546777,DEGRADED,Distribution shift (input unlike calibration set),Distribution shift (input unlike calibration set) | Geometric inconsistency (calibration or depth scale error) | Unstable tracking / temporal disagreement,46.507017999942946,7.056418999923153,1,0.9471046088073637,1.0,0.5712059336258903,1.0,1.0,1.0,0.0,0.41531544706548124,0.37473954884233635,1.0,0.9699425402528461,0.23637154707964358,1.0,-0.005746592646058701,0
approach,patch_occlusion,image+depth,0.75,20,1,1,0,0,1.0,1.0,1.0,0.554469735780556,-2.1452866015226952,2.1452866015226952,2.1568583130638546,0.4741445774591599,CAUTION,Geometric inconsistency (calibration or depth scale error),Geometric inconsistency (calibration or depth scale error) | Distribution shift (input unlike calibration set) | Unstable tracking / temporal disagreement,43.56828600009521,6.578522000040721,1,0.9455296099989625,1.0,0.6131596172317515,1.0,1.0,1.0,0.01661875620113895,0.4478080672319608,0.31902012053029183,0.9538461538461539,0.9646991739592709,0.1725199650809392,1.0,-0.005926505379054703,0
approach,patch_occlusion,image+depth,0.75,21,1,1,0,0,1.0,1.0,1.0,0.6478621890168846,-2.1449582058450467,2.1449582058450467,2.1507953286853927,0.2064247951273947,DEGRADED,Distribution shift (input unlike calibration set),Distribution shift (input unlike calibration set) | Geometric inconsistency (calibration or depth scale error) | Unstable tracking / temporal disagreement,45.49047199986944,7.268012000054114,1,0.9444151501570496,1.0,0.5313709978789529,1.0,1.0,1.0,0.0,0.47985793681947814,0.2716368216704984,1.0,0.9587280596189461,0.3043436212006657,1.0,-0.005598109701406173,0
approach,patch_occlusion,image+depth,0.75,22,1,0,1,1,0.0,0.0,0.0,,,,,0.17386006884355448,DEGRADED,Geometric inconsistency (calibration or depth scale error),Geometric inconsistency (calibration or depth scale error) | Distribution shift (input unlike calibration set) | Unstable tracking / temporal disagreement,47.904006999942794,8.37691399999585,1,0.9458895458336828,1.0,0.6044150956009808,1.0,1.0,1.0,0.0,0.44421065469031684,0.162957021329781,0.7182055749128919,0.9671233273012805,0.0986795002970242,1.0,,1
approach,patch_occlusion,image+depth,0.75,23,1,0,0,1,0.0,0.0,0.0,,,,,0.0010765064279915626,DEGRADED,Geometric inconsistency (calibration or depth scale error),Geometric inconsistency (calibration or depth scale error) | Distribution shift (input unlike calibration set) | Unstable tracking / temporal disagreement,44.46041999995032,6.790587999944364,0,0.8810243804360228,1.0,0.5741081583641994,1.0,1.0,1.0,0.0,0.0,0.0,0.0,0.0,0.0,1.0,,1
approach,patch_occlusion,image+depth,1.0,0,1,1,0,0,1.0,1.0,1.0,0.6956521739130435,-2.1398468017578125,2.1398468017578125,2.155946253655263,0.06510919094697235,DEGRADED,Distribution shift (input unlike calibration set),Distribution shift (input unlike calibration set) | Unstable tracking / temporal disagreement | Geometric inconsistency (calibration or depth scale error),45.42435099995146,7.25551700008964,1,0.9249324307261787,1.0,0.5481038002519505,1.0,1.0,0.7670062153402087,0.0,0.0,1.0,0.9939148073022313,0.9903422328699842,0.24522520639648693,1.0,-0.0004867056141719672,0
approach,patch_occlusion,image+depth,1.0,1,1,0,0,1,0.0,0.0,0.0,,,,,0.0009512355740784129,DEGRADED,Geometric inconsistency (calibration or depth scale error),Geometric inconsistency (calibration or depth scale error) | Low detector confidence | Unstable tracking / temporal disagreement,43.00103000002764,6.734613999924477,0,0.0,1.0,0.7143353100649543,1.0,1.0,0.7903819585501134,0.21844646119003164,0.0,0.0,0.0,0.0,0.0,1.0,,1
approach,patch_occlusion,image+depth,1.0,2,1,0,0,1,0.0,0.0,0.0,,,,,0.0003043279697788676,DEGRADED,Geometric inconsistency (calibration or depth scale error),Geometric inconsistency (calibration or depth scale error) | Low detector confidence | Distribution shift (input unlike calibration set),41.49802000006275,6.378404999964005,0,0.0,1.0,0.5506286119743211,1.0,1.0,0.7472327439064761,0.0,0.0,0.0,0.0,0.0,0.0,1.0,,1
approach,patch_occlusion,image+depth,1.0,3,1,0,0,1,0.0,0.0,0.0,,,,,0.00106403262685302,DEGRADED,Geometric inconsistency (calibration or depth scale error),Geometric inconsistency (calibration or depth scale error) | Distribution shift (input unlike calibration set) | Unstable tracking / temporal disagreement,44.38795500004744,6.866748999982519,0,0.9456363190671234,1.0,0.5398466967429822,1.0,1.0,0.7791238331934599,0.0,0.0,0.0,0.0,0.0,0.0,1.0,,1
approach,patch_occlusion,image+depth,1.0,4,1,0,0,1,0.0,0.0,0.0,,,,,0.0003025890885930054,DEGRADED,Geometric inconsistency (calibration or depth scale error),Geometric inconsistency (calibration or depth scale error) | Low detector confidence | Distribution shift (input unlike calibration set),43.2794409998678,6.955547999950795,0,0.0,1.0,0.513914142606587,1.0,1.0,0.73754592361911,0.0,0.0,0.0,0.0,0.0,0.0,1.0,,1
approach,patch_occlusion,image+depth,1.0,5,1,0,0,1,0.0,0.0,0.0,,,,,0.0003057045195672776,DEGRADED,Geometric inconsistency (calibration or depth scale error),Geometric inconsistency (calibration or depth scale error) | Low detector confidence | Distribution shift (input unlike calibration set),43.61636600003749,6.61134500001026,0,0.0,1.0,0.5811909308395071,1.0,1.0,0.7552817388964348,0.0,0.0,0.0,0.0,0.0,0.0,1.0,,1
approach,patch_occlusion,image+depth,1.0,6,1,0,0,1,0.0,0.0,0.0,,,,,0.0003035031371778808,DEGRADED,Geometric inconsistency (calibration or depth scale error),Geometric inconsistency (calibration or depth scale error) | Low detector confidence | Distribution shift (input unlike calibration set),40.95941299999595,6.378229000006286,0,0.0,1.0,0.5329418424935575,1.0,1.0,0.7425948926181155,0.0,0.0,0.0,0.0,0.0,0.0,1.0,,1
approach,patch_occlusion,image+depth,1.0,7,1,0,0,1,0.0,0.0,0.0,,,,,0.0003064724655868547,DEGRADED,Geometric inconsistency (calibration or depth scale error),Geometric inconsistency (calibration or depth scale error) | Low detector confidence | Distribution shift (input unlike calibration set),42.68592399989757,6.789318999949501,0,0.0,1.0,0.5988179226260872,1.0,1.0,0.7599477870494137,0.0,0.0,0.0,0.0,0.0,0.0,1.0,,1
approach,patch_occlusion,image+depth,1.0,8,1,0,0,1,0.0,0.0,0.0,,,,,0.0010588331633622733,DEGRADED,Geometric inconsistency (calibration or depth scale error),Geometric inconsistency (calibration or depth scale error) | Distribution shift (input unlike calibration set) | Unstable tracking / temporal disagreement,44.77040900007978,6.686413000011271,0,0.9203396260149326,1.0,0.5315071778331575,1.0,1.0,0.7607566637510373,0.0,0.0,0.0,0.0,0.0,0.0,1.0,,1
approach,patch_occlusion,image+depth,1.0,9,1,1,0,0,1.0,1.0,1.0,0.8583894073539566,-2.145268315854281,2.145268315854281,2.147435929611615,0.5205542173832135,CAUTION,Distribution shift (input unlike calibration set),Distribution shift (input unlike calibration set) | Unstable tracking / temporal disagreement | Geometric inconsistency (calibration or depth scale error),44.564412999989145,6.856901999981346,1,0.9424837069844757,1.0,0.6199944360761569,1.0,1.0,0.8295140487193016,0.025084915889824533,0.11352521866253401,0.5228516148469872,1.0,0.9862317948410332,0.7369590993689847,1.0,-0.005908219710640594,0
approach,patch_occlusion,image+depth,1.0,10,1,0,1,1,0.0,0.0,0.0,,,,,0.1352760123713895,DEGRADED,Geometric inconsistency (calibration or depth scale error),Geometric inconsistency (calibration or depth scale error) | Distribution shift (input unlike calibration set) | Unstable tracking / temporal disagreement,44.4886300001599,6.913791999977548,1,0.8677903871240479,1.0,0.54793437116607,1.0,1.0,0.7520773768132917,0.0,0.10473903579617501,0.2965928592099382,0.23707664884135474,0.9903766660375829,0.0666189328616742,1.0,,1
approach,patch_occlusion,image+depth,1.0,11,1,0,0,1,0.0,0.0,0.0,,,,,0.0003033724014478347,DEGRADED,Geometric inconsistency (calibration or depth scale error),Geometric inconsistency (calibration or depth scale error) | Low detector confidence | Distribution shift (input unlike calibration set),42.12823299997126,6.560580000041227,0,0.0,1.0,0.5301924222752912,1.0,1.0,0.7418508243222539,0.0,0.0,0.0,0.0,0.0,0.0,1.0,,1
approach,patch_occlusion,image+depth,1.0,12,1,0,0,1,0.0,0.0,0.0,,,,,0.00030260014577439547,DEGRADED,Geometric inconsistency (calibration or depth scale error),Geometric inconsistency (calibration or depth scale error) | Low detector confidence | Distribution shift (input unlike calibration set),41.23344699996778,6.381925000027877,0,0.0,1.0,0.514124956249979,1.0,1.0,0.7376367106031084,0.0,0.0,0.0,0.0,0.0,0.0,1.0,,1
approach,patch_occlusion,image+depth,1.0,13,1,1,0,0,1.0,1.0,1.0,0.6742181618542779,-2.147202947865363,2.147202947865363,2.1512668074640744,0.17487664728385416,DEGRADED,Distribution shift (input unlike calibration set),Distribution shift (input unlike calibration set) | Unstable tracking / temporal disagreement | Geometric inconsistency (calibration or depth scale error),45.011160000058226,6.993886000032035,1,0.9472876878092389,1.0,0.5679683878574879,1.0,1.0,0.8578981324115353,0.0,0.09276509730044513,0.1669878182057879,1.0,0.9842097942103323,0.337923271049402,1.0,-0.00784285172172261,0
approach,patch_occlusion,image+depth,1.0,14,1,0,1,1,0.0,0.0,0.0,,,,,0.14294368644959124,DEGRADED,Geometric inconsistency (calibration or depth scale error),Geometric inconsistency (calibration or depth scale error) | Distribution shift (input unlike calibration set) | Unstable tracking / temporal disagreement,44.98387900002854,6.8427730000166775,1,0.9459249462360213,1.0,0.5953532923626215,1.0,1.0,0.7935802376149971,0.0,0.1036546322849017,0.15184517150837049,0.56,0.9821349067648435,0.0756639948106547,1.0,,1
approach,patch_occlusion,image+depth,1.0,15,1,0,0,1,0.0,0.0,0.0,,,,,0.00030473601239582585,DEGRADED,Geometric inconsistency (calibration or depth scale error),Geometric inconsistency (calibration or depth scale error) | Low detector confidence | Distribution shift (input unlike calibration set),42.01635399999759,6.421402999990278,0,0.0,1.0,0.5595301826951358,1.0,1.0,0.7496144465009174,0.0,0.0,0.0,0.0,0.0,0.0,1.0,,1
approach,patch_occlusion,image+depth,1.0,16,1,1,0,0,1.0,1.0,1.0,0.6716306055572108,-2.1444305751634687,2.1444305751634687,2.1508157024362475,0.16492546800927704,DEGRADED,Distribution shift (input unlike calibration set),Distribution shift (input unlike calibration set) | Unstable tracking / temporal disagreement | Geometric inconsistency (calibration or depth scale error),43.94064999996772,6.984731999978067,1,0.9474269948603227,1.0,0.4291896956696366,1.0,1.0,0.8977845928037954,0.0,0.07868475523198852,0.13928950021883948,1.0,0.9781050810622701,0.29345311323638146,1.0,-0.005070479019828156,0
approach,patch_occlusion,image+depth,1.0,17,1,0,1,1,0.0,0.0,0.0,,,,,0.17178034492447938,DEGRADED,Distribution shift (input unlike calibration set),Distribution shift (input unlike calibration set) | Unstable tracking / temporal disagreement | Geometric inconsistency (calibration or depth scale error),44.621510000069975,6.98600099997293,1,0.9463188978587865,1.0,0.4763758729444565,1.0,1.0,0.7941935600459625,0.0,0.10482098776256947,0.17107788462427392,0.5454545454545454,0.9917282633807658,0.4462290978461103,1.0,,1
approach,patch_occlusion,image+depth,1.0,18,1,1,0,0,1.0,1.0,1.0,0.636186670126272,-2.1598193541817032,2.1598193541817032,2.167101433619149,0.18392828730645513,DEGRADED,Distribution shift (input unlike calibration set),Distribution shift (input unlike calibration set) | Unstable tracking / temporal disagreement | Geometric inconsistency (calibration or depth scale error),44.9642240000685,7.036789000039789,1,0.8915134419842516,1.0,0.5017842226857057,1.0,1.0,0.9266122322993077,0.0,0.13457508604845025,0.19074101832477086,0.659171597633136,0.9849425612945872,0.5342514417599576,1.0,-0.0204592580380627,0
approach,patch_occlusion,image+depth,1.0,19,1,0,0,1,0.0,0.0,0.0,,,,,0.001047765836596798,DEGRADED,Geometric inconsistency (calibration or depth scale error),Geometric inconsistency (calibration or depth scale error) | Distribution shift (input unlike calibration set) | Unstable tracking / temporal disagreement,43.726057000071705,6.712904999972125,0,0.8635545588745628,1.0,0.5082586067941772,1.0,1.0,0.7405965102034915,0.0,0.0,0.0,0.0,0.0,0.0,1.0,,1
approach,patch_occlusion,image+depth,1.0,20,1,0,1,1,0.0,0.0,0.0,,,,,0.5591414679071398,CAUTION,Distribution shift (input unlike calibration set),Distribution shift (input unlike calibration set) | Unstable tracking / temporal disagreement | Geometric inconsistency (calibration or depth scale error),45.01061100006609,6.9424890000391315,1,0.9464793735837784,1.0,0.6593762639754679,1.0,1.0,1.0,0.12947045838663052,0.15357987877131896,0.14457198288442452,0.921875,0.9795964957795863,0.4937324692683695,1.0,,1
approach,patch_occlusion,image+depth,1.0,21,1,1,0,0,1.0,1.0,1.0,0.6186332468827904,-2.1556131321450955,2.1556131321450955,2.1560392395265073,0.18240514914884692,DEGRADED,Distribution shift (input unlike calibration set),Distribution shift (input unlike calibration set) | Unstable tracking / temporal disagreement | Geometric inconsistency (calibration or depth scale error),45.41659900007744,7.14012499997807,1,0.9101685471646489,1.0,0.4356011186564239,1.0,1.0,1.0,0.0,0.1425249805982375,0.11971487243896832,0.9357142857142857,0.9673232400350036,0.49627155558383906,1.0,-0.016253036001455,0
approach,patch_occlusion,image+depth,1.0,22,1,0,0,1,0.0,0.0,0.0,,,,,0.0031792445718131696,DEGRADED,Geometric inconsistency (calibration or depth scale error),Geometric inconsistency (calibration or depth scale error) | Unstable tracking / temporal disagreement | Distribution shift (input unlike calibration set),43.070671000123184,6.649230999983047,0,0.9464827731456127,1.0,0.6602538288232125,1.0,1.0,0.8850786115645187,0.1335035330135783,0.0,0.0,0.0,0.0,0.0,1.0,,1
approach,patch_occlusion,image+depth,1.0,23,1,0,1,1,0.0,0.0,0.0,,,,,0.16265876202321586,DEGRADED,Distribution shift (input unlike calibration set),Distribution shift (input unlike calibration set) | Unstable tracking / temporal disagreement | Geometric inconsistency (calibration or depth scale error),45.06715099989833,7.057566999947085,1,0.8431901107337827,1.0,0.4717917373431786,1.0,1.0,1.0,0.0,0.16183192383517245,0.08736210739162108,0.35611015490533565,0.9448923114225236,0.3573379179049963,1.0,,1
approach,depth_degradation,depth,0.25,0,1,1,0,0,1.0,1.0,1.0,1.0,-2.1121749877929688,2.1121749877929688,2.1135509480189936,0.2410187530805277,DEGRADED,Unstable tracking / temporal disagreement,Unstable tracking / temporal disagreement | Motion blur or defocus | Distribution shift (input unlike calibration set),43.53320499990332,6.548011999939263,1,0.9443331225717339,0.46777636306368964,0.8997038174424591,1.0,1.0,0.9211100974926805,0.7216504489715836,0.0,1.0,0.8807471264367817,0.7295036703134153,0.8428482328550186,1.0,0.027185108350671783,0
approach,depth_degradation,depth,0.25,1,1,1,0,0,1.0,1.0,1.0,0.9536231884057961,-2.148215915845789,2.148215915845789,2.1489394140218696,0.8606553610221437,TRUSTED,Motion blur or defocus,Motion blur or defocus | Distribution shift (input unlike calibration set) | Inconsistent depth within objects,42.3570140000038,6.0391020000452045,1,0.9409916271558144,0.4943461922471208,0.899782341987481,1.0,1.0,0.9216406967423271,0.7304412672928442,0.9655172413793104,0.9394130628134758,0.8958333333333334,0.7449414672048715,0.9659014171621916,1.0,-0.008855819702148438,0
approach,depth_degradation,depth,0.25,2,1,1,0,0,1.0,1.0,1.0,0.9393272027681666,-2.013076118800953,2.013076118800953,2.0152482793412534,0.8149061617669588,TRUSTED,Motion blur or defocus,Motion blur or defocus | Distribution shift (input unlike calibration set) | Inconsistent depth within objects,44.00389700015239,6.500812000012957,1,0.9455170172615884,0.3104798363888204,0.9002457075459435,1.0,1.0,0.9255493450010811,0.6487729488135039,0.9153869143364404,0.9158307255555842,0.892059553349876,0.7525877273701146,0.9977095025049442,1.0,0.1262839773426876,0
approach,depth_degradation,depth,0.25,3,1,1,0,0,1.0,1.0,1.0,0.952995945833292,-2.1514596524445935,2.1514596524445935,2.1532595974179665,0.793521805761387,TRUSTED,Motion blur or defocus,Motion blur or defocus | Distribution shift (input unlike calibration set) | Inconsistent depth within objects,41.989588000092226,6.33106299994779,1,0.9456363190671234,0.2813168465426291,0.9003744595026459,1.0,1.0,0.9265486920076027,0.6279911617646414,0.9132667179774656,0.9242887448430572,0.8995037220843672,0.743968125530707,0.8711082600526803,1.0,-0.01209955630095294,0
approach,depth_degradation,depth,0.25,4,1,1,0,0,1.0,1.0,1.0,0.9095231796911493,-2.124902352042824,2.124902352042824,2.127072515525567,0.8607009728201305,TRUSTED,Motion blur or defocus,Motion blur or defocus | Distribution shift (input unlike calibration set) | Inconsistent depth within objects,44.337075000044024,6.640444000026946,1,0.9449197102791569,0.530359249220086,0.9009177644627975,1.0,1.0,0.9317305623482077,0.7504009801350103,0.8921811995439302,0.9423710651736035,0.9230769230769231,0.7883424441714811,0.8882563471371536,1.0,0.014457744100816683,0
approach,depth_degradation,depth,0.25,5,1,1,0,0,1.0,1.0,1.0,0.9114950915286646,-2.1863968476005233,2.1863968476005233,2.1881419695576447,0.8438145041369032,TRUSTED,Motion blur or defocus,Motion blur or defocus | Geometric inconsistency (calibration or depth scale error) | Distribution shift (input unlike calibration set),42.66205199996875,6.151048999981867,1,0.9457735202871526,0.5090493910355729,0.9010889621195118,1.0,1.0,0.9330374359440345,0.7461487003770324,0.8902994592222496,0.9440386181314494,0.9025974025974026,0.7802891679713791,0.7865341768752203,1.0,-0.0470367514568828,0
approach,depth_degradation,depth,0.25,6,1,1,0,0,1.0,1.0,1.0,0.9070515352074006,-2.1245249872622267,2.1245249872622267,2.1266499308002165,0.8056870721441032,TRUSTED,Motion blur or defocus,Motion blur or defocus | Distribution shift (input unlike calibration set) | Geometric inconsistency (calibration or depth scale error),45.30693000003794,6.841896999958408,1,0.9457633598584605,0.3324685070503144,0.9017122064813522,1.0,1.0,0.9380912267921488,0.6727794043871355,0.8794262513784692,0.9510303196960103,0.9071428571428571,0.7985290312698615,0.7881552044578054,1.0,0.014835108881413817,0
approach,depth_degradation,depth,0.25,7,1,1,0,0,1.0,1.0,1.0,0.895462028304939,-2.148929181306258,2.148929181306258,2.1517162164163444,0.8550378474971295,TRUSTED,Motion blur or defocus,Motion blur or defocus | Distribution shift (input unlike calibration set) | Geometric inconsistency (calibration or depth scale error),42.48308899991571,6.333314000016799,1,0.9453592611408023,0.543227178269581,0.9023283765598573,1.0,1.0,0.9438466811365617,0.7656387932336487,0.868632858052334,0.9544417849303355,0.9117117117117117,0.8090534510375087,0.8051468855709122,1.0,-0.009569085162617341,0
approach,depth_degradation,depth,0.25,8,1,1,0,0,1.0,1.0,1.0,0.9041644063674215,-2.1342746900475547,2.1342746900475547,2.1369306903462393,0.8361077288717298,TRUSTED,Motion blur or defocus,Motion blur or defocus | Distribution shift (input unlike calibration set) | Geometric inconsistency (calibration or depth scale error),44.150286999865784,6.535384000017075,1,0.9456302336069669,0.4378288826991194,0.9029021009383505,1.0,1.0,0.9485351682989323,0.7356029992499717,0.8625065741585757,0.9551470004924516,0.8865131578947368,0.8105279778798664,0.8277891503673213,1.0,0.005085406096085876,0
approach,depth_degradation,depth,0.25,9,1,1,0,0,1.0,1.0,1.0,0.8887071526171582,-2.106747502866,2.106747502866,2.10911241108267,0.8523787132912096,TRUSTED,Motion blur or defocus,Motion blur or defocus | Distribution shift (input unlike calibration set) | Geometric inconsistency (calibration or depth scale error),42.42229799990582,6.252973999949063,1,0.9424837069844757,0.5136626854522534,0.9036456081168912,1.0,1.0,0.9549836533118092,0.7679293377590012,0.8546286396900773,0.9550387818811434,0.8873744619799139,0.8114677072692813,0.8384888713206387,1.0,0.032612593277640656,0
approach,depth_degradation,depth,0.25,10,1,1,0,0,1.0,1.0,1.0,0.8946753685767916,-2.1597733704940154,2.1597733704940154,2.1626761379607014,0.8355199676945636,TRUSTED,Motion blur or defocus,Motion blur or defocus | Distribution shift (input unlike calibration set) | Geometric inconsistency (calibration or depth scale error),43.287738000231,6.439952000050653,1,0.9458806937290426,0.42651137194338296,0.9045744615188167,1.0,1.0,0.9628055875672131,0.7416719392578779,0.8494114461355181,0.956973441346246,0.9011627906976745,0.8329498605855266,0.8132548502698853,1.0,-0.020413274350374877,0
approach,depth_degradation,depth,0.25,11,1,1,0,0,1.0,1.0,1.0,0.8903641576332073,-2.1608144511347227,2.1608144511347227,2.1638141888350733,0.8675404484682668,TRUSTED,Motion blur or defocus,Motion blur or defocus | Geometric inconsistency (calibration or depth scale error) | Distribution shift (input unlike calibration set),43.13047000005099,6.36902500002634,1,0.9432615090965216,0.6205871609910315,0.9054559172223958,1.0,1.0,0.9706868726561068,0.8065404394048845,0.844430060393149,0.958624460852685,0.9078947368421053,0.8450072853260889,0.7731479325349359,1.0,-0.02145435499108217,0
approach,depth_degradation,depth,0.25,12,1,1,0,0,1.0,1.0,1.0,0.8820920326765909,-2.1600073109502382,2.1600073109502382,2.163854059817208,0.8453523321177452,TRUSTED,Motion blur or defocus,Motion blur or defocus | Geometric inconsistency (calibration or depth scale error) | Distribution shift (input unlike calibration set),43.133057999966695,6.232070999999451,1,0.9464243812642699,0.5245652812463257,0.9064937145876851,1.0,1.0,0.9794472075344626,0.7908631244194988,0.8417578150642885,0.9595206504016546,0.903125,0.8444470134960027,0.7115849328099009,1.0,-0.020647214806597702,0
approach,depth_degradation,depth,0.25,13,1,1,0,0,1.0,1.0,1.0,0.870227452265836,-2.1326613218888006,2.1326613218888006,2.1377789206352036,0.8519268460006101,TRUSTED,Motion blur or defocus,Motion blur or defocus | Geometric inconsistency (calibration or depth scale error) | Distribution shift (input unlike calibration set),42.22775499988529,6.338433999985682,1,0.9472876878092389,0.5593746512839949,0.9084419722182281,1.0,1.0,0.9958499744196435,0.8124958225144125,0.8244807377161877,0.9615380488624027,0.8890476190476191,0.8626006628726783,0.709465016622366,1.0,0.00669877425483989,0
approach,depth_degradation,depth,0.25,14,1,1,0,0,1.0,1.0,1.0,0.8546100777535351,-2.133587007937223,2.133587007937223,2.1392655296412735,0.8381344059587565,TRUSTED,Motion blur or defocus,Motion blur or defocus | Geometric inconsistency (calibration or depth scale error) | Distribution shift (input unlike calibration set),44.68671600011476,6.747053000026426,1,0.9465176823135031,0.4762354239315276,0.9105402046554798,1.0,1.0,1.0,0.7938259796690255,0.8132337652955243,0.9680006314513088,0.9035573122529644,0.8729843360434127,0.7025663459491486,1.0,0.0057730882064177536,0
approach,depth_degradation,depth,0.25,15,1,1,0,0,1.0,1.0,1.0,0.8465961988071452,-2.151866705521293,2.151866705521293,2.1571623899752894,0.837088787311299,TRUSTED,Motion blur or defocus,Motion blur or defocus | Geometric inconsistency (calibration or depth scale error) | Unstable tracking / temporal disagreement,42.256414999997105,6.0845489999792335,1,0.9465544585943472,0.4961903165127105,0.913214283756225,1.0,1.0,1.0,0.810970057789527,0.797151428073022,0.9644221587408954,0.9023333333333333,0.8793072474707022,0.6677320227113152,1.0,-0.012506609377652467,0
approach,depth_degradation,depth,0.25,16,1,1,0,0,1.0,1.0,1.0,0.8348320282952361,-2.1398267124010175,2.1398267124010175,2.144820219905062,0.8848212075189854,TRUSTED,Geometric inconsistency (calibration or depth scale error),Geometric inconsistency (calibration or depth scale error) | Unstable tracking / temporal disagreement | Motion blur or defocus,49.342959000114206,6.620025000074747,1,0.9474269948603227,0.8643373594604538,0.9170181259056187,1.0,1.0,1.0,0.8776735828785295,0.7860173587757845,0.9567921949428031,0.8974358974358975,0.8910165098451373,0.6590629674565548,1.0,-0.00046661625737698387,0
approach,depth_degradation,depth,0.25,17,1,1,0,0,1.0,1.0,1.0,0.8261158107165149,-2.142395579296611,2.142395579296611,2.1474005693068965,0.8394745620533608,TRUSTED,Geometric inconsistency (calibration or depth scale error),Geometric inconsistency (calibration or depth scale error) | Motion blur or defocus | Unstable tracking / temporal disagreement,42.43977800012999,6.4002760000221315,1,0.9466177726829779,0.5473277089493775,0.9213511244484932,1.0,1.0,1.0,0.8361087330296039,0.7691238629231579,0.9552121018669155,0.9027777777777778,0.9038737637593063,0.6218835383608663,1.0,-0.0030354831529706416,0
approach,depth_degradation,depth,0.25,18,1,1,0,0,1.0,1.0,1.0,0.8041500120619413,-2.145980586176332,2.145980586176332,2.1508501889386764,0.8700625437902844,TRUSTED,Geometric inconsistency (calibration or depth scale error),Geometric inconsistency (calibration or depth scale error) | Unstable tracking / temporal disagreement | Motion blur or defocus,44.412336000050345,6.729606000021704,1,0.944409674041668,0.8062603890743729,0.9279691165086713,1.0,1.0,1.0,0.8559878171269213,0.7538606352857576,0.9476484033480537,0.903125,0.9114644765191535,0.6204588141168302,1.0,-0.006620490032691606,0
approach,depth_degradation,depth,0.25,19,1,1,0,0,1.0,1.0,1.0,0.7897263572457165,-2.14347447519717,2.14347447519717,2.148609520909657,0.840893088690161,TRUSTED,Geometric inconsistency (calibration or depth scale error),Geometric inconsistency (calibration or depth scale error) | Motion blur or defocus | Unstable tracking / temporal disagreement,43.45730700003969,6.541367999943759,1,0.9471046088073637,0.6460904810598387,0.9381652810798469,1.0,1.0,1.0,0.7929322949123336,0.7383132097454853,0.942452104165506,0.9067251461988304,0.9222503544771727,0.581815030912944,1.0,-0.0041143790535294045,0
approach,depth_degradation,depth,0.25,20,1,1,0,0,1.0,1.0,1.0,0.7575673671902845,-2.1441255030424706,2.1441255030424706,2.1488550138744866,0.8493697213583893,TRUSTED,Geometric inconsistency (calibration or depth scale error),Geometric inconsistency (calibration or depth scale error) | Distribution shift (input unlike calibration set) | Unstable tracking / temporal disagreement,44.32692099999258,6.755380999948102,1,0.9451319616738477,0.8721588134541942,0.9539331512059088,1.0,1.0,1.0,0.7101500883253993,0.7169478523441272,0.9260465105438057,0.9007867132867133,0.9295042158616634,0.5572350240212152,1.0,-0.0047654068988300935,0
approach,depth_degradation,depth,0.25,21,1,1,0,0,1.0,1.0,1.0,0.7345947004757141,-2.144414373066116,2.144414373066116,2.149418870024515,0.826847565080023,TRUSTED,Geometric inconsistency (calibration or depth scale error),Geometric inconsistency (calibration or depth scale error) | Distribution shift (input unlike calibration set) | Unstable tracking / temporal disagreement,42.57694499995068,6.53755700000147,1,0.9454375042971924,0.9180946870604101,0.9792131027046224,1.0,1.0,1.0,0.575105495286304,0.6947702243774607,0.9121259724893216,0.8986443883984867,0.9371725558950835,0.5036072275006298,1.0,-0.005054276922475509,0
approach,depth_degradation,depth,0.25,22,1,1,0,0,1.0,1.0,1.0,0.6871631890351276,-2.1448882559071407,2.1448882559071407,2.149928252243563,0.7804960469682418,TRUSTED,Distribution shift (input unlike calibration set),Distribution shift (input unlike calibration set) | Geometric inconsistency (calibration or depth scale error) | Unstable tracking / temporal disagreement,45.25672599993413,6.888174999971852,1,0.9447679459664675,1.0,0.9693214860310317,1.0,1.0,1.0,0.33608519304324214,0.6653900880642669,0.8783688707645074,0.9023785425101215,0.9399751662385751,0.4580033491510891,1.0,-0.0055281597635001845,0
approach,depth_degradation,depth,0.25,23,1,1,0,0,1.0,1.0,1.0,0.6353737789119208,-2.1449947357177734,2.1449947357177734,2.1500682761259524,0.23672688390804814,DEGRADED,Distribution shift (input unlike calibration set),Distribution shift (input unlike calibration set) | Geometric inconsistency (calibration or depth scale error) | Unstable tracking / temporal disagreement,44.528378000109115,7.072081000046637,1,0.943611166444891,1.0,0.8579559954816554,1.0,1.0,1.0,0.0,0.6301228335353233,0.8151645653717503,0.9007763511495969,0.9323971169825943,0.3902500808268189,1.0,-0.005634639574132905,0
approach,depth_degradation,depth,0.5,0,1,1,0,0,1.0,1.0,1.0,1.0,-1.7181110382080078,1.7181110382080078,1.7196483564516687,0.23299747148281125,DEGRADED,Unstable tracking / temporal disagreement,Unstable tracking / temporal disagreement | Motion blur or defocus | Inconsistent depth within objects,44.31472000010217,6.80858900000203,1,0.9443331225717339,0.46777636306368964,0.8997038174424591,1.0,1.0,0.9211100974926805,0.7216504489715836,0.0,1.0,0.8045977011494253,0.5459697484328033,0.796325024453428,1.0,0.4212490579356327,0
approach,depth_degradation,depth,0.5,1,1,1,0,0,1.0,1.0,1.0,0.9536231884057961,-2.0217434427012577,2.0217434427012577,2.022477747513896,0.8337650103397535,TRUSTED,Motion blur or defocus,Motion blur or defocus | Inconsistent depth within objects | Distribution shift (input unlike calibration set),42.473638000046776,6.3123670000777565,1,0.9409916271558144,0.4943461922471208,0.899782341987481,1.0,1.0,0.9216406967423271,0.7304412672928442,0.9655172413793104,0.9394130628134758,0.7666666666666667,0.5474183684682553,0.9836644307639629,1.0,0.11761665344238281,0
approach,depth_degradation,depth,0.5,2,1,1,0,0,1.0,1.0,1.0,0.9393272027681666,-2.135737709377125,2.135737709377125,2.1378350756396136,0.7900969857074934,TRUSTED,Motion blur or defocus,Motion blur or defocus | Distribution shift (input unlike calibration set) | Inconsistent depth within objects,43.624084000043695,6.426239000006717,1,0.9455170172615884,0.3104798363888204,0.9002457075459435,1.0,1.0,0.9255493450010811,0.6487729488135039,0.9153869143364404,0.9158307255555842,0.8014888337468983,0.5629329051034967,0.9794585265649842,1.0,0.0036223867665157172,0
approach,depth_degradation,depth,0.5,3,1,1,0,0,1.0,1.0,1.0,0.952995945833292,-1.702155071756117,1.702155071756117,1.7042067508476857,0.7796402176446319,TRUSTED,Motion blur or defocus,Motion blur or defocus | Distribution shift (input unlike calibration set) | Inconsistent depth within objects,41.72729899994465,6.274459999985993,1,0.9456363190671234,0.2813168465426291,0.9003744595026459,1.0,1.0,0.9265486920076027,0.6279911617646414,0.9132667179774656,0.9242887448430572,0.8052109181141439,0.587936696113811,0.933306715278748,1.0,0.4372050243875236,0
approach,depth_degradation,depth,0.5,4,1,1,0,0,1.0,1.0,1.0,0.9095231796911493,-2.3071218573528824,2.3071218573528824,2.309197508932054,0.834988294311778,TRUSTED,Motion blur or defocus,Motion blur or defocus | Inconsistent depth within objects | Distribution shift (input unlike calibration set),43.50967900006708,6.589999999960128,1,0.9449197102791569,0.530359249220086,0.9009177644627975,1.0,1.0,0.9317305623482077,0.7504009801350103,0.8921811995439302,0.9423710651736035,0.8257211538461539,0.6069089832137851,0.8625674378996502,1.0,-0.1677617612092419,0
approach,depth_degradation,depth,0.5,5,1,1,0,0,1.0,1.0,1.0,0.9114950915286646,-2.0988562210746444,2.0988562210746444,2.100634835781942,0.8237557501118582,TRUSTED,Motion blur or defocus,Motion blur or defocus | Inconsistent depth within objects | Distribution shift (input unlike calibration set),41.11114899990298,5.935973999953603,1,0.9457735202871526,0.5090493910355729,0.9010889621195118,1.0,1.0,0.9330374359440345,0.7461487003770324,0.8902994592222496,0.9440386181314494,0.8051948051948052,0.6148581432691435,0.797973760283846,1.0,0.04050387506899611,0
approach,depth_degradation,depth,0.5,6,1,1,0,0,1.0,1.0,1.0,0.9070515352074006,-2.0901993875918166,2.0901993875918166,2.0923419526873444,0.7850895528424522,TRUSTED,Motion blur or defocus,Motion blur or defocus | Distribution shift (input unlike calibration set) | Inconsistent depth within objects,42.39540499997929,6.429333000028237,1,0.9457633598584605,0.3324685070503144,0.9017122064813522,1.0,1.0,0.9380912267921488,0.6727794043871355,0.8794262513784692,0.9510303196960103,0.810204081632653,0.6206615127358243,0.7928491137526913,1.0,0.04916070855182397,0
approach,depth_degradation,depth,0.5,7,1,1,0,0,1.0,1.0,1.0,0.895462028304939,-2.2446551944898516,2.2446551944898516,2.2473756537192724,0.8329851462659685,TRUSTED,Motion blur or defocus,Motion blur or defocus | Inconsistent depth within objects | Geometric inconsistency (calibration or depth scale error),40.95799799995348,6.059026000002632,1,0.9453592611408023,0.543227178269581,0.9023283765598573,1.0,1.0,0.9438466811365617,0.7656387932336487,0.868632858052334,0.9544417849303355,0.8009009009009009,0.660150770677136,0.7911513800460561,1.0,-0.10529509834621109,0
approach,depth_degradation,depth,0.5,8,1,1,0,0,1.0,1.0,1.0,0.9041644063674215,-2.146783082381539,2.146783082381539,2.1494309858435643,0.8168894430491481,TRUSTED,Motion blur or defocus,Motion blur or defocus | Inconsistent depth within objects | Distribution shift (input unlike calibration set),43.85197399994922,6.6106470000022455,1,0.9456302336069669,0.4378288826991194,0.9029021009383505,1.0,1.0,0.9485351682989323,0.7356029992499717,0.8625065741585757,0.9551470004924516,0.803453947368421,0.6519532599539304,0.8257776891254673,1.0,-0.007422986237898499,0
approach,depth_degradation,depth,0.5,9,1,1,0,0,1.0,1.0,1.0,0.8887071526171582,-2.104449147763461,2.104449147763461,2.1068152371834694,0.8330404225835252,TRUSTED,Motion blur or defocus,Motion blur or defocus | Inconsistent depth within objects | Distribution shift (input unlike calibration set),41.796185000066544,6.18721800003641,1,0.9424837069844757,0.5136626854522534,0.9036456081168912,1.0,1.0,0.9549836533118092,0.7679293377590012,0.8546286396900773,0.9550387818811434,0.7955523672883787,0.6597216246907098,0.8388867256133017,1.0,0.03491094838017972,0
approach,depth_degradation,depth,0.5,10,1,1,0,0,1.0,1.0,1.0,0.8946753685767916,-2.1563763825789763,2.1563763825789763,2.15928140271589,0.8173276745360546,TRUSTED,Motion blur or defocus,Motion blur or defocus | Distribution shift (input unlike calibration set) | Inconsistent depth within objects,43.33785700009685,6.513624000035634,1,0.9458806937290426,0.42651137194338296,0.9045744615188167,1.0,1.0,0.9628055875672131,0.7416719392578779,0.8494114461355181,0.956973441346246,0.8074935400516796,0.6860261262371423,0.8138589834891359,1.0,-0.017016286435335815,0
approach,depth_degradation,depth,0.5,11,1,1,0,0,1.0,1.0,1.0,0.8903641576332073,-2.0530311335688047,2.0530311335688047,2.056105484262142,0.8532701801087136,TRUSTED,Motion blur or defocus,Motion blur or defocus | Geometric inconsistency (calibration or depth scale error) | Inconsistent depth within objects,42.70464299986543,6.369080000013128,1,0.9432615090965216,0.6205871609910315,0.9054559172223958,1.0,1.0,0.9706868726561068,0.8065404394048845,0.844430060393149,0.958624460852685,0.8112128146453089,0.7252720222392206,0.7926359067013079,1.0,0.0863289625748358,0
approach,depth_degradation,depth,0.5,12,1,1,0,0,1.0,1.0,1.0,0.8820920326765909,-2.1992862950200625,2.1992862950200625,2.2030970835961456,0.8288125981739747,TRUSTED,Motion blur or defocus,Motion blur or defocus | Geometric inconsistency (calibration or depth scale error) | Inconsistent depth within objects,43.58808299991779,6.398786999966433,1,0.9464243812642699,0.5245652812463257,0.9064937145876851,1.0,1.0,0.9794472075344626,0.7908631244194988,0.8417578150642885,0.9595206504016546,0.809375,0.728457466323397,0.7048142287429513,1.0,-0.05992619887642192,0
approach,depth_degradation,depth,0.5,13,1,1,0,0,1.0,1.0,1.0,0.870227452265836,-2.151200750599738,2.151200750599738,2.156292391598551,0.8360140317364898,TRUSTED,Motion blur or defocus,Motion blur or defocus | Geometric inconsistency (calibration or depth scale error) | Inconsistent depth within objects,41.57264200011923,6.093488000033176,1,0.9472876878092389,0.5593746512839949,0.9084419722182281,1.0,1.0,0.9958499744196435,0.8124958225144125,0.8244807377161877,0.9615380488624027,0.7952380952380952,0.7495586273130098,0.7060285211769213,1.0,-0.01184065445609761,0
approach,depth_degradation,depth,0.5,14,1,1,0,0,1.0,1.0,1.0,0.8546100777535351,-2.1167289070461095,2.1167289070461095,2.1224341087727194,0.8231574409126072,TRUSTED,Motion blur or defocus,Motion blur or defocus | Geometric inconsistency (calibration or depth scale error) | Distribution shift (input unlike calibration set),43.87578799992298,6.468332999929771,1,0.9465176823135031,0.4762354239315276,0.9105402046554798,1.0,1.0,1.0,0.7938259796690255,0.8132337652955243,0.9680006314513088,0.792094861660079,0.771610183247904,0.7059328230445244,1.0,0.022631189097531035,0
approach,depth_degradation,depth,0.5,15,1,1,0,0,1.0,1.0,1.0,0.8465961988071452,-2.1599595857703164,2.1599595857703164,2.1652448647485345,0.8218576251939731,TRUSTED,Motion blur or defocus,Motion blur or defocus | Geometric inconsistency (calibration or depth scale error) | Unstable tracking / temporal disagreement,42.65149700006532,6.307644000003165,1,0.9465544585943472,0.4961903165127105,0.913214283756225,1.0,1.0,1.0,0.810970057789527,0.797151428073022,0.9644221587408954,0.7983333333333333,0.7749715059350378,0.6660759158531734,1.0,-0.020599489626675904,0
approach,depth_degradation,depth,0.5,16,1,1,0,0,1.0,1.0,1.0,0.8348320282952361,-2.1693295810533613,2.1693295810533613,2.1742924322277553,0.869020492807174,TRUSTED,Geometric inconsistency (calibration or depth scale error),Geometric inconsistency (calibration or depth scale error) | Unstable tracking / temporal disagreement | Inconsistent depth within objects,43.30931200001942,6.436592000000019,1,0.9474269948603227,0.8643373594604538,0.9170181259056187,1.0,1.0,1.0,0.8776735828785295,0.7860173587757845,0.9567921949428031,0.796011396011396,0.7958775976680834,0.6525425838274943,1.0,-0.029969484909720734,0
approach,depth_degradation,depth,0.5,17,1,1,0,0,1.0,1.0,1.0,0.8261158107165149,-2.1355419988217577,2.1355419988217577,2.140553275539489,0.8269563078589232,TRUSTED,Motion blur or defocus,Motion blur or defocus | Geometric inconsistency (calibration or depth scale error) | Unstable tracking / temporal disagreement,41.93609199990078,6.183466999914344,1,0.9466177726829779,0.5473277089493775,0.9213511244484932,1.0,1.0,1.0,0.8361087330296039,0.7691238629231579,0.9552121018669155,0.8118055555555556,0.8144472613569896,0.6234656738944263,1.0,0.003818097321882874,0
approach,depth_degradation,depth,0.5,18,1,1,0,0,1.0,1.0,1.0,0.8041500120619413,-2.1396076575569474,2.1396076575569474,2.144481583289724,0.8571997145564956,TRUSTED,Geometric inconsistency (calibration or depth scale error),Geometric inconsistency (calibration or depth scale error) | Unstable tracking / temporal disagreement | Motion blur or defocus,44.57473900004061,6.752438000034999,1,0.944409674041668,0.8062603890743729,0.9279691165086713,1.0,1.0,1.0,0.8559878171269213,0.7538606352857576,0.9476484033480537,0.7974264705882353,0.8377585063947207,0.6221152774276367,1.0,-0.00024756141330684045,0
approach,depth_degradation,depth,0.5,19,1,1,0,0,1.0,1.0,1.0,0.7897263572457165,-2.1472553170245625,2.1472553170245625,2.152388307273036,0.8281631083978291,TRUSTED,Geometric inconsistency (calibration or depth scale error),Geometric inconsistency (calibration or depth scale error) | Motion blur or defocus | Unstable tracking / temporal disagreement,42.803859000059674,6.455000000073596,1,0.9471046088073637,0.6460904810598387,0.9381652810798469,1.0,1.0,1.0,0.7929322949123336,0.7383132097454853,0.942452104165506,0.8007309941520467,0.8490063503985571,0.5807750328708096,1.0,-0.007895220880921983,0
approach,depth_degradation,depth,0.5,20,1,1,0,0,1.0,1.0,1.0,0.7575673671902845,-2.1470098910124413,2.1470098910124413,2.1517391894406868,0.8379501538936975,TRUSTED,Geometric inconsistency (calibration or depth scale error),Geometric inconsistency (calibration or depth scale error) | Distribution shift (input unlike calibration set) | Unstable tracking / temporal disagreement,43.66803499999605,6.717055999956756,1,0.9451319616738477,0.8721588134541942,0.9539331512059088,1.0,1.0,1.0,0.7101500883253993,0.7169478523441272,0.9260465105438057,0.7972027972027972,0.8739912724677487,0.5563519498399427,1.0,-0.007649794868800797,0
approach,depth_degradation,depth,0.5,21,1,1,0,0,1.0,1.0,1.0,0.7345947004757141,-2.1453830677530057,2.1453830677530057,2.150387831485067,0.8168382444849983,TRUSTED,Geometric inconsistency (calibration or depth scale error),Geometric inconsistency (calibration or depth scale error) | Distribution shift (input unlike calibration set) | Unstable tracking / temporal disagreement,42.553985000040484,6.559149000054276,1,0.9454375042971924,0.9180946870604101,0.9792131027046224,1.0,1.0,1.0,0.575105495286304,0.6947702243774607,0.9121259724893216,0.7988650693568726,0.8925139469918444,0.5032902878890463,1.0,-0.0060229716093651575,0
approach,depth_degradation,depth,0.5,22,1,1,0,0,1.0,1.0,1.0,0.6871631890351276,-2.1434281805287227,2.1434281805287227,2.148466783927516,0.7724255412645453,TRUSTED,Distribution shift (input unlike calibration set),Distribution shift (input unlike calibration set) | Geometric inconsistency (calibration or depth scale error) | Unstable tracking / temporal disagreement,44.90320999980213,6.8510159999277676,1,0.9447679459664675,1.0,0.9693214860310317,1.0,1.0,1.0,0.33608519304324214,0.6653900880642669,0.8783688707645074,0.8075404858299595,0.9088815731360936,0.45854144321083645,1.0,-0.004068084385082216,0
approach,depth_degradation,depth,0.5,23,1,1,0,0,1.0,1.0,1.0,0.6353737789119208,-2.1451810598373413,2.1451810598373413,2.1502549980844132,0.2343872255840661,DEGRADED,Distribution shift (input unlike calibration set),Distribution shift (input unlike calibration set) | Geometric inconsistency (calibration or depth scale error) | Unstable tracking / temporal disagreement,43.821772999876885,7.023520999950961,1,0.943611166444891,1.0,0.8579559954816554,1.0,1.0,1.0,0.0,0.6301228335353233,0.8151645653717503,0.7986861749776053,0.9176074736013187,0.39017352697787144,1.0,-0.005820963693700776,0
approach,depth_degradation,depth,0.75,0,1,1,0,0,1.0,1.0,1.0,1.0,-1.9034996032714844,1.9034996032714844,1.9049518699287844,0.2262928982853216,DEGRADED,Unstable tracking / temporal disagreement,Unstable tracking / temporal disagreement | Motion blur or defocus | Inconsistent depth within objects,46.84752100001788,6.630291999954352,1,0.9443331225717339,0.46777636306368964,0.8997038174424591,1.0,1.0,0.9211100974926805,0.7216504489715836,0.0,1.0,0.6910919540229885,0.4087485949606341,0.817883170766086,1.0,0.23586049287215616,0
approach,depth_degradation,depth,0.75,1,1,1,0,0,1.0,1.0,1.0,0.9536231884057961,-2.1966034433116093,2.1966034433116093,2.1973233280732454,0.8107473023771269,TRUSTED,Motion blur or defocus,Motion blur or defocus | Inconsistent depth within objects | Distribution shift (input unlike calibration set),42.8937980000228,6.428851999999097,1,0.9409916271558144,0.4943461922471208,0.899782341987481,1.0,1.0,0.9216406967423271,0.7304412672928442,0.9655172413793104,0.9394130628134758,0.7027777777777777,0.42203301367584106,0.95919056142443,1.0,-0.05724334716796875,0
approach,depth_degradation,depth,0.75,2,1,1,0,0,1.0,1.0,1.0,0.9393272027681666,-1.6349747699239998,1.6349747699239998,1.6374528939500348,0.7671251660361069,TRUSTED,Motion blur or defocus,Motion blur or defocus | Inconsistent depth within objects | Distribution shift (input unlike calibration set),44.31367099994077,6.59652600006666,1,0.9455170172615884,0.3104798363888204,0.9002457075459435,1.0,1.0,0.9255493450010811,0.6487729488135039,0.9153869143364404,0.9158307255555842,0.7022332506203474,0.4505430124475901,0.9468483487364896,1.0,0.5043853262196407,0
approach,depth_degradation,depth,0.75,3,1,1,0,0,1.0,1.0,1.0,0.952995945833292,-1.791937786599867,1.791937786599867,1.7939282115194668,0.7568035723804148,TRUSTED,Motion blur or defocus,Motion blur or defocus | Inconsistent depth within objects | Distribution shift (input unlike calibration set),42.156283000167605,6.012123999994401,1,0.9456363190671234,0.2813168465426291,0.9003744595026459,1.0,1.0,0.9265486920076027,0.6279911617646414,0.9132667179774656,0.9242887448430572,0.7109181141439206,0.45172218130262426,0.9205325549164147,1.0,0.3474223095437736,0
approach,depth_degradation,depth,0.75,4,1,1,0,0,1.0,1.0,1.0,0.9095231796911493,-2.3327404105145035,2.3327404105145035,2.334804071681254,0.807567487971024,TRUSTED,Motion blur or defocus,Motion blur or defocus | Inconsistent depth within objects | Distribution shift (input unlike calibration set),43.78351400009706,6.4175790000717825,1,0.9449197102791569,0.530359249220086,0.9009177644627975,1.0,1.0,0.9317305623482077,0.7504009801350103,0.8921811995439302,0.9423710651736035,0.7211538461538461,0.4417946040802348,0.8590158582883328,1.0,-0.193380314370863,0
approach,depth_degradation,depth,0.75,5,1,1,0,0,1.0,1.0,1.0,0.9114950915286646,-2.131593953008238,2.131593953008238,2.1333596713207483,0.8061591109922127,TRUSTED,Motion blur or defocus,Motion blur or defocus | Inconsistent depth within objects | Distribution shift (input unlike calibration set),42.03221700015547,6.291196000006494,1,0.9457735202871526,0.5090493910355729,0.9010889621195118,1.0,1.0,0.9330374359440345,0.7461487003770324,0.8902994592222496,0.9440386181314494,0.7456709956709957,0.4973969799335817,0.7936763302306888,1.0,0.007766143135402359,0
approach,depth_degradation,depth,0.75,6,1,1,0,0,1.0,1.0,1.0,0.9070515352074006,-1.9883250360903517,1.9883250360903517,1.9905239052209585,0.7670692634484347,TRUSTED,Motion blur or defocus,Motion blur or defocus | Inconsistent depth within objects | Distribution shift (input unlike calibration set),43.66072899995288,6.514789999982895,1,0.9457633598584605,0.3324685070503144,0.9017122064813522,1.0,1.0,0.9380912267921488,0.6727794043871355,0.8794262513784692,0.9510303196960103,0.6938775510204082,0.5128880309140775,0.8069453309130328,1.0,0.15103506005328882,0
approach,depth_degradation,depth,0.75,7,1,1,0,0,1.0,1.0,1.0,0.895462028304939,-1.9939036991285235,1.9939036991285235,1.9968132914743753,0.8155184272140805,TRUSTED,Motion blur or defocus,Motion blur or defocus | Inconsistent depth within objects | Distribution shift (input unlike calibration set),42.802143999892905,6.53201000000081,1,0.9453592611408023,0.543227178269581,0.9023283765598573,1.0,1.0,0.9438466811365617,0.7656387932336487,0.868632858052334,0.9544417849303355,0.7144144144144144,0.5161796773287787,0.8283392519851214,1.0,0.14545639701511703,0
approach,depth_degradation,depth,0.75,8,1,1,0,0,1.0,1.0,1.0,0.9041644063674215,-2.119511811629586,2.119511811629586,2.12217750423894,0.7992144025047331,TRUSTED,Motion blur or defocus,Motion blur or defocus | Inconsistent depth within objects | Distribution shift (input unlike calibration set),45.18139100002827,6.519119000017781,1,0.9456302336069669,0.4378288826991194,0.9029021009383505,1.0,1.0,0.9485351682989323,0.7356029992499717,0.8625065741585757,0.9551470004924516,0.7047697368421053,0.5458207498626948,0.8301694578533579,1.0,0.019848284514054626,0
approach,depth_degradation,depth,0.75,9,1,1,0,0,1.0,1.0,1.0,0.8887071526171582,-2.21891676861307,2.21891676861307,2.221227475917484,0.8098866644115853,TRUSTED,Motion blur or defocus,Motion blur or defocus | Inconsistent depth within objects | Missing depth returns,42.95727400005944,6.401713000059317,1,0.9424837069844757,0.5136626854522534,0.9036456081168912,1.0,1.0,0.9549836533118092,0.7679293377590012,0.8546286396900773,0.9550387818811434,0.6951219512195121,0.530926357418768,0.8192995249757057,1.0,-0.07955667246942966,0
approach,depth_degradation,depth,0.75,10,1,1,0,0,1.0,1.0,1.0,0.8946753685767916,-2.154246827830441,2.154246827830441,2.1571532642423876,0.8002153522435332,TRUSTED,Motion blur or defocus,Motion blur or defocus | Inconsistent depth within objects | Distribution shift (input unlike calibration set),45.260739999889665,6.615997999915635,1,0.9458806937290426,0.42651137194338296,0.9045744615188167,1.0,1.0,0.9628055875672131,0.7416719392578779,0.8494114461355181,0.956973441346246,0.6937984496124031,0.5964717865357012,0.8142379404206004,1.0,-0.014886731686800658,0
approach,depth_degradation,depth,0.75,11,1,1,0,0,1.0,1.0,1.0,0.8903641576332073,-2.1893951167231016,2.1893951167231016,2.1923764721812233,0.832356935576923,TRUSTED,Motion blur or defocus,Motion blur or defocus | Inconsistent depth within objects | Geometric inconsistency (calibration or depth scale error),42.52491500005817,6.345010000018192,1,0.9432615090965216,0.6205871609910315,0.9054559172223958,1.0,1.0,0.9706868726561068,0.8065404394048845,0.844430060393149,0.958624460852685,0.717391304347826,0.6112420264663069,0.7680612093266168,1.0,-0.050035020579461076,0
approach,depth_degradation,depth,0.75,12,1,1,0,0,1.0,1.0,1.0,0.8820920326765909,-2.0929754505986757,2.0929754505986757,2.0968870182728967,0.8145642202305631,TRUSTED,Motion blur or defocus,Motion blur or defocus | Geometric inconsistency (calibration or depth scale error) | Inconsistent depth within objects,43.851065000126255,6.54004500006522,1,0.9464243812642699,0.5245652812463257,0.9064937145876851,1.0,1.0,0.9794472075344626,0.7908631244194988,0.8417578150642885,0.9595206504016546,0.7229166666666667,0.6180982777823688,0.7232900817645194,1.0,0.0463846455449648,0
approach,depth_degradation,depth,0.75,13,1,1,0,0,1.0,1.0,1.0,0.870227452265836,-2.0899557860001288,2.0899557860001288,2.0951350505760877,0.8198946419338321,TRUSTED,Motion blur or defocus,Motion blur or defocus | Geometric inconsistency (calibration or depth scale error) | Inconsistent depth within objects,42.35712699994565,6.3417710000521765,1,0.9472876878092389,0.5593746512839949,0.9084419722182281,1.0,1.0,0.9958499744196435,0.8124958225144125,0.8244807377161877,0.9615380488624027,0.7014285714285714,0.6347557229415878,0.7174447530653446,1.0,0.049404310143511765,0
approach,depth_degradation,depth,0.75,14,1,1,0,0,1.0,1.0,1.0,0.8546100777535351,-2.1272193245265782,2.1272193245265782,2.1329078708702776,0.80610473354119,TRUSTED,Motion blur or defocus,Motion blur or defocus | Geometric inconsistency (calibration or depth scale error) | Inconsistent depth within objects,44.70319900008235,6.6428840000298806,1,0.9465176823135031,0.4762354239315276,0.9105402046554798,1.0,1.0,1.0,0.7938259796690255,0.8132337652955243,0.9680006314513088,0.6972332015810276,0.6602792233419416,0.7038360490772015,1.0,0.012140771617062285,0
approach,depth_degradation,depth,0.75,15,1,1,0,0,1.0,1.0,1.0,0.8465961988071452,-2.110501082047172,2.110501082047172,2.1158513286121083,0.8093951884038308,TRUSTED,Motion blur or defocus,Motion blur or defocus | Geometric inconsistency (calibration or depth scale error) | Inconsistent depth within objects,42.56327999996756,6.50051299999177,1,0.9465544585943472,0.4961903165127105,0.913214283756225,1.0,1.0,1.0,0.810970057789527,0.797151428073022,0.9644221587408954,0.7113333333333334,0.6890739468021891,0.6762615132241593,1.0,0.028859014096468627,0
approach,depth_degradation,depth,0.75,16,1,1,0,0,1.0,1.0,1.0,0.8348320282952361,-2.150499758513078,2.150499758513078,2.1554820626311857,0.8552150011937769,TRUSTED,Geometric inconsistency (calibration or depth scale error),Geometric inconsistency (calibration or depth scale error) | Inconsistent depth within objects | Missing depth returns,44.36372800000754,6.328005999989728,1,0.9474269948603227,0.8643373594604538,0.9170181259056187,1.0,1.0,1.0,0.8776735828785295,0.7860173587757845,0.9567921949428031,0.7113960113960114,0.7077713821126305,0.656696646207553,1.0,-0.01113966236943753,0
approach,depth_degradation,depth,0.75,17,1,1,0,0,1.0,1.0,1.0,0.8261158107165149,-2.1410818929257616,2.1410818929257616,2.14608808412437,0.8098786094307913,TRUSTED,Geometric inconsistency (calibration or depth scale error),Geometric inconsistency (calibration or depth scale error) | Motion blur or defocus | Missing depth returns,42.416210999931536,6.178486000067096,1,0.9466177726829779,0.5473277089493775,0.9213511244484932,1.0,1.0,1.0,0.8361087330296039,0.7691238629231579,0.9552121018669155,0.680787037037037,0.7311903050173925,0.6221864889238181,1.0,-0.0017217967821210323,0
approach,depth_degradation,depth,0.75,18,1,1,0,0,1.0,1.0,1.0,0.8041500120619413,-2.159030188684877,2.159030188684877,2.163891051566674,0.8422434882561222,TRUSTED,Geometric inconsistency (calibration or depth scale error),Geometric inconsistency (calibration or depth scale error) | Unstable tracking / temporal disagreement | Missing depth returns,44.384725999861985,6.527647999973851,1,0.944409674041668,0.8062603890743729,0.9279691165086713,1.0,1.0,1.0,0.8559878171269213,0.7538606352857576,0.9476484033480537,0.6955882352941176,0.7632041836104206,0.6170806868678914,1.0,-0.019670092541236528,0
approach,depth_degradation,depth,0.75,19,1,1,0,0,1.0,1.0,1.0,0.7897263572457165,-2.146188155464504,2.146188155464504,2.151321724666635,0.815972871731594,TRUSTED,Geometric inconsistency (calibration or depth scale error),Geometric inconsistency (calibration or depth scale error) | Motion blur or defocus | Unstable tracking / temporal disagreement,42.58817300001283,6.477850999999646,1,0.9471046088073637,0.6460904810598387,0.9381652810798469,1.0,1.0,1.0,0.7929322949123336,0.7383132097454853,0.942452104165506,0.7013157894736842,0.789955798026598,0.5810683890829104,1.0,-0.006828059320863389,0
approach,depth_degradation,depth,0.75,20,1,1,0,0,1.0,1.0,1.0,0.7575673671902845,-2.145342391470205,2.145342391470205,2.150071812136842,0.8258227856775203,TRUSTED,Geometric inconsistency (calibration or depth scale error),Geometric inconsistency (calibration or depth scale error) | Distribution shift (input unlike calibration set) | Unstable tracking / temporal disagreement,44.368613000187906,6.436013000097773,1,0.9451319616738477,0.8721588134541942,0.9539331512059088,1.0,1.0,1.0,0.7101500883253993,0.7169478523441272,0.9260465105438057,0.6964597902097902,0.81757361251371,0.5568622948920346,1.0,-0.0059822953265644685,0
approach,depth_degradation,depth,0.75,21,1,1,0,0,1.0,1.0,1.0,0.7345947004757141,-2.1481387096902615,2.1481387096902615,2.153144234472559,0.805582929864959,TRUSTED,Geometric inconsistency (calibration or depth scale error),Geometric inconsistency (calibration or depth scale error) | Distribution shift (input unlike calibration set) | Unstable tracking / temporal disagreement,42.01289499997074,6.291924000038307,1,0.9454375042971924,0.9180946870604101,0.9792131027046224,1.0,1.0,1.0,0.575105495286304,0.6947702243774607,0.9121259724893216,0.6993221941992434,0.8447396844864806,0.5023897813692462,1.0,-0.008778613546621017,0
approach,depth_degradation,depth,0.75,22,1,1,0,0,1.0,1.0,1.0,0.6871631890351276,-2.1436623075734005,2.1436623075734005,2.1487011343058504,0.762200772775997,TRUSTED,Distribution shift (input unlike calibration set),Distribution shift (input unlike calibration set) | Geometric inconsistency (calibration or depth scale error) | Unstable tracking / temporal disagreement,44.83317899996564,6.9616370000176175,1,0.9447679459664675,1.0,0.9693214860310317,1.0,1.0,1.0,0.33608519304324214,0.6653900880642669,0.8783688707645074,0.7026821862348178,0.8698828118078289,0.4584551158301468,1.0,-0.00430221142975995,0
approach,depth_degradation,depth,0.75,23,1,1,0,0,1.0,1.0,1.0,0.6353737789119208,-2.1449997425079346,2.1449997425079346,2.1500732936065994,0.23177436963218148,DEGRADED,Distribution shift (input unlike calibration set),Distribution shift (input unlike calibration set) | Geometric inconsistency (calibration or depth scale error) | Unstable tracking / temporal disagreement,43.303399000024,6.851857000015116,1,0.943611166444891,1.0,0.8579559954816554,1.0,1.0,1.0,0.0,0.6301228335353233,0.8151645653717503,0.7019110182143924,0.8947143351212918,0.39024802352126314,1.0,-0.0056396463642940375,0
approach,depth_degradation,depth,1.0,0,1,1,0,0,1.0,1.0,1.0,1.0,-2.0241165161132812,2.0241165161132812,2.025522546221161,0.2186758164706088,DEGRADED,Unstable tracking / temporal disagreement,Unstable tracking / temporal disagreement | Inconsistent depth within objects | Motion blur or defocus,43.95446100011213,6.506444000024203,1,0.9443331225717339,0.46777636306368964,0.8997038174424591,1.0,1.0,0.9211100974926805,0.7216504489715836,0.0,1.0,0.5962643678160919,0.28824834552157697,0.8322216655168487,1.0,0.11524358003035928,0
approach,depth_degradation,depth,1.0,1,1,1,0,0,1.0,1.0,1.0,0.9536231884057961,-2.476911213087,2.476911213087,2.477614797798406,0.777762505748376,TRUSTED,Inconsistent depth within objects,Inconsistent depth within objects | Motion blur or defocus | Missing depth returns,42.865316999950664,6.282166000005418,1,0.9409916271558144,0.4943461922471208,0.899782341987481,1.0,1.0,0.9216406967423271,0.7304412672928442,0.9655172413793104,0.9394130628134758,0.6027777777777777,0.2953170985475711,0.921222012615987,1.0,-0.3375511169433594,0
approach,depth_degradation,depth,1.0,2,1,1,0,0,1.0,1.0,1.0,0.9393272027681666,-1.8101857226827889,1.8101857226827889,1.8125053643458389,0.744585726269828,CAUTION,Motion blur or defocus,Motion blur or defocus | Inconsistent depth within objects | Distribution shift (input unlike calibration set),43.82012999985818,6.417327999997724,1,0.9455170172615884,0.3104798363888204,0.9002457075459435,1.0,1.0,0.9255493450010811,0.6487729488135039,0.9153869143364404,0.9158307255555842,0.6178660049627791,0.32663317627385136,0.9721504767405998,1.0,0.32917437346085165,0
approach,depth_degradation,depth,1.0,3,1,1,0,0,1.0,1.0,1.0,0.952995945833292,-2.5350579800813122,2.5350579800813122,2.5367196618455075,0.7286083389811593,CAUTION,Motion blur or defocus,Motion blur or defocus | Inconsistent depth within objects | Distribution shift (input unlike calibration set),42.415073000029224,6.43998099997134,1,0.9456363190671234,0.2813168465426291,0.9003744595026459,1.0,1.0,0.9265486920076027,0.6279911617646414,0.9132667179774656,0.9242887448430572,0.6129032258064516,0.36887858328897793,0.821296719447072,1.0,-0.3956978839376717,0
approach,depth_degradation,depth,1.0,4,1,1,0,0,1.0,1.0,1.0,0.9095231796911493,-2.0213743292767106,2.0213743292767106,2.0236065051497256,0.7949610403943863,TRUSTED,Inconsistent depth within objects,Inconsistent depth within objects | Motion blur or defocus | Missing depth returns,44.275885000161,6.440827999995236,1,0.9449197102791569,0.530359249220086,0.9009177644627975,1.0,1.0,0.9317305623482077,0.7504009801350103,0.8921811995439302,0.9423710651736035,0.6045673076923077,0.39371562018091294,0.9031908718850207,1.0,0.11798576686692996,0
approach,depth_degradation,depth,1.0,5,1,1,0,0,1.0,1.0,1.0,0.9114950915286646,-2.1743280991264022,2.1743280991264022,2.1760776538680826,0.7789296856443441,TRUSTED,Inconsistent depth within objects,Inconsistent depth within objects | Motion blur or defocus | Missing depth returns,41.747460000010506,6.232257999954527,1,0.9457735202871526,0.5090493910355729,0.9010889621195118,1.0,1.0,0.9330374359440345,0.7461487003770324,0.8902994592222496,0.9440386181314494,0.6244588744588745,0.3742432224872857,0.7881014903330211,1.0,-0.0349680029827617,0
approach,depth_degradation,depth,1.0,6,1,1,0,0,1.0,1.0,1.0,0.9070515352074006,-1.974782860797383,1.974782860797383,1.9769896997701697,0.7442466280347423,CAUTION,Motion blur or defocus,Motion blur or defocus | Inconsistent depth within objects | Distribution shift (input unlike calibration set),44.01973099970746,6.44970899998043,1,0.9457633598584605,0.3324685070503144,0.9017122064813522,1.0,1.0,0.9380912267921488,0.6727794043871355,0.8794262513784692,0.9510303196960103,0.6071428571428571,0.38558486572688044,0.8088379190521094,1.0,0.16457723534625757,0
approach,depth_degradation,depth,1.0,7,1,1,0,0,1.0,1.0,1.0,0.895462028304939,-2.082614484040633,2.082614484040633,2.0854515412238595,0.79025784005321,TRUSTED,Inconsistent depth within objects,Inconsistent depth within objects | Motion blur or defocus | Missing depth returns,42.6136859999815,6.275089000041589,1,0.9453592611408023,0.543227178269581,0.9023283765598573,1.0,1.0,0.9438466811365617,0.7656387932336487,0.868632858052334,0.9544417849303355,0.5747747747747748,0.4265267518350807,0.8149872487604188,1.0,0.05674561210300766,0
approach,depth_degradation,depth,1.0,8,1,1,0,0,1.0,1.0,1.0,0.9041644063674215,-2.256073205367379,2.256073205367379,2.2586545925424772,0.7762714343828941,TRUSTED,Motion blur or defocus,Motion blur or defocus | Inconsistent depth within objects | Missing depth returns,44.25434799998129,6.502923000084593,1,0.9456302336069669,0.4378288826991194,0.9029021009383505,1.0,1.0,0.9485351682989323,0.7356029992499717,0.8625065741585757,0.9551470004924516,0.6167763157894737,0.43484982715033493,0.8084094818852311,1.0,-0.11671310922373834,0
approach,depth_degradation,depth,1.0,9,1,1,0,0,1.0,1.0,1.0,0.8887071526171582,-2.1904934592868983,2.1904934592868983,2.1928172869988716,0.7944219540179946,TRUSTED,Motion blur or defocus,Motion blur or defocus | Inconsistent depth within objects | Missing depth returns,42.96523400000751,6.422964999956093,1,0.9424837069844757,0.5136626854522534,0.9036456081168912,1.0,1.0,0.9549836533118092,0.7679293377590012,0.8546286396900773,0.9550387818811434,0.5982783357245337,0.4690740597311463,0.8241200958256623,1.0,-0.05113336314325778,0
approach,depth_degradation,depth,1.0,10,1,1,0,0,1.0,1.0,1.0,0.8946753685767916,-2.1901707856551482,2.1901707856551482,2.193053746376032,0.7761994864498173,TRUSTED,Motion blur or defocus,Motion blur or defocus | Inconsistent depth within objects | Missing depth returns,45.04535699993539,6.49510999994618,1,0.9458806937290426,0.42651137194338296,0.9045744615188167,1.0,1.0,0.9628055875672131,0.7416719392578779,0.8494114461355181,0.956973441346246,0.5930232558139535,0.46441502299890586,0.8078687803019572,1.0,-0.05081068951150769,0
approach,depth_degradation,depth,1.0,11,1,1,0,0,1.0,1.0,1.0,0.8903641576332073,-2.068769620812457,2.068769620812457,2.0718325248150538,0.8076214759055128,TRUSTED,Inconsistent depth within objects,Inconsistent depth within objects | Motion blur or defocus | Missing depth returns,42.22393399993507,6.035836000023664,1,0.9432615090965216,0.6205871609910315,0.9054559172223958,1.0,1.0,0.9706868726561068,0.8065404394048845,0.844430060393149,0.958624460852685,0.5795194508009154,0.47929557251808674,0.7897599429241533,1.0,0.07059047533118346,0
approach,depth_degradation,depth,1.0,12,1,1,0,0,1.0,1.0,1.0,0.8820920326765909,-1.9951456318730898,1.9951456318730898,1.9991604054835246,0.7942657520627576,TRUSTED,Motion blur or defocus,Motion blur or defocus | Inconsistent depth within objects | Missing depth returns,44.2884750000303,6.590221000010388,1,0.9464243812642699,0.5245652812463257,0.9064937145876851,1.0,1.0,0.9794472075344626,0.7908631244194988,0.8417578150642885,0.9595206504016546,0.5963541666666666,0.5110183238635141,0.7407196214194638,1.0,0.14421446427055074,0
approach,depth_degradation,depth,1.0,13,1,1,0,0,1.0,1.0,1.0,0.870227452265836,-2.2604517729386053,2.2604517729386053,2.265399690051016,0.7983617433870486,TRUSTED,Motion blur or defocus,Motion blur or defocus | Geometric inconsistency (calibration or depth scale error) | Inconsistent depth within objects,41.96755200007374,6.237189999978909,1,0.9472876878092389,0.5593746512839949,0.9084419722182281,1.0,1.0,0.9958499744196435,0.8124958225144125,0.8244807377161877,0.9615380488624027,0.5995238095238096,0.550738986850661,0.68611300096137,1.0,-0.1210916767949648,0
approach,depth_degradation,depth,1.0,14,1,1,0,0,1.0,1.0,1.0,0.8546100777535351,-2.15207875293234,2.15207875293234,2.1577285218867908,0.7909607749177161,TRUSTED,Motion blur or defocus,Motion blur or defocus | Geometric inconsistency (calibration or depth scale error) | Inconsistent depth within objects,43.79294899990782,6.445791999908579,1,0.9465176823135031,0.4762354239315276,0.9105402046554798,1.0,1.0,1.0,0.7938259796690255,0.8132337652955243,0.9680006314513088,0.6197628458498023,0.5783889710375701,0.6988920987412405,1.0,-0.012718656788699434,0
approach,depth_degradation,depth,1.0,15,1,1,0,0,1.0,1.0,1.0,0.8465961988071452,-2.2207935167395547,2.2207935167395547,2.2260032586339435,0.7882501519546344,TRUSTED,Motion blur or defocus,Motion blur or defocus | Geometric inconsistency (calibration or depth scale error) | Missing depth returns,42.22281199986355,6.255831999965267,1,0.9465544585943472,0.4961903165127105,0.913214283756225,1.0,1.0,1.0,0.810970057789527,0.797151428073022,0.9644221587408954,0.5966666666666667,0.6005874785109055,0.6537577895739233,1.0,-0.08143342059591419,0
approach,depth_degradation,depth,1.0,16,1,1,0,0,1.0,1.0,1.0,0.8348320282952361,-2.1434559200121015,2.1434559200121015,2.1484456034202455,0.8380000197874384,TRUSTED,Geometric inconsistency (calibration or depth scale error),Geometric inconsistency (calibration or depth scale error) | Missing depth returns | Inconsistent depth within objects,43.92094599984375,6.541745999925297,1,0.9474269948603227,0.8643373594604538,0.9170181259056187,1.0,1.0,1.0,0.8776735828785295,0.7860173587757845,0.9567921949428031,0.5923076923076923,0.6404430625350093,0.6582573805604583,1.0,-0.004095823868460968,0
approach,depth_degradation,depth,1.0,17,1,1,0,0,1.0,1.0,1.0,0.8261158107165149,-2.1219473714413866,2.1219473714413866,2.1269712663617266,0.7981047347052587,TRUSTED,Motion blur or defocus,Motion blur or defocus | Geometric inconsistency (calibration or depth scale error) | Missing depth returns,42.715099999895756,6.439015000069048,1,0.9466177726829779,0.5473277089493775,0.9213511244484932,1.0,1.0,1.0,0.8361087330296039,0.7691238629231579,0.9552121018669155,0.6027777777777777,0.6680556828751053,0.6266158874040464,1.0,0.017412724702253968,0
approach,depth_degradation,depth,1.0,18,1,1,0,0,1.0,1.0,1.0,0.8041500120619413,-2.1315133467964493,2.1315133467964493,2.1363928156303778,0.8287983660626032,TRUSTED,Geometric inconsistency (calibration or depth scale error),Geometric inconsistency (calibration or depth scale error) | Missing depth returns | Unstable tracking / temporal disagreement,45.08543599990844,6.727114000000256,1,0.944409674041668,0.8062603890743729,0.9279691165086713,1.0,1.0,1.0,0.8559878171269213,0.7538606352857576,0.9476484033480537,0.602389705882353,0.6942571969091302,0.6242255424876864,1.0,0.007846749347191206,0
approach,depth_degradation,depth,1.0,19,1,1,0,0,1.0,1.0,1.0,0.7897263572457165,-2.149671927742336,2.149671927742336,2.154803610449076,0.8014168953888058,TRUSTED,Geometric inconsistency (calibration or depth scale error),Geometric inconsistency (calibration or depth scale error) | Motion blur or defocus | Missing depth returns,44.02830099991206,6.620886999940012,1,0.9471046088073637,0.6460904810598387,0.9381652810798469,1.0,1.0,1.0,0.7929322949123336,0.7383132097454853,0.942452104165506,0.5960526315789474,0.7274763165899971,0.5801112686201848,1.0,-0.01031183159869542,0
approach,depth_degradation,depth,1.0,20,1,1,0,0,1.0,1.0,1.0,0.7575673671902845,-2.1518531260283105,2.1518531260283105,2.1565820780070104,0.8126090657837285,TRUSTED,Geometric inconsistency (calibration or depth scale error),Geometric inconsistency (calibration or depth scale error) | Missing depth returns | Distribution shift (input unlike calibration set),44.255404000068665,6.4023109999880035,1,0.9451319616738477,0.8721588134541942,0.9539331512059088,1.0,1.0,1.0,0.7101500883253993,0.7169478523441272,0.9260465105438057,0.6005244755244755,0.7636649633679814,0.554872308484805,1.0,-0.012493029884669937,0
approach,depth_degradation,depth,1.0,21,1,1,0,0,1.0,1.0,1.0,0.7345947004757141,-2.1464645344278104,2.1464645344278104,2.1514695964574337,0.7928056873679934,TRUSTED,Geometric inconsistency (calibration or depth scale error),Geometric inconsistency (calibration or depth scale error) | Distribution shift (input unlike calibration set) | Missing depth returns,41.78540999998859,6.282164000026569,1,0.9454375042971924,0.9180946870604101,0.9792131027046224,1.0,1.0,1.0,0.575105495286304,0.6947702243774607,0.9121259724893216,0.5956021437578815,0.7948077248206994,0.5029366869352134,1.0,-0.007104438284169845,0
approach,depth_degradation,depth,1.0,22,1,1,0,0,1.0,1.0,1.0,0.6871631890351276,-2.142580840898596,2.142580840898596,2.1476186361090197,0.7513032658099871,TRUSTED,Distribution shift (input unlike calibration set),Distribution shift (input unlike calibration set) | Geometric inconsistency (calibration or depth scale error) | Unstable tracking / temporal disagreement,44.26896500001476,6.827681000004304,1,0.9447679459664675,1.0,0.9693214860310317,1.0,1.0,1.0,0.33608519304324214,0.6653900880642669,0.8783688707645074,0.5993927125506073,0.8355023696313025,0.4588540103815272,1.0,-0.0032207447549552626,0
approach,depth_degradation,depth,1.0,23,1,1,0,0,1.0,1.0,1.0,0.6353737789119208,-2.143932580947876,2.143932580947876,2.1490038534487304,0.2288711079702253,DEGRADED,Distribution shift (input unlike calibration set),Distribution shift (input unlike calibration set) | Geometric inconsistency (calibration or depth scale error) | Unstable tracking / temporal disagreement,42.88433600015651,6.965878000073644,1,0.943611166444891,1.0,0.8579559954816554,1.0,1.0,1.0,0.0,0.6301228335353233,0.8151645653717503,0.6064795461331741,0.8692502168098424,0.39068676879964165,1.0,-0.004572484804235444,0
approach,calibration_error,intrinsics,0.25,0,1,1,0,0,1.0,1.0,1.0,1.0,-2.1398468017578125,2.1398468017578125,2.1703113718277995,0.25143873691545476,DEGRADED,Unstable tracking / temporal disagreement,Unstable tracking / temporal disagreement | Motion blur or defocus | Distribution shift (input unlike calibration set),44.04283699989264,6.422778999990442,1,0.9443331225717339,0.46777636306368964,0.8997038174424591,1.0,1.0,0.9211100974926805,0.7216504489715836,0.0,1.0,0.9913793103448276,0.9903422328699842,0.936441838721078,1.0,-0.0004867056141719672,0
approach,calibration_error,intrinsics,0.25,1,1,1,0,0,1.0,1.0,1.0,0.9536231884057961,-2.144187595533289,2.144187595533289,2.170119276200435,0.8744431605415566,TRUSTED,Motion blur or defocus,Motion blur or defocus | Distribution shift (input unlike calibration set) | Geometric inconsistency (calibration or depth scale error),43.13466199994309,6.367505999946843,1,0.9409916271558144,0.4943461922471208,0.899782341987481,1.0,1.0,0.9216406967423271,0.7304412672928442,0.9655172413793104,0.9394130628134758,0.9694444444444444,0.9903441577618255,0.8767938245585909,1.0,-0.0048274993896484375,0
approach,calibration_error,intrinsics,0.25,2,1,1,0,0,1.0,1.0,1.0,0.9393272027681666,-2.1388733905294686,2.1388733905294686,2.16801099629139,0.8274518533588668,TRUSTED,Motion blur or defocus,Motion blur or defocus | Distribution shift (input unlike calibration set) | Geometric inconsistency (calibration or depth scale error),42.8093399999625,6.1935779999657825,1,0.9455170172615884,0.3104798363888204,0.9002457075459435,1.0,1.0,0.9255493450010811,0.6487729488135039,0.9153869143364404,0.9158307255555842,0.9975186104218362,0.9889931043189677,0.8879406797240291,1.0,0.0004867056141719672,0
approach,calibration_error,intrinsics,0.25,3,1,1,0,0,1.0,1.0,1.0,0.952995945833292,-2.1428250851838513,2.1428250851838513,2.1692125830039566,0.8080550907281066,TRUSTED,Motion blur or defocus,Motion blur or defocus | Distribution shift (input unlike calibration set) | Geometric inconsistency (calibration or depth scale error),43.43967899990275,6.406111999922359,1,0.9456363190671234,0.2813168465426291,0.9003744595026459,1.0,1.0,0.9265486920076027,0.6279911617646414,0.9132667179774656,0.9242887448430572,1.0,0.9889947885049817,0.792927759911999,1.0,-0.003464989040210753,0
approach,calibration_error,intrinsics,0.25,4,1,1,0,0,1.0,1.0,1.0,0.9095231796911493,-2.1442638480145035,2.1442638480145035,2.1699347826950617,0.8706881183241316,TRUSTED,Motion blur or defocus,Motion blur or defocus | Distribution shift (input unlike calibration set) | Geometric inconsistency (calibration or depth scale error),43.78264799993303,6.460887000002913,1,0.9449197102791569,0.530359249220086,0.9009177644627975,1.0,1.0,0.9317305623482077,0.7504009801350103,0.8921811995439302,0.9423710651736035,1.0,0.9889846095653251,0.8047144580107584,1.0,-0.004903751870863005,0
approach,calibration_error,intrinsics,0.25,5,1,1,0,0,1.0,1.0,1.0,0.9114950915286646,-2.1455080612846054,2.1455080612846054,2.168327758806815,0.8567634772007741,TRUSTED,Motion blur or defocus,Motion blur or defocus | Geometric inconsistency (calibration or depth scale error) | Distribution shift (input unlike calibration set),44.24300299990591,6.334256999934951,1,0.9457735202871526,0.5090493910355729,0.9010889621195118,1.0,1.0,0.9330374359440345,0.7461487003770324,0.8902994592222496,0.9440386181314494,1.0,0.9889715878760486,0.7212006586317324,1.0,-0.006147965140964828,0
approach,calibration_error,intrinsics,0.25,6,1,1,0,0,1.0,1.0,1.0,0.9070515352074006,-2.144632256549336,2.144632256549336,2.1668291434764737,0.8154029539241088,TRUSTED,Motion blur or defocus,Motion blur or defocus | Geometric inconsistency (calibration or depth scale error) | Distribution shift (input unlike calibration set),44.08133800006908,6.374660999995285,1,0.9457633598584605,0.3324685070503144,0.9017122064813522,1.0,1.0,0.9380912267921488,0.6727794043871355,0.8794262513784692,0.9510303196960103,1.0,0.9876312135732933,0.7154513184520503,1.0,-0.0052721604056955584,0
approach,calibration_error,intrinsics,0.25,7,1,1,0,0,1.0,1.0,1.0,0.895462028304939,-2.1437545444654376,2.1437545444654376,2.1660603274807233,0.8645771539250087,TRUSTED,Motion blur or defocus,Motion blur or defocus | Geometric inconsistency (calibration or depth scale error) | Distribution shift (input unlike calibration set),42.96989299996312,6.2622929999633925,1,0.9453592611408023,0.543227178269581,0.9023283765598573,1.0,1.0,0.9438466811365617,0.7656387932336487,0.868632858052334,0.9544417849303355,1.0,0.9875998922109123,0.7337471232740546,1.0,-0.004394448321797029,0
approach,calibration_error,intrinsics,0.25,8,1,1,0,0,1.0,1.0,1.0,0.9041644063674215,-2.1480724500573203,2.1480724500573203,2.1684376686292444,0.846628089360712,TRUSTED,Motion blur or defocus,Motion blur or defocus | Geometric inconsistency (calibration or depth scale error) | Distribution shift (input unlike calibration set),43.42667900016295,6.244783000056486,1,0.9456302336069669,0.4378288826991194,0.9029021009383505,1.0,1.0,0.9485351682989323,0.7356029992499717,0.8625065741585757,0.9551470004924516,1.0,0.9869345666330657,0.7512917355753773,1.0,-0.008712353913679749,0
approach,calibration_error,intrinsics,0.25,9,1,1,0,0,1.0,1.0,1.0,0.8887071526171582,-2.145268315854281,2.145268315854281,2.163455392648757,0.8624157645732012,TRUSTED,Motion blur or defocus,Motion blur or defocus | Geometric inconsistency (calibration or depth scale error) | Distribution shift (input unlike calibration set),42.91063799996664,6.279468999991877,1,0.9424837069844757,0.5136626854522534,0.9036456081168912,1.0,1.0,0.9549836533118092,0.7679293377590012,0.8546286396900773,0.9550387818811434,1.0,0.9862317948410332,0.7568925855368068,1.0,-0.005908219710640594,0
approach,calibration_error,intrinsics,0.25,10,1,1,0,0,1.0,1.0,1.0,0.8946753685767916,-2.1472707002059295,2.1472707002059295,2.1652816943736903,0.843744470222325,TRUSTED,Motion blur or defocus,Motion blur or defocus | Geometric inconsistency (calibration or depth scale error) | Distribution shift (input unlike calibration set),43.90459300009297,6.4289030000281855,1,0.9458806937290426,0.42651137194338296,0.9045744615188167,1.0,1.0,0.9628055875672131,0.7416719392578779,0.8494114461355181,0.956973441346246,1.0,0.9849109773699238,0.7422884865003447,1.0,-0.00791060406228894,0
approach,calibration_error,intrinsics,0.25,11,1,1,0,0,1.0,1.0,1.0,0.8903641576332073,-2.1474429835443907,2.1474429835443907,2.16425989156674,0.874773758106167,TRUSTED,Motion blur or defocus,Motion blur or defocus | Geometric inconsistency (calibration or depth scale error) | Distribution shift (input unlike calibration set),43.99789100000362,6.453779000025861,1,0.9432615090965216,0.6205871609910315,0.9054559172223958,1.0,1.0,0.9706868726561068,0.8065404394048845,0.844430060393149,0.958624460852685,1.0,0.9842075768288774,0.7066275356226575,1.0,-0.008082887400750138,0
approach,calibration_error,intrinsics,0.25,12,1,1,0,0,1.0,1.0,1.0,0.8820920326765909,-2.146078897559125,2.146078897559125,2.163203181208309,0.852904529137481,TRUSTED,Motion blur or defocus,Motion blur or defocus | Geometric inconsistency (calibration or depth scale error) | Distribution shift (input unlike calibration set),43.984272999864515,6.351605999952881,1,0.9464243812642699,0.5245652812463257,0.9064937145876851,1.0,1.0,0.9794472075344626,0.7908631244194988,0.8417578150642885,0.9595206504016546,1.0,0.9835292527643485,0.6516131433730837,1.0,-0.006718801415484421,0
approach,calibration_error,intrinsics,0.25,13,1,1,0,0,1.0,1.0,1.0,0.870227452265836,-2.1447148115738592,2.1447148115738592,2.1626815116597244,0.8585509794619208,TRUSTED,Motion blur or defocus,Motion blur or defocus | Geometric inconsistency (calibration or depth scale error) | Distribution shift (input unlike calibration set),43.282999999860294,6.353000999979486,1,0.9472876878092389,0.5593746512839949,0.9084419722182281,1.0,1.0,0.9958499744196435,0.8124958225144125,0.8244807377161877,0.9615380488624027,1.0,0.9828460120568426,0.6455529840499159,1.0,-0.005354715430218704,0
approach,calibration_error,intrinsics,0.25,14,1,1,0,0,1.0,1.0,1.0,0.8546100777535351,-2.1444979957912267,2.1444979957912267,2.1620333620451877,0.842822041123158,TRUSTED,Motion blur or defocus,Motion blur or defocus | Geometric inconsistency (calibration or depth scale error) | Distribution shift (input unlike calibration set),42.86240999999791,6.385108000017681,1,0.9465176823135031,0.4762354239315276,0.9105402046554798,1.0,1.0,1.0,0.7938259796690255,0.8132337652955243,0.9680006314513088,1.0,0.9808469148206236,0.6394377447840606,1.0,-0.005137899647586153,0
approach,calibration_error,intrinsics,0.25,15,1,1,0,0,1.0,1.0,1.0,0.8465961988071452,-2.1440856767737344,2.1440856767737344,2.1597531301385477,0.8419100048714254,TRUSTED,Motion blur or defocus,Motion blur or defocus | Geometric inconsistency (calibration or depth scale error) | Unstable tracking / temporal disagreement,42.56411299991214,6.379724999987957,1,0.9465544585943472,0.4961903165127105,0.913214283756225,1.0,1.0,1.0,0.810970057789527,0.797151428073022,0.9644221587408954,1.0,0.9794569674248728,0.6116177356729923,1.0,-0.004725580630093873,0
approach,calibration_error,intrinsics,0.25,16,1,1,0,0,1.0,1.0,1.0,0.8348320282952361,-2.145382342131242,2.145382342131242,2.1593243661740344,0.8889406652883421,TRUSTED,Geometric inconsistency (calibration or depth scale error),Geometric inconsistency (calibration or depth scale error) | Unstable tracking / temporal disagreement | Motion blur or defocus,43.04207999996379,6.354687999987618,1,0.9474269948603227,0.8643373594604538,0.9170181259056187,1.0,1.0,1.0,0.8776735828785295,0.7860173587757845,0.9567921949428031,1.0,0.9780550725906103,0.6013153513167441,1.0,-0.006022245987601593,0
approach,calibration_error,intrinsics,0.25,17,1,1,0,0,1.0,1.0,1.0,0.8261158107165149,-2.144386374432109,2.144386374432109,2.1572016987729796,0.842181658937915,TRUSTED,Geometric inconsistency (calibration or depth scale error),Geometric inconsistency (calibration or depth scale error) | Motion blur or defocus | Unstable tracking / temporal disagreement,43.58921599987298,6.416527999931532,1,0.9466177726829779,0.5473277089493775,0.9213511244484932,1.0,1.0,1.0,0.8361087330296039,0.7691238629231579,0.9552121018669155,1.0,0.9754056147051826,0.5686719937611333,1.0,-0.0050262782884686885,0
approach,calibration_error,intrinsics,0.25,18,1,1,0,0,1.0,1.0,1.0,0.8041500120619413,-2.1454656020454728,2.1454656020454728,2.1569936437822266,0.8722313625885328,TRUSTED,Geometric inconsistency (calibration or depth scale error),Geometric inconsistency (calibration or depth scale error) | Unstable tracking / temporal disagreement | Motion blur or defocus,44.41592600005606,6.438679000098091,1,0.944409674041668,0.8062603890743729,0.9279691165086713,1.0,1.0,1.0,0.8559878171269213,0.7538606352857576,0.9476484033480537,1.0,0.9727181580507629,0.5679253489099806,1.0,-0.006105505901832231,0
approach,calibration_error,intrinsics,0.25,19,1,1,0,0,1.0,1.0,1.0,0.7897263572457165,-2.1444472229999043,2.1444472229999043,2.155320321841797,0.8418678393463593,TRUSTED,Geometric inconsistency (calibration or depth scale error),Geometric inconsistency (calibration or depth scale error) | Motion blur or defocus | Unstable tracking / temporal disagreement,44.155629999977464,6.458738999981506,1,0.9471046088073637,0.6460904810598387,0.9381652810798469,1.0,1.0,1.0,0.7929322949123336,0.7383132097454853,0.942452104165506,1.0,0.9693605502383374,0.5328722659928767,1.0,-0.0050871268562637795,0
approach,calibration_error,intrinsics,0.25,20,1,1,0,0,1.0,1.0,1.0,0.7575673671902845,-2.1452866015226952,2.1452866015226952,2.154643535849899,0.8500404078333823,TRUSTED,Geometric inconsistency (calibration or depth scale error),Geometric inconsistency (calibration or depth scale error) | Distribution shift (input unlike calibration set) | Unstable tracking / temporal disagreement,48.99454600013087,9.649011999954382,1,0.9451319616738477,0.8721588134541942,0.9539331512059088,1.0,1.0,1.0,0.7101500883253993,0.7169478523441272,0.9260465105438057,1.0,0.9646991739592709,0.5107028963185568,1.0,-0.005926505379054703,0
approach,calibration_error,intrinsics,0.25,21,1,1,0,0,1.0,1.0,1.0,0.7345947004757141,-2.1449582058450467,2.1449582058450467,2.153776225512825,0.8269801488863933,TRUSTED,Geometric inconsistency (calibration or depth scale error),Geometric inconsistency (calibration or depth scale error) | Distribution shift (input unlike calibration set) | Unstable tracking / temporal disagreement,55.07353900009093,10.467211999980464,1,0.9454375042971924,0.9180946870604101,0.9792131027046224,1.0,1.0,1.0,0.575105495286304,0.6947702243774607,0.9121259724893216,1.0,0.9587280596189461,0.4625992414827231,1.0,-0.005598109701406173,0
approach,calibration_error,intrinsics,0.25,22,1,1,0,0,1.0,1.0,1.0,0.6871631890351276,-2.1449299791584835,2.1449299791584835,2.1529471653353225,0.7798159251819683,TRUSTED,Geometric inconsistency (calibration or depth scale error),Geometric inconsistency (calibration or depth scale error) | Distribution shift (input unlike calibration set) | Unstable tracking / temporal disagreement,65.34916600003271,10.882517000027292,1,0.9447679459664675,1.0,0.9693214860310317,1.0,1.0,1.0,0.33608519304324214,0.6653900880642669,0.8783688707645074,1.0,0.9488839392247721,0.4216247641821025,1.0,-0.005569883014842958,0
approach,calibration_error,intrinsics,0.25,23,1,1,0,0,1.0,1.0,1.0,0.6353737789119208,-2.144843101501465,2.144843101501465,2.152115803984915,0.23650827236598887,DEGRADED,Distribution shift (input unlike calibration set),Distribution shift (input unlike calibration set) | Geometric inconsistency (calibration or depth scale error) | Unstable tracking / temporal disagreement,64.88972799991188,11.009457999989536,1,0.943611166444891,1.0,0.8579559954816554,1.0,1.0,1.0,0.0,0.6301228335353233,0.8151645653717503,1.0,0.9342138715527208,0.36045078299802136,1.0,-0.005483005357824311,0
approach,calibration_error,intrinsics,0.5,0,1,1,0,0,1.0,1.0,1.0,1.0,-2.1398468017578125,2.1398468017578125,2.2371073742647813,0.2523708487576857,DEGRADED,Unstable tracking / temporal disagreement,Unstable tracking / temporal disagreement | Motion blur or defocus | Distribution shift (input unlike calibration set),61.96780899995247,9.92002999998931,1,0.9443331225717339,0.46777636306368964,0.8997038174424591,1.0,1.0,0.9211100974926805,0.7216504489715836,0.0,1.0,0.9913793103448276,0.9903422328699842,0.9687498765737368,1.0,-0.0004867056141719672,0
approach,calibration_error,intrinsics,0.5,1,1,1,0,0,1.0,1.0,1.0,0.9536231884057961,-2.144187595533289,2.144187595533289,2.230477665380671,0.8655573413019303,TRUSTED,Motion blur or defocus,Motion blur or defocus | Distribution shift (input unlike calibration set) | Geometric inconsistency (calibration or depth scale error),62.62679999997545,10.30172700006915,1,0.9409916271558144,0.4943461922471208,0.899782341987481,1.0,1.0,0.9216406967423271,0.7304412672928442,0.9655172413793104,0.9394130628134758,0.9694444444444444,0.9903441577618255,0.7984294047330125,1.0,-0.0048274993896484375,0
approach,calibration_error,intrinsics,0.5,2,1,1,0,0,1.0,1.0,1.0,0.9393272027681666,-2.1388733905294686,2.1388733905294686,2.227166825141766,0.8190218383873524,TRUSTED,Motion blur or defocus,Motion blur or defocus | Distribution shift (input unlike calibration set) | Geometric inconsistency (calibration or depth scale error),63.10903399992185,10.384395999949447,1,0.9455170172615884,0.3104798363888204,0.9002457075459435,1.0,1.0,0.9255493450010811,0.6487729488135039,0.9153869143364404,0.9158307255555842,0.9975186104218362,0.9889931043189677,0.8083835819126614,1.0,0.0004867056141719672,0
approach,calibration_error,intrinsics,0.5,3,1,1,0,0,1.0,1.0,1.0,0.952995945833292,-2.1428250851838513,2.1428250851838513,2.223392690589866,0.8000126093033736,TRUSTED,Motion blur or defocus,Motion blur or defocus | Distribution shift (input unlike calibration set) | Geometric inconsistency (calibration or depth scale error),65.23380199996609,10.11083100001997,1,0.9456363190671234,0.2813168465426291,0.9003744595026459,1.0,1.0,0.9265486920076027,0.6279911617646414,0.9132667179774656,0.9242887448430572,1.0,0.9889947885049817,0.7234563828531645,1.0,-0.003464989040210753,0
approach,calibration_error,intrinsics,0.5,4,1,1,0,0,1.0,1.0,1.0,0.9095231796911493,-2.1442638480145035,2.1442638480145035,2.2204946873521063,0.8619955736329551,TRUSTED,Motion blur or defocus,Motion blur or defocus | Geometric inconsistency (calibration or depth scale error) | Distribution shift (input unlike calibration set),47.52809000012803,6.580837999990763,1,0.9449197102791569,0.530359249220086,0.9009177644627975,1.0,1.0,0.9317305623482077,0.7504009801350103,0.8921811995439302,0.9423710651736035,1.0,0.9889846095653251,0.734002096030167,1.0,-0.004903751870863005,0
approach,calibration_error,intrinsics,0.5,5,1,1,0,0,1.0,1.0,1.0,0.9114950915286646,-2.1455080612846054,2.1455080612846054,2.2141726101817945,0.84840494781885,TRUSTED,Motion blur or defocus,Motion blur or defocus | Geometric inconsistency (calibration or depth scale error) | Distribution shift (input unlike calibration set),45.40238199979285,6.482787999971151,1,0.9457735202871526,0.5090493910355729,0.9010889621195118,1.0,1.0,0.9330374359440345,0.7461487003770324,0.8902994592222496,0.9440386181314494,1.0,0.9889715878760486,0.6592144521708186,1.0,-0.006147965140964828,0
approach,calibration_error,intrinsics,0.5,6,1,1,0,0,1.0,1.0,1.0,0.9070515352074006,-2.144632256549336,2.144632256549336,2.209386957002318,0.8074614933503735,TRUSTED,Motion blur or defocus,Motion blur or defocus | Geometric inconsistency (calibration or depth scale error) | Distribution shift (input unlike calibration set),45.13165199989544,6.551421999915874,1,0.9457633598584605,0.3324685070503144,0.9017122064813522,1.0,1.0,0.9380912267921488,0.6727794043871355,0.8794262513784692,0.9510303196960103,1.0,0.9876312135732933,0.654059925122898,1.0,-0.0052721604056955584,0
approach,calibration_error,intrinsics,0.5,7,1,1,0,0,1.0,1.0,1.0,0.895462028304939,-2.1437545444654376,2.1437545444654376,2.2058013917445707,0.856111417906151,TRUSTED,Motion blur or defocus,Motion blur or defocus | Geometric inconsistency (calibration or depth scale error) | Distribution shift (input unlike calibration set),44.507155999895076,6.603867999956492,1,0.9453592611408023,0.543227178269581,0.9023283765598573,1.0,1.0,0.9438466811365617,0.7656387932336487,0.868632858052334,0.9544417849303355,1.0,0.9875998922109123,0.6704601543452436,1.0,-0.004394448321797029,0
approach,calibration_error,intrinsics,0.5,8,1,1,0,0,1.0,1.0,1.0,0.9041644063674215,-2.1480724500573203,2.1480724500573203,2.20433091448897,0.838296548818943,TRUSTED,Motion blur or defocus,Motion blur or defocus | Geometric inconsistency (calibration or depth scale error) | Distribution shift (input unlike calibration set),45.10358499999256,6.590338000023621,1,0.9456302336069669,0.4378288826991194,0.9029021009383505,1.0,1.0,0.9485351682989323,0.7356029992499717,0.8625065741585757,0.9551470004924516,1.0,0.9869345666330657,0.686179631953076,1.0,-0.008712353913679749,0
approach,calibration_error,intrinsics,0.5,9,1,1,0,0,1.0,1.0,1.0,0.8887071526171582,-2.145268315854281,2.145268315854281,2.1956126568031977,0.8539155542608358,TRUSTED,Motion blur or defocus,Motion blur or defocus | Geometric inconsistency (calibration or depth scale error) | Distribution shift (input unlike calibration set),44.28100899997389,6.477451000023393,1,0.9424837069844757,0.5136626854522534,0.9036456081168912,1.0,1.0,0.9549836533118092,0.7679293377590012,0.8546286396900773,0.9550387818811434,1.0,0.9862317948410332,0.6911963411669472,1.0,-0.005908219710640594,0
approach,calibration_error,intrinsics,0.5,10,1,1,0,0,1.0,1.0,1.0,0.8946753685767916,-2.1472707002059295,2.1472707002059295,2.194775866005209,0.8354624375842152,TRUSTED,Motion blur or defocus,Motion blur or defocus | Geometric inconsistency (calibration or depth scale error) | Distribution shift (input unlike calibration set),43.24149000012767,6.440188000055969,1,0.9458806937290426,0.42651137194338296,0.9045744615188167,1.0,1.0,0.9628055875672131,0.7416719392578779,0.8494114461355181,0.956973441346246,1.0,0.9849109773699238,0.678113867155903,1.0,-0.00791060406228894,0
approach,calibration_error,intrinsics,0.5,11,1,1,0,0,1.0,1.0,1.0,0.8903641576332073,-2.1474429835443907,2.1474429835443907,2.19073112069202,0.8662766199039381,TRUSTED,Geometric inconsistency (calibration or depth scale error),Geometric inconsistency (calibration or depth scale error) | Motion blur or defocus | Distribution shift (input unlike calibration set),44.12447400000019,6.398406000016621,1,0.9432615090965216,0.6205871609910315,0.9054559172223958,1.0,1.0,0.9706868726561068,0.8065404394048845,0.844430060393149,0.958624460852685,1.0,0.9842075768288774,0.6461474781699295,1.0,-0.008082887400750138,0
approach,calibration_error,intrinsics,0.5,12,1,1,0,0,1.0,1.0,1.0,0.8820920326765909,-2.146078897559125,2.146078897559125,2.1874438140932595,0.8447634500920119,TRUSTED,Geometric inconsistency (calibration or depth scale error),Geometric inconsistency (calibration or depth scale error) | Motion blur or defocus | Distribution shift (input unlike calibration set),43.91657499991197,6.470040999943194,1,0.9464243812642699,0.5245652812463257,0.9064937145876851,1.0,1.0,0.9794472075344626,0.7908631244194988,0.8417578150642885,0.9595206504016546,1.0,0.9835292527643485,0.5967712183673229,1.0,-0.006718801415484421,0
approach,calibration_error,intrinsics,0.5,13,1,1,0,0,1.0,1.0,1.0,0.870227452265836,-2.1447148115738592,2.1447148115738592,2.1849352615967352,0.8503726734394679,TRUSTED,Geometric inconsistency (calibration or depth scale error),Geometric inconsistency (calibration or depth scale error) | Motion blur or defocus | Distribution shift (input unlike calibration set),44.05478200021662,6.405922000112696,1,0.9472876878092389,0.5593746512839949,0.9084419722182281,1.0,1.0,0.9958499744196435,0.8124958225144125,0.8244807377161877,0.9615380488624027,1.0,0.9828460120568426,0.5913273468497217,1.0,-0.005354715430218704,0
approach,calibration_error,intrinsics,0.5,14,1,1,0,0,1.0,1.0,1.0,0.8546100777535351,-2.1444979957912267,2.1444979957912267,2.1818753837837805,0.8348102335999827,TRUSTED,Motion blur or defocus,Motion blur or defocus | Geometric inconsistency (calibration or depth scale error) | Distribution shift (input unlike calibration set),44.02404100005697,6.302845999925921,1,0.9465176823135031,0.4762354239315276,0.9105402046554798,1.0,1.0,1.0,0.7938259796690255,0.8132337652955243,0.9680006314513088,1.0,0.9808469148206236,0.5858330003896495,1.0,-0.005137899647586153,0
approach,calibration_error,intrinsics,0.5,15,1,1,0,0,1.0,1.0,1.0,0.8465961988071452,-2.1440856767737344,2.1440856767737344,2.1768304580956155,0.833984689627729,TRUSTED,Geometric inconsistency (calibration or depth scale error),Geometric inconsistency (calibration or depth scale error) | Motion blur or defocus | Unstable tracking / temporal disagreement,43.1931020001457,6.306822000055945,1,0.9465544585943472,0.4961903165127105,0.913214283756225,1.0,1.0,1.0,0.810970057789527,0.797151428073022,0.9644221587408954,1.0,0.9794569674248728,0.5608247071949433,1.0,-0.004725580630093873,0
approach,calibration_error,intrinsics,0.5,16,1,1,0,0,1.0,1.0,1.0,0.8348320282952361,-2.145382342131242,2.145382342131242,2.173837761743889,0.8806040105422269,TRUSTED,Geometric inconsistency (calibration or depth scale error),Geometric inconsistency (calibration or depth scale error) | Unstable tracking / temporal disagreement | Motion blur or defocus,43.38534300006813,6.297449000044253,1,0.9474269948603227,0.8643373594604538,0.9170181259056187,1.0,1.0,1.0,0.8776735828785295,0.7860173587757845,0.9567921949428031,1.0,0.9780550725906103,0.5515580650979698,1.0,-0.006022245987601593,0
approach,calibration_error,intrinsics,0.5,17,1,1,0,0,1.0,1.0,1.0,0.8261158107165149,-2.144386374432109,2.144386374432109,2.1695144968550695,0.8343812159320776,TRUSTED,Geometric inconsistency (calibration or depth scale error),Geometric inconsistency (calibration or depth scale error) | Motion blur or defocus | Unstable tracking / temporal disagreement,43.772947000093154,6.4681610000434375,1,0.9466177726829779,0.5473277089493775,0.9213511244484932,1.0,1.0,1.0,0.8361087330296039,0.7691238629231579,0.9552121018669155,1.0,0.9754056147051826,0.5221760527768498,1.0,-0.0050262782884686885,0
approach,calibration_error,intrinsics,0.5,18,1,1,0,0,1.0,1.0,1.0,0.8041500120619413,-2.1454656020454728,2.1454656020454728,2.1672043877283778,0.8641549754905189,TRUSTED,Geometric inconsistency (calibration or depth scale error),Geometric inconsistency (calibration or depth scale error) | Unstable tracking / temporal disagreement | Motion blur or defocus,43.06405700003779,6.320286999994096,1,0.944409674041668,0.8062603890743729,0.9279691165086713,1.0,1.0,1.0,0.8559878171269213,0.7538606352857576,0.9476484033480537,1.0,0.9727181580507629,0.5215036314135588,1.0,-0.006105505901832231,0
approach,calibration_error,intrinsics,0.5,19,1,1,0,0,1.0,1.0,1.0,0.7897263572457165,-2.1444472229999043,2.1444472229999043,2.163764412222091,0.8341840862209378,TRUSTED,Geometric inconsistency (calibration or depth scale error),Geometric inconsistency (calibration or depth scale error) | Motion blur or defocus | Unstable tracking / temporal disagreement,43.33688899998833,6.366793999973197,1,0.9471046088073637,0.6460904810598387,0.9381652810798469,1.0,1.0,1.0,0.7929322949123336,0.7383132097454853,0.942452104165506,1.0,0.9693605502383374,0.4899156133038609,1.0,-0.0050871268562637795,0
approach,calibration_error,intrinsics,0.5,20,1,1,0,0,1.0,1.0,1.0,0.7575673671902845,-2.1452866015226952,2.1452866015226952,2.1612597670955624,0.8423571542893806,TRUSTED,Geometric inconsistency (calibration or depth scale error),Geometric inconsistency (calibration or depth scale error) | Distribution shift (input unlike calibration set) | Unstable tracking / temporal disagreement,43.4885380001333,6.415889000095376,1,0.9451319616738477,0.8721588134541942,0.9539331512059088,1.0,1.0,1.0,0.7101500883253993,0.7169478523441272,0.9260465105438057,1.0,0.9646991739592709,0.46991724575224236,1.0,-0.005926505379054703,0
approach,calibration_error,intrinsics,0.5,21,1,1,0,0,1.0,1.0,1.0,0.7345947004757141,-2.1449582058450467,2.1449582058450467,2.1589554761756924,0.8196754268413001,TRUSTED,Geometric inconsistency (calibration or depth scale error),Geometric inconsistency (calibration or depth scale error) | Distribution shift (input unlike calibration set) | Unstable tracking / temporal disagreement,43.82548000000952,6.4315079999914815,1,0.9454375042971924,0.9180946870604101,0.9792131027046224,1.0,1.0,1.0,0.575105495286304,0.6947702243774607,0.9121259724893216,1.0,0.9587280596189461,0.42646578962788956,1.0,-0.005598109701406173,0
approach,calibration_error,intrinsics,0.5,22,1,1,0,0,1.0,1.0,1.0,0.6871631890351276,-2.1449299791584835,2.1449299791584835,2.1567873109487454,0.7730782088396395,TRUSTED,Geometric inconsistency (calibration or depth scale error),Geometric inconsistency (calibration or depth scale error) | Distribution shift (input unlike calibration set) | Unstable tracking / temporal disagreement,43.89426900002036,6.613706999928581,1,0.9447679459664675,1.0,0.9693214860310317,1.0,1.0,1.0,0.33608519304324214,0.6653900880642669,0.8783688707645074,1.0,0.9488839392247721,0.38938568894430986,1.0,-0.005569883014842958,0
approach,calibration_error,intrinsics,0.5,23,1,1,0,0,1.0,1.0,1.0,0.6353737789119208,-2.144843101501465,2.144843101501465,2.1547893731882315,0.2345419291200349,DEGRADED,Distribution shift (input unlike calibration set),Distribution shift (input unlike calibration set) | Geometric inconsistency (calibration or depth scale error) | Unstable tracking / temporal disagreement,44.44668799987994,6.892128999993474,1,0.943611166444891,1.0,0.8579559954816554,1.0,1.0,1.0,0.0,0.6301228335353233,0.8151645653717503,1.0,0.9342138715527208,0.333894358531685,1.0,-0.005483005357824311,0
approach,calibration_error,intrinsics,0.75,0,1,1,0,0,1.0,1.0,1.0,1.0,-2.1398468017578125,2.1398468017578125,2.334255809927308,0.2498031934923167,DEGRADED,Unstable tracking / temporal disagreement,Unstable tracking / temporal disagreement | Motion blur or defocus | Distribution shift (input unlike calibration set),43.81537499989463,6.362591999959477,1,0.9443331225717339,0.46777636306368964,0.8997038174424591,1.0,1.0,0.9211100974926805,0.7216504489715836,0.0,1.0,0.9913793103448276,0.9903422328699842,0.8820651019926413,1.0,-0.0004867056141719672,0
approach,calibration_error,intrinsics,0.75,1,1,1,0,0,1.0,1.0,1.0,0.9536231884057961,-2.144187595533289,2.144187595533289,2.319405123150887,0.8570920951066583,TRUSTED,Motion blur or defocus,Motion blur or defocus | Geometric inconsistency (calibration or depth scale error) | Distribution shift (input unlike calibration set),43.69807299997319,6.26280599999518,1,0.9409916271558144,0.4943461922471208,0.899782341987481,1.0,1.0,0.9216406967423271,0.7304412672928442,0.9655172413793104,0.9394130628134758,0.9694444444444444,0.9903441577618255,0.7296421917469056,1.0,-0.0048274993896484375,0
approach,calibration_error,intrinsics,0.75,2,1,1,0,0,1.0,1.0,1.0,0.9393272027681666,-2.1388733905294686,2.1388733905294686,2.3124419373560317,0.810991031714086,TRUSTED,Motion blur or defocus,Motion blur or defocus | Distribution shift (input unlike calibration set) | Geometric inconsistency (calibration or depth scale error),43.67296900011297,6.473816000038823,1,0.9455170172615884,0.3104798363888204,0.9002457075459435,1.0,1.0,0.9255493450010811,0.6487729488135039,0.9153869143364404,0.9158307255555842,0.9975186104218362,0.9889931043189677,0.7385661060174199,1.0,0.0004867056141719672,0
approach,calibration_error,intrinsics,0.75,3,1,1,0,0,1.0,1.0,1.0,0.952995945833292,-2.1428250851838513,2.1428250851838513,2.3018178552029673,0.7923491992340799,TRUSTED,Motion blur or defocus,Motion blur or defocus | Geometric inconsistency (calibration or depth scale error) | Distribution shift (input unlike calibration set),43.35316199990302,6.413531000021067,1,0.9456363190671234,0.2813168465426291,0.9003744595026459,1.0,1.0,0.9265486920076027,0.6279911617646414,0.9132667179774656,0.9242887448430572,1.0,0.9889947885049817,0.6623595039667111,1.0,-0.003464989040210753,0
approach,calibration_error,intrinsics,0.75,4,1,1,0,0,1.0,1.0,1.0,0.9095231796911493,-2.1442638480145035,2.1442638480145035,2.293321580361676,0.8537129917119833,TRUSTED,Motion blur or defocus,Motion blur or defocus | Geometric inconsistency (calibration or depth scale error) | Distribution shift (input unlike calibration set),43.702573000018674,6.439616000079695,1,0.9449197102791569,0.530359249220086,0.9009177644627975,1.0,1.0,0.9317305623482077,0.7504009801350103,0.8921811995439302,0.9423710651736035,1.0,0.9889846095653251,0.6718311490318184,1.0,-0.004903751870863005,0
approach,calibration_error,intrinsics,0.75,5,1,1,0,0,1.0,1.0,1.0,0.9114950915286646,-2.1455080612846054,2.1455080612846054,2.2805609404758496,0.8404388316764423,TRUSTED,Motion blur or defocus,Motion blur or defocus | Geometric inconsistency (calibration or depth scale error) | Distribution shift (input unlike calibration set),44.06396699994275,6.386664000046949,1,0.9457735202871526,0.5090493910355729,0.9010889621195118,1.0,1.0,0.9330374359440345,0.7461487003770324,0.8902994592222496,0.9440386181314494,1.0,0.9889715878760486,0.6046027700654519,1.0,-0.006147965140964828,0
approach,calibration_error,intrinsics,0.75,6,1,1,0,0,1.0,1.0,1.0,0.9070515352074006,-2.144632256549336,2.144632256549336,2.270656255575285,0.7998927409215005,TRUSTED,Motion blur or defocus,Motion blur or defocus | Geometric inconsistency (calibration or depth scale error) | Distribution shift (input unlike calibration set),43.936227000017425,6.351150999989841,1,0.9457633598584605,0.3324685070503144,0.9017122064813522,1.0,1.0,0.9380912267921488,0.6727794043871355,0.8794262513784692,0.9510303196960103,1.0,0.9876312135732933,0.5999641176619823,1.0,-0.0052721604056955584,0
approach,calibration_error,intrinsics,0.75,7,1,1,0,0,1.0,1.0,1.0,0.895462028304939,-2.1437545444654376,2.1437545444654376,2.2624424916310204,0.8480434146618211,TRUSTED,Geometric inconsistency (calibration or depth scale error),Geometric inconsistency (calibration or depth scale error) | Motion blur or defocus | Distribution shift (input unlike calibration set),44.245663999959106,6.350859000008313,1,0.9453592611408023,0.543227178269581,0.9023283765598573,1.0,1.0,0.9438466811365617,0.7656387932336487,0.868632858052334,0.9544417849303355,1.0,0.9875998922109123,0.6147206137747286,1.0,-0.004394448321797029,0
approach,calibration_error,intrinsics,0.75,8,1,1,0,0,1.0,1.0,1.0,0.9041644063674215,-2.1480724500573203,2.1480724500573203,2.2554954826161926,0.8303568225497614,TRUSTED,Motion blur or defocus,Motion blur or defocus | Geometric inconsistency (calibration or depth scale error) | Distribution shift (input unlike calibration set),43.5758830000168,6.324157999983981,1,0.9456302336069669,0.4378288826991194,0.9029021009383505,1.0,1.0,0.9485351682989323,0.7356029992499717,0.8625065741585757,0.9551470004924516,1.0,0.9869345666330657,0.6288581936890077,1.0,-0.008712353913679749,0
approach,calibration_error,intrinsics,0.75,9,1,1,0,0,1.0,1.0,1.0,0.8887071526171582,-2.145268315854281,2.145268315854281,2.241552327550457,0.8458152142391699,TRUSTED,Motion blur or defocus,Motion blur or defocus | Geometric inconsistency (calibration or depth scale error) | Distribution shift (input unlike calibration set),43.355714000085754,6.281747000002724,1,0.9424837069844757,0.5136626854522534,0.9036456081168912,1.0,1.0,0.9549836533118092,0.7679293377590012,0.8546286396900773,0.9550387818811434,1.0,0.9862317948410332,0.6333687636424215,1.0,-0.005908219710640594,0
approach,calibration_error,intrinsics,0.75,10,1,1,0,0,1.0,1.0,1.0,0.8946753685767916,-2.1472707002059295,2.1472707002059295,2.2364727340569432,0.8275696950992981,TRUSTED,Motion blur or defocus,Motion blur or defocus | Geometric inconsistency (calibration or depth scale error) | Distribution shift (input unlike calibration set),43.539739000038935,6.433205000007547,1,0.9458806937290426,0.42651137194338296,0.9045744615188167,1.0,1.0,0.9628055875672131,0.7416719392578779,0.8494114461355181,0.956973441346246,1.0,0.9849109773699238,0.6216048830153648,1.0,-0.00791060406228894,0
approach,calibration_error,intrinsics,0.75,11,1,1,0,0,1.0,1.0,1.0,0.8903641576332073,-2.1474429835443907,2.1474429835443907,2.2279828249343843,0.8581780620001448,TRUSTED,Geometric inconsistency (calibration or depth scale error),Geometric inconsistency (calibration or depth scale error) | Motion blur or defocus | Distribution shift (input unlike calibration set),43.76641199996811,6.529806000003191,1,0.9432615090965216,0.6205871609910315,0.9054559172223958,1.0,1.0,0.9706868726561068,0.8065404394048845,0.844430060393149,0.958624460852685,1.0,0.9842075768288774,0.592842219014357,1.0,-0.008082887400750138,0
approach,calibration_error,intrinsics,0.75,12,1,1,0,0,1.0,1.0,1.0,0.8820920326765909,-2.146078897559125,2.146078897559125,2.221055009164992,0.8370029547955745,TRUSTED,Geometric inconsistency (calibration or depth scale error),Geometric inconsistency (calibration or depth scale error) | Motion blur or defocus | Distribution shift (input unlike calibration set),44.61457399997926,6.327026000008118,1,0.9464243812642699,0.5245652812463257,0.9064937145876851,1.0,1.0,0.9794472075344626,0.7908631244194988,0.8417578150642885,0.9595206504016546,1.0,0.9835292527643485,0.548361217595103,1.0,-0.006718801415484421,0
approach,calibration_error,intrinsics,0.75,13,1,1,0,0,1.0,1.0,1.0,0.870227452265836,-2.1447148115738592,2.1447148115738592,2.2152218918447972,0.8425765415275374,TRUSTED,Geometric inconsistency (calibration or depth scale error),Geometric inconsistency (calibration or depth scale error) | Motion blur or defocus | Distribution shift (input unlike calibration set),44.44058299986864,6.392259999984162,1,0.9472876878092389,0.5593746512839949,0.9084419722182281,1.0,1.0,0.9958499744196435,0.8124958225144125,0.8244807377161877,0.9615380488624027,1.0,0.9828460120568426,0.5434529108869534,1.0,-0.005354715430218704,0
approach,calibration_error,intrinsics,0.75,14,1,1,0,0,1.0,1.0,1.0,0.8546100777535351,-2.1444979957912267,2.1444979957912267,2.2085571484888686,0.8271726700383749,TRUSTED,Geometric inconsistency (calibration or depth scale error),Geometric inconsistency (calibration or depth scale error) | Motion blur or defocus | Distribution shift (input unlike calibration set),43.35987700005717,6.29879100006292,1,0.9465176823135031,0.4762354239315276,0.9105402046554798,1.0,1.0,1.0,0.7938259796690255,0.8132337652955243,0.9680006314513088,1.0,0.9808469148206236,0.538498230342908,1.0,-0.005137899647586153,0
approach,calibration_error,intrinsics,0.75,15,1,1,0,0,1.0,1.0,1.0,0.8465961988071452,-2.1440856767737344,2.1440856767737344,2.1996953357590434,0.8264288863551843,TRUSTED,Geometric inconsistency (calibration or depth scale error),Geometric inconsistency (calibration or depth scale error) | Motion blur or defocus | Unstable tracking / temporal disagreement,43.016315000045324,6.315568999980314,1,0.9465544585943472,0.4961903165127105,0.913214283756225,1.0,1.0,1.0,0.810970057789527,0.797151428073022,0.9644221587408954,1.0,0.9794569674248728,0.5159350959766345,1.0,-0.004725580630093873,0
approach,calibration_error,intrinsics,0.75,16,1,1,0,0,1.0,1.0,1.0,0.8348320282952361,-2.145382342131242,2.145382342131242,2.1931595572006564,0.8726557682327742,TRUSTED,Geometric inconsistency (calibration or depth scale error),Geometric inconsistency (calibration or depth scale error) | Unstable tracking / temporal disagreement | Motion blur or defocus,43.31896300016069,6.4100050000206465,1,0.9474269948603227,0.8643373594604538,0.9170181259056187,1.0,1.0,1.0,0.8776735828785295,0.7860173587757845,0.9567921949428031,1.0,0.9780550725906103,0.5075697121527595,1.0,-0.006022245987601593,0
approach,calibration_error,intrinsics,0.75,17,1,1,0,0,1.0,1.0,1.0,0.8261158107165149,-2.144386374432109,2.144386374432109,2.1857317187898633,0.8269433482512054,TRUSTED,Geometric inconsistency (calibration or depth scale error),Geometric inconsistency (calibration or depth scale error) | Motion blur or defocus | Unstable tracking / temporal disagreement,43.0107729998781,6.380662999958986,1,0.9466177726829779,0.5473277089493775,0.9213511244484932,1.0,1.0,1.0,0.8361087330296039,0.7691238629231579,0.9552121018669155,1.0,0.9754056147051826,0.4810275847886828,1.0,-0.0050262782884686885,0
approach,calibration_error,intrinsics,0.75,18,1,1,0,0,1.0,1.0,1.0,0.8041500120619413,-2.1454656020454728,2.1454656020454728,2.1805058574575806,0.856453969151799,TRUSTED,Geometric inconsistency (calibration or depth scale error),Geometric inconsistency (calibration or depth scale error) | Unstable tracking / temporal disagreement | Motion blur or defocus,43.48582499994791,6.424047999985305,1,0.944409674041668,0.8062603890743729,0.9279691165086713,1.0,1.0,1.0,0.8559878171269213,0.7538606352857576,0.9476484033480537,1.0,0.9727181580507629,0.4804198315441336,1.0,-0.006105505901832231,0
approach,calibration_error,intrinsics,0.75,19,1,1,0,0,1.0,1.0,1.0,0.7897263572457165,-2.1444472229999043,2.1444472229999043,2.174566981147981,0.8268565038275095,TRUSTED,Geometric inconsistency (calibration or depth scale error),Geometric inconsistency (calibration or depth scale error) | Motion blur or defocus | Unstable tracking / temporal disagreement,42.92691599994214,6.393881999997575,1,0.9471046088073637,0.6460904810598387,0.9381652810798469,1.0,1.0,1.0,0.7929322949123336,0.7383132097454853,0.942452104165506,1.0,0.9693605502383374,0.4518526889921271,1.0,-0.0050871268562637795,0
approach,calibration_error,intrinsics,0.75,20,1,1,0,0,1.0,1.0,1.0,0.7575673671902845,-2.1452866015226952,2.1452866015226952,2.1696136297186013,0.8350294073848394,TRUSTED,Geometric inconsistency (calibration or depth scale error),Geometric inconsistency (calibration or depth scale error) | Distribution shift (input unlike calibration set) | Unstable tracking / temporal disagreement,44.03009500003918,6.5374920000067505,1,0.9451319616738477,0.8721588134541942,0.9539331512059088,1.0,1.0,1.0,0.7101500883253993,0.7169478523441272,0.9260465105438057,1.0,0.9646991739592709,0.4337489954321338,1.0,-0.005926505379054703,0
approach,calibration_error,intrinsics,0.75,21,1,1,0,0,1.0,1.0,1.0,0.7345947004757141,-2.1449582058450467,2.1449582058450467,2.1653293782051715,0.8127072778483335,TRUSTED,Geometric inconsistency (calibration or depth scale error),Geometric inconsistency (calibration or depth scale error) | Distribution shift (input unlike calibration set) | Unstable tracking / temporal disagreement,43.946715999936714,6.422984999971959,1,0.9454375042971924,0.9180946870604101,0.9792131027046224,1.0,1.0,1.0,0.575105495286304,0.6947702243774607,0.9121259724893216,1.0,0.9587280596189461,0.39436316006601796,1.0,-0.005598109701406173,0
approach,calibration_error,intrinsics,0.75,22,1,1,0,0,1.0,1.0,1.0,0.6871631890351276,-2.1449299791584835,2.1449299791584835,2.161382591880061,0.766649712994258,TRUSTED,Geometric inconsistency (calibration or depth scale error),Geometric inconsistency (calibration or depth scale error) | Distribution shift (input unlike calibration set) | Unstable tracking / temporal disagreement,44.83793199995034,6.883824999931676,1,0.9447679459664675,1.0,0.9693214860310317,1.0,1.0,1.0,0.33608519304324214,0.6653900880642669,0.8783688707645074,1.0,0.9488839392247721,0.36069281218193305,1.0,-0.005569883014842958,0
approach,calibration_error,intrinsics,0.75,23,1,1,0,0,1.0,1.0,1.0,0.6353737789119208,-2.144843101501465,2.144843101501465,2.157877273949154,0.2326652236784108,DEGRADED,Distribution shift (input unlike calibration set),Distribution shift (input unlike calibration set) | Geometric inconsistency (calibration or depth scale error) | Unstable tracking / temporal disagreement,44.77611999993769,6.860637000045244,1,0.943611166444891,1.0,0.8579559954816554,1.0,1.0,1.0,0.0,0.6301228335353233,0.8151645653717503,1.0,0.9342138715527208,0.3101890135433188,1.0,-0.005483005357824311,0
approach,calibration_error,intrinsics,1.0,0,1,1,0,0,1.0,1.0,1.0,1.0,-2.1398468017578125,2.1398468017578125,2.4546666942733357,0.24735532995501788,DEGRADED,Unstable tracking / temporal disagreement,Unstable tracking / temporal disagreement | Motion blur or defocus | Distribution shift (input unlike calibration set),43.1978069999559,6.332316999987597,1,0.9443331225717339,0.46777636306368964,0.8997038174424591,1.0,1.0,0.9211100974926805,0.7216504489715836,0.0,1.0,0.9913793103448276,0.9903422328699842,0.8059302098714015,1.0,-0.0004867056141719672,0
approach,calibration_error,intrinsics,1.0,1,1,1,0,0,1.0,1.0,1.0,0.9536231884057961,-2.144187595533289,2.144187595533289,2.4304996109358745,0.8490186343426657,TRUSTED,Motion blur or defocus,Motion blur or defocus | Geometric inconsistency (calibration or depth scale error) | Distribution shift (input unlike calibration set),43.067314000040824,6.384388000014951,1,0.9409916271558144,0.4943461922471208,0.899782341987481,1.0,1.0,0.9216406967423271,0.7304412672928442,0.9655172413793104,0.9394130628134758,0.9694444444444444,0.9903441577618255,0.6690098134787688,1.0,-0.0048274993896484375,0
approach,calibration_error,intrinsics,1.0,2,1,1,0,0,1.0,1.0,1.0,0.9393272027681666,-2.1388733905294686,2.1388733905294686,2.4180617244209475,0.8033320956223073,TRUSTED,Motion blur or defocus,Motion blur or defocus | Geometric inconsistency (calibration or depth scale error) | Distribution shift (input unlike calibration set),44.138937000070655,6.548073999965709,1,0.9455170172615884,0.3104798363888204,0.9002457075459435,1.0,1.0,0.9255493450010811,0.6487729488135039,0.9153869143364404,0.9158307255555842,0.9975186104218362,0.9889931043189677,0.6770397306693561,1.0,0.0004867056141719672,0
approach,calibration_error,intrinsics,1.0,3,1,1,0,0,1.0,1.0,1.0,0.952995945833292,-2.1428250851838513,2.1428250851838513,2.399319808175443,0.7850390081431122,TRUSTED,Motion blur or defocus,Motion blur or defocus | Geometric inconsistency (calibration or depth scale error) | Distribution shift (input unlike calibration set),47.89645500011375,6.451517000073181,1,0.9456363190671234,0.2813168465426291,0.9003744595026459,1.0,1.0,0.9265486920076027,0.6279911617646414,0.9132667179774656,0.9242887448430572,1.0,0.9889947885049817,0.6084072750445884,1.0,-0.003464989040210753,0
approach,calibration_error,intrinsics,1.0,4,1,1,0,0,1.0,1.0,1.0,0.9095231796911493,-2.1442638480145035,2.1442638480145035,2.38380693665521,0.8458123983982915,TRUSTED,Motion blur or defocus,Motion blur or defocus | Geometric inconsistency (calibration or depth scale error) | Distribution shift (input unlike calibration set),43.32557200007159,6.2760819999994055,1,0.9449197102791569,0.530359249220086,0.9009177644627975,1.0,1.0,0.9317305623482077,0.7504009801350103,0.8921811995439302,0.9423710651736035,1.0,0.9889846095653251,0.6169451722446356,1.0,-0.004903751870863005,0
approach,calibration_error,intrinsics,1.0,5,1,1,0,0,1.0,1.0,1.0,0.9114950915286646,-2.1455080612846054,2.1455080612846054,2.363397087324786,0.8328384589594428,TRUSTED,Geometric inconsistency (calibration or depth scale error),Geometric inconsistency (calibration or depth scale error) | Motion blur or defocus | Distribution shift (input unlike calibration set),43.38269599986688,6.407102999901326,1,0.9457735202871526,0.5090493910355729,0.9010889621195118,1.0,1.0,0.9330374359440345,0.7461487003770324,0.8902994592222496,0.9440386181314494,1.0,0.9889715878760486,0.5562941974893391,1.0,-0.006147965140964828,0
approach,calibration_error,intrinsics,1.0,6,1,1,0,0,1.0,1.0,1.0,0.9070515352074006,-2.144632256549336,2.144632256549336,2.3470139473729414,0.7926713734751777,TRUSTED,Motion blur or defocus,Motion blur or defocus | Geometric inconsistency (calibration or depth scale error) | Distribution shift (input unlike calibration set),43.50364399999762,6.259396000018569,1,0.9457633598584605,0.3324685070503144,0.9017122064813522,1.0,1.0,0.9380912267921488,0.6727794043871355,0.8794262513784692,0.9510303196960103,1.0,0.9876312135732933,0.5521049186447373,1.0,-0.0052721604056955584,0
approach,calibration_error,intrinsics,1.0,7,1,1,0,0,1.0,1.0,1.0,0.895462028304939,-2.1437545444654376,2.1437545444654376,2.3327975721470766,0.8403460957794154,TRUSTED,Geometric inconsistency (calibration or depth scale error),Geometric inconsistency (calibration or depth scale error) | Motion blur or defocus | Distribution shift (input unlike calibration set),43.3297390000007,6.3273399999843605,1,0.9453592611408023,0.543227178269581,0.9023283765598573,1.0,1.0,0.9438466811365617,0.7656387932336487,0.868632858052334,0.9544417849303355,1.0,0.9875998922109123,0.5654298075344488,1.0,-0.004394448321797029,0
approach,calibration_error,intrinsics,1.0,8,1,1,0,0,1.0,1.0,1.0,0.9041644063674215,-2.1480724500573203,2.1480724500573203,2.3191546625014507,0.8227822416174739,TRUSTED,Motion blur or defocus,Motion blur or defocus | Geometric inconsistency (calibration or depth scale error) | Distribution shift (input unlike calibration set),43.34877899998446,6.307638999942355,1,0.9456302336069669,0.4378288826991194,0.9029021009383505,1.0,1.0,0.9485351682989323,0.7356029992499717,0.8625065741585757,0.9551470004924516,1.0,0.9869345666330657,0.5781902674350166,1.0,-0.008712353913679749,0
approach,calibration_error,intrinsics,1.0,9,1,1,0,0,1.0,1.0,1.0,0.8887071526171582,-2.145268315854281,2.145268315854281,2.2988559343730954,0.8380875198559317,TRUSTED,Geometric inconsistency (calibration or depth scale error),Geometric inconsistency (calibration or depth scale error) | Motion blur or defocus | Distribution shift (input unlike calibration set),43.6875579999878,6.347808999976223,1,0.9424837069844757,0.5136626854522534,0.9036456081168912,1.0,1.0,0.9549836533118092,0.7679293377590012,0.8546286396900773,0.9550387818811434,1.0,0.9862317948410332,0.5822603461783905,1.0,-0.005908219710640594,0
approach,calibration_error,intrinsics,1.0,10,1,1,0,0,1.0,1.0,1.0,0.8946753685767916,-2.1472707002059295,2.1472707002059295,2.288291557228886,0.8200397573043524,TRUSTED,Motion blur or defocus,Motion blur or defocus | Geometric inconsistency (calibration or depth scale error) | Distribution shift (input unlike calibration set),43.760916000223915,6.322250000039276,1,0.9458806937290426,0.42651137194338296,0.9045744615188167,1.0,1.0,0.9628055875672131,0.7416719392578779,0.8494114461355181,0.956973441346246,1.0,0.9849109773699238,0.5716441618789418,1.0,-0.00791060406228894,0
approach,calibration_error,intrinsics,1.0,11,1,1,0,0,1.0,1.0,1.0,0.8903641576332073,-2.1474429835443907,2.1474429835443907,2.274235258277447,0.8504510156938915,TRUSTED,Geometric inconsistency (calibration or depth scale error),Geometric inconsistency (calibration or depth scale error) | Motion blur or defocus | Distribution shift (input unlike calibration set),42.2733780001181,6.158068000104322,1,0.9432615090965216,0.6205871609910315,0.9054559172223958,1.0,1.0,0.9706868726561068,0.8065404394048845,0.844430060393149,0.958624460852685,1.0,0.9842075768288774,0.5456717910829961,1.0,-0.008082887400750138,0
approach,calibration_error,intrinsics,1.0,12,1,1,0,0,1.0,1.0,1.0,0.8820920326765909,-2.146078897559125,2.146078897559125,2.2625283794058335,0.8295972736017752,TRUSTED,Geometric inconsistency (calibration or depth scale error),Geometric inconsistency (calibration or depth scale error) | Motion blur or defocus | Distribution shift (input unlike calibration set),42.38428400014982,6.24988500010204,1,0.9464243812642699,0.5245652812463257,0.9064937145876851,1.0,1.0,0.9794472075344626,0.7908631244194988,0.8417578150642885,0.9595206504016546,1.0,0.9835292527643485,0.5054595164994105,1.0,-0.006718801415484421,0
approach,calibration_error,intrinsics,1.0,13,1,1,0,0,1.0,1.0,1.0,0.870227452265836,-2.1447148115738592,2.1447148115738592,2.252277415903652,0.835136715301751,TRUSTED,Geometric inconsistency (calibration or depth scale error),Geometric inconsistency (calibration or depth scale error) | Motion blur or defocus | Distribution shift (input unlike calibration set),44.23329700000522,6.522485999994387,1,0.9472876878092389,0.5593746512839949,0.9084419722182281,1.0,1.0,0.9958499744196435,0.8124958225144125,0.8244807377161877,0.9615380488624027,1.0,0.9828460120568426,0.5010186312615086,1.0,-0.005354715430218704,0
approach,calibration_error,intrinsics,1.0,14,1,1,0,0,1.0,1.0,1.0,0.8546100777535351,-2.1444979957912267,2.1444979957912267,2.24103169528223,0.819884027672766,TRUSTED,Geometric inconsistency (calibration or depth scale error),Geometric inconsistency (calibration or depth scale error) | Motion blur or defocus | Distribution shift (input unlike calibration set),44.97843499996179,6.633724000039365,1,0.9465176823135031,0.4762354239315276,0.9105402046554798,1.0,1.0,1.0,0.7938259796690255,0.8132337652955243,0.9680006314513088,1.0,0.9808469148206236,0.49653503499069723,1.0,-0.005137899647586153,0
approach,calibration_error,intrinsics,1.0,15,1,1,0,0,1.0,1.0,1.0,0.8465961988071452,-2.1440856767737344,2.1440856767737344,2.22749033300955,0.819217633504332,TRUSTED,Geometric inconsistency (calibration or depth scale error),Geometric inconsistency (calibration or depth scale error) | Motion blur or defocus | Unstable tracking / temporal disagreement,43.78622399997312,6.343652999930782,1,0.9465544585943472,0.4961903165127105,0.913214283756225,1.0,1.0,1.0,0.810970057789527,0.797151428073022,0.9644221587408954,1.0,0.9794569674248728,0.47610740126879225,1.0,-0.004725580630093873,0
approach,calibration_error,intrinsics,1.0,16,1,1,0,0,1.0,1.0,1.0,0.8348320282952361,-2.145382342131242,2.145382342131242,2.2165995107773147,0.865069716515975,TRUSTED,Geometric inconsistency (calibration or depth scale error),Geometric inconsistency (calibration or depth scale error) | Unstable tracking / temporal disagreement | Motion blur or defocus,42.954562000090846,6.394480000039948,1,0.9474269948603227,0.8643373594604538,0.9170181259056187,1.0,1.0,1.0,0.8776735828785295,0.7860173587757845,0.9567921949428031,1.0,0.9780550725906103,0.46852959669446415,1.0,-0.006022245987601593,0
approach,calibration_error,intrinsics,1.0,17,1,1,0,0,1.0,1.0,1.0,0.8261158107165149,-2.144386374432109,2.144386374432109,2.205307950439454,0.8198436289231431,TRUSTED,Geometric inconsistency (calibration or depth scale error),Geometric inconsistency (calibration or depth scale error) | Motion blur or defocus | Unstable tracking / temporal disagreement,43.65152200000466,6.327535999957945,1,0.9466177726829779,0.5473277089493775,0.9213511244484932,1.0,1.0,1.0,0.8361087330296039,0.7691238629231579,0.9552121018669155,1.0,0.9754056147051826,0.44447083704889084,1.0,-0.0050262782884686885,0
approach,calibration_error,intrinsics,1.0,18,1,1,0,0,1.0,1.0,1.0,0.8041500120619413,-2.1454656020454728,2.1454656020454728,2.1964776435766553,0.8491030551224517,TRUSTED,Geometric inconsistency (calibration or depth scale error),Geometric inconsistency (calibration or depth scale error) | Unstable tracking / temporal disagreement | Motion blur or defocus,43.578523000064706,6.2778499999467385,1,0.944409674041668,0.8062603890743729,0.9279691165086713,1.0,1.0,1.0,0.8559878171269213,0.7538606352857576,0.9476484033480537,1.0,0.9727181580507629,0.44391966426112445,1.0,-0.006105505901832231,0
approach,calibration_error,intrinsics,1.0,19,1,1,0,0,1.0,1.0,1.0,0.7897263572457165,-2.1444472229999043,2.1444472229999043,2.1874138671908923,0.8198611546649861,TRUSTED,Geometric inconsistency (calibration or depth scale error),Geometric inconsistency (calibration or depth scale error) | Motion blur or defocus | Unstable tracking / temporal disagreement,43.26494800000091,6.369518000042262,1,0.9471046088073637,0.6460904810598387,0.9381652810798469,1.0,1.0,1.0,0.7929322949123336,0.7383132097454853,0.942452104165506,1.0,0.9693605502383374,0.4179971935651114,1.0,-0.0050871268562637795,0
approach,calibration_error,intrinsics,1.0,20,1,1,0,0,1.0,1.0,1.0,0.7575673671902845,-2.1452866015226952,2.1452866015226952,2.1794788897480717,0.8280333121264015,TRUSTED,Geometric inconsistency (calibration or depth scale error),Geometric inconsistency (calibration or depth scale error) | Distribution shift (input unlike calibration set) | Unstable tracking / temporal disagreement,43.17185000002155,6.384052000043994,1,0.9451319616738477,0.8721588134541942,0.9539331512059088,1.0,1.0,1.0,0.7101500883253993,0.7169478523441272,0.9260465105438057,1.0,0.9646991739592709,0.4015538885179689,1.0,-0.005926505379054703,0
approach,calibration_error,intrinsics,1.0,21,1,1,0,0,1.0,1.0,1.0,0.7345947004757141,-2.1449582058450467,2.1449582058450467,2.172744419211217,0.8060532010062621,TRUSTED,Geometric inconsistency (calibration or depth scale error),Geometric inconsistency (calibration or depth scale error) | Distribution shift (input unlike calibration set) | Unstable tracking / temporal disagreement,43.08741399995597,6.488325999953304,1,0.9454375042971924,0.9180946870604101,0.9792131027046224,1.0,1.0,1.0,0.575105495286304,0.6947702243774607,0.9121259724893216,1.0,0.9587280596189461,0.36573564322681695,1.0,-0.005598109701406173,0
approach,calibration_error,intrinsics,1.0,22,1,1,0,0,1.0,1.0,1.0,0.6871631890351276,-2.1449299791584835,2.1449299791584835,2.166636767984928,0.7605098375372651,TRUSTED,Geometric inconsistency (calibration or depth scale error),Geometric inconsistency (calibration or depth scale error) | Distribution shift (input unlike calibration set) | Unstable tracking / temporal disagreement,44.22119399998792,6.625275000033071,1,0.9447679459664675,1.0,0.9693214860310317,1.0,1.0,1.0,0.33608519304324214,0.6653900880642669,0.8783688707645074,1.0,0.9488839392247721,0.3350627846109261,1.0,-0.005569883014842958,0
approach,calibration_error,intrinsics,1.0,23,1,1,0,0,1.0,1.0,1.0,0.6353737789119208,-2.144843101501465,2.144843101501465,2.1613264742029115,0.23087221989852527,DEGRADED,Distribution shift (input unlike calibration set),Distribution shift (input unlike calibration set) | Geometric inconsistency (calibration or depth scale error) | Unstable tracking / temporal disagreement,44.82470999982979,6.799580999995669,1,0.943611166444891,1.0,0.8579559954816554,1.0,1.0,1.0,0.0,0.6301228335353233,0.8151645653717503,1.0,0.9342138715527208,0.288953716922591,1.0,-0.005483005357824311,0
approach,frame_delay,time,0.25,0,1,1,0,0,1.0,1.0,1.0,1.0,-2.1398468017578125,2.1398468017578125,2.1412138842079527,0.2394486466337406,DEGRADED,Unstable tracking / temporal disagreement,Unstable tracking / temporal disagreement | Motion blur or defocus | Frame delay / dropped frames,43.381639999893196,6.348282999965704,1,0.9443331225717339,0.46777636306368964,0.8997038174424591,1.0,1.0,0.9211100974926805,0.7216504489715836,0.0,1.0,0.9913793103448276,0.9903422328699842,0.8462155020583905,0.5,-0.0004867056141719672,0
approach,frame_delay,time,0.25,1,1,1,0,0,1.0,1.0,1.0,0.9333333333333333,-0.7485424539317265,0.7485424539317265,0.7524416045580546,0.8407501088293897,TRUSTED,Motion blur or defocus,Motion blur or defocus | Frame delay / dropped frames | Distribution shift (input unlike calibration set),43.614570000045205,6.458038999994642,1,0.9443331225717339,0.46777636306368964,0.8997038174424591,1.0,1.0,0.9211100974926805,0.7216504489715836,1.0,1.0,0.9913793103448276,0.9903422328699842,0.8462155020583905,0.5,1.390817642211914,1
approach,frame_delay,time,0.25,2,1,1,0,0,1.0,1.0,1.0,0.9298299128027666,-2.1388733905294686,2.1388733905294686,2.1412848983977075,0.810266430123915,TRUSTED,Motion blur or defocus,Motion blur or defocus | Distribution shift (input unlike calibration set) | Frame delay / dropped frames,44.16460900006314,6.497842000044329,1,0.9455170172615884,0.3104798363888204,0.9002457075459435,1.0,1.0,0.9255493450010811,0.6487729488135039,0.9293333333333333,1.0,0.9975186104218362,0.9889931043189677,0.9789963672422494,0.5,0.0004867056141719672,0
approach,frame_delay,time,0.25,3,1,1,0,0,1.0,1.0,1.0,0.9327435151517224,-0.7475690427033825,0.7475690427033825,0.7544409247910057,0.8053200660273205,TRUSTED,Motion blur or defocus,Motion blur or defocus | Distribution shift (input unlike calibration set) | Frame delay / dropped frames,45.18780900002639,6.7565960000592895,1,0.9455170172615884,0.3104798363888204,0.9002457075459435,1.0,1.0,0.9255493450010811,0.6487729488135039,0.9294988598231444,1.0,0.9975186104218362,0.9889931043189677,0.9254212599951857,0.5,1.391791053440258,1
approach,frame_delay,time,0.25,4,1,1,0,0,1.0,1.0,1.0,0.8999642591974503,-2.1442638480145035,2.1442638480145035,2.1467371237238844,0.849870951568364,TRUSTED,Motion blur or defocus,Motion blur or defocus | Frame delay / dropped frames | Distribution shift (input unlike calibration set),43.56635200008441,6.42485299999862,1,0.9449197102791569,0.530359249220086,0.9009177644627975,1.0,1.0,0.9317305623482077,0.7504009801350103,0.8999513682799802,0.9844964370054085,1.0,0.9889846095653251,0.8854908716265137,0.5,-0.004903751870863005,0
approach,frame_delay,time,0.25,5,1,1,0,0,1.0,1.0,1.0,0.8933003028418484,-0.75083757483441,0.75083757483441,0.7569207806609295,0.8606104916615777,TRUSTED,Motion blur or defocus,Motion blur or defocus | Frame delay / dropped frames | Distribution shift (input unlike calibration set),43.195542000148635,6.391639000071336,1,0.9449197102791569,0.530359249220086,0.9009177644627975,1.0,1.0,0.9317305623482077,0.7504009801350103,0.8999539464634742,0.9865621011995546,0.9936974789915967,0.9889699899639667,0.9966772215161749,0.5,1.3885225213092305,1
approach,frame_delay,time,0.25,6,1,1,0,0,1.0,1.0,1.0,0.8980816020953737,-2.144632256549336,2.144632256549336,2.147030514901142,0.794985748195638,TRUSTED,Motion blur or defocus,Motion blur or defocus | Distribution shift (input unlike calibration set) | Frame delay / dropped frames,44.411734000050274,6.260682000061024,1,0.9457633598584605,0.3324685070503144,0.9017122064813522,1.0,1.0,0.9380912267921488,0.6727794043871355,0.8847267539471395,0.9815871151637342,1.0,0.9876312135732933,0.7854185212228489,0.5,-0.0052721604056955584,0
approach,frame_delay,time,0.25,7,1,1,0,0,1.0,1.0,1.0,0.8387276647693962,-0.7533279087232501,0.7533279087232501,0.7592624644879101,0.804843326854028,TRUSTED,Motion blur or defocus,Motion blur or defocus | Distribution shift (input unlike calibration set) | Frame delay / dropped frames,43.80857299997842,6.357816999980059,1,0.9457633598584605,0.3324685070503144,0.9017122064813522,1.0,1.0,0.9380912267921488,0.6727794043871355,0.8866345893968873,0.9816801085731495,0.9944444444444445,0.9876312135732933,0.880996128304617,0.5,1.3860321874203905,1
approach,frame_delay,time,0.25,8,1,1,0,0,1.0,1.0,1.0,0.8756015626395084,-2.1480724500573203,2.1480724500573203,2.1506861567811817,0.8186558009971703,TRUSTED,Motion blur or defocus,Motion blur or defocus | Frame delay / dropped frames | Geometric inconsistency (calibration or depth scale error),43.37921999990613,6.375350999974216,1,0.9456302336069669,0.4378288826991194,0.9029021009383505,1.0,1.0,0.9485351682989323,0.7356029992499717,0.8717669196751074,0.9797915300786391,1.0,0.9869345666330657,0.764140194767908,0.5,-0.008712353913679749,0
approach,frame_delay,time,0.25,9,1,1,0,0,1.0,1.0,1.0,0.8180526428403414,-0.7550362296726405,0.7550362296726405,0.7616597222786196,0.8350270106238542,TRUSTED,Motion blur or defocus,Motion blur or defocus | Frame delay / dropped frames | Distribution shift (input unlike calibration set),43.30329799984156,6.355595999934849,1,0.9456302336069669,0.4378288826991194,0.9029021009383505,1.0,1.0,0.9485351682989323,0.7356029992499717,0.8721929911155963,0.9793796808035654,0.9983974358974359,0.9862696767678089,0.9174297129275613,0.5,1.384323866471,1
approach,frame_delay,time,0.25,10,1,1,0,0,1.0,1.0,1.0,0.8593056481011602,-2.1472707002059295,2.1472707002059295,2.1504418056933066,0.8149354147911237,TRUSTED,Motion blur or defocus,Motion blur or defocus | Geometric inconsistency (calibration or depth scale error) | Frame delay / dropped frames,43.47394699993856,6.458765999923344,1,0.9458806937290426,0.42651137194338296,0.9045744615188167,1.0,1.0,0.9628055875672131,0.7416719392578779,0.8588396247420775,0.9784966237127978,1.0,0.9862329534419092,0.7474296400753173,0.5,-0.00791060406228894,0
approach,frame_delay,time,0.25,11,1,1,0,0,1.0,1.0,1.0,0.8220643172287418,-0.7559663523798399,0.7559663523798399,0.7641851291428992,0.831083757508383,TRUSTED,Motion blur or defocus,Motion blur or defocus | Frame delay / dropped frames | Distribution shift (input unlike calibration set),44.360675999882915,6.198100999995404,1,0.9458806937290426,0.42651137194338296,0.9045744615188167,1.0,1.0,0.9628055875672131,0.7416719392578779,0.858881990501994,0.9780640300818979,1.0,0.9849109773699238,0.8956772363209212,0.5,1.3833937437638006,1
approach,frame_delay,time,0.25,12,1,1,0,0,1.0,1.0,1.0,0.8483595050686831,-2.146078897559125,2.146078897559125,2.1502172253230625,0.8238339523231782,TRUSTED,Motion blur or defocus,Motion blur or defocus | Geometric inconsistency (calibration or depth scale error) | Frame delay / dropped frames,44.08063200014567,6.5668189999996684,1,0.9464243812642699,0.5245652812463257,0.9064937145876851,1.0,1.0,0.9794472075344626,0.7908631244194988,0.8498123859956799,0.9775542298652209,1.0,0.9842079274502433,0.6588075008303039,0.5,-0.006718801415484421,0
approach,frame_delay,time,0.25,13,1,1,0,0,1.0,1.0,1.0,0.7825492800450665,-0.7547745497330389,0.7547745497330389,0.7657274086172754,0.8374098670964332,TRUSTED,Motion blur or defocus,Motion blur or defocus | Frame delay / dropped frames | Geometric inconsistency (calibration or depth scale error),44.61170299975947,6.512150999924415,1,0.9464243812642699,0.5245652812463257,0.9064937145876851,1.0,1.0,0.9794472075344626,0.7908631244194988,0.8386184663586631,0.9753235797273999,1.0,0.9835292527643485,0.7750357493398037,0.5,1.3845855464106016,1
approach,frame_delay,time,0.25,14,1,1,0,0,1.0,1.0,1.0,0.812693244139297,-2.1444979957912267,2.1444979957912267,2.150135766277587,0.8099817683177579,TRUSTED,Motion blur or defocus,Motion blur or defocus | Geometric inconsistency (calibration or depth scale error) | Frame delay / dropped frames,50.329231999967305,10.16136999999162,1,0.9465176823135031,0.4762354239315276,0.9105402046554798,1.0,1.0,1.0,0.7938259796690255,0.8217890436000664,0.9730523105587144,1.0,0.9821349067648435,0.6205732503480589,0.5,-0.005137899647586153,0
approach,frame_delay,time,0.25,15,1,1,0,0,1.0,1.0,1.0,0.7542980495436653,-0.754339964493461,0.754339964493461,0.7694949370531887,0.8305642958501162,TRUSTED,Motion blur or defocus,Motion blur or defocus | Frame delay / dropped frames | Geometric inconsistency (calibration or depth scale error),45.50657400000091,6.682092000005468,1,0.9465176823135031,0.4762354239315276,0.9105402046554798,1.0,1.0,1.0,0.7938259796690255,0.8120276545447772,0.9708112596656561,1.0,0.9808128421245784,0.7905089932931476,0.5,1.3850201316501796,1
approach,frame_delay,time,0.25,16,1,1,0,0,1.0,1.0,1.0,0.7910226847901509,-2.1444305751634687,2.1444305751634687,2.1498698163601446,0.8549797033637061,TRUSTED,Geometric inconsistency (calibration or depth scale error),Geometric inconsistency (calibration or depth scale error) | Frame delay / dropped frames | Unstable tracking / temporal disagreement,52.65432400017289,9.497591000013017,1,0.9474269948603227,0.8643373594604538,0.9170181259056187,1.0,1.0,1.0,0.8776735828785295,0.796044467564866,0.9585250565042449,1.0,0.9781050810622701,0.588233412450949,0.5,-0.005070479019828156,0
approach,frame_delay,time,0.25,17,1,1,0,0,1.0,1.0,1.0,0.7236736119138403,-0.7540779943051561,0.7540779943051561,0.7668911803641412,0.8791138134452628,TRUSTED,Frame delay / dropped frames,Frame delay / dropped frames | Geometric inconsistency (calibration or depth scale error) | Unstable tracking / temporal disagreement,56.66710399998465,8.306815000082679,1,0.9474269948603227,0.8643373594604538,0.9170181259056187,1.0,1.0,1.0,0.8776735828785295,0.7869660030309245,0.9567214323843954,1.0,0.9768059508309757,0.7679150718527821,0.5,1.3852821018384844,1
approach,frame_delay,time,0.25,18,1,1,0,0,1.0,1.0,1.0,0.7570248925505386,-2.1447093383125626,2.1447093383125626,2.149942704407744,0.8375933868003781,TRUSTED,Geometric inconsistency (calibration or depth scale error),Geometric inconsistency (calibration or depth scale error) | Frame delay / dropped frames | Unstable tracking / temporal disagreement,59.76970500000789,9.913601999983257,1,0.944409674041668,0.8062603890743729,0.9279691165086713,1.0,1.0,1.0,0.8559878171269213,0.7664419966291813,0.9419235689163515,1.0,0.9739904018818536,0.5475631415917203,0.5,-0.005349242168922075,0
approach,frame_delay,time,0.25,19,1,1,0,0,1.0,1.0,1.0,0.6675209311210744,-0.7541612542193867,0.7541612542193867,0.7664486984669416,0.8664878444321047,TRUSTED,Frame delay / dropped frames,Frame delay / dropped frames | Geometric inconsistency (calibration or depth scale error) | Unstable tracking / temporal disagreement,58.80479000006744,10.098935999963032,1,0.944409674041668,0.8062603890743729,0.9279691165086713,1.0,1.0,1.0,0.8559878171269213,0.7546872708337783,0.9374817253653942,1.0,0.9720420261390581,0.7597171552369792,0.5,1.3851988419242538,1
approach,frame_delay,time,0.25,20,1,1,0,0,1.0,1.0,1.0,0.7038366211950601,-2.1452866015226952,2.1452866015226952,2.1504049701233017,0.8133288618493271,TRUSTED,Geometric inconsistency (calibration or depth scale error),Geometric inconsistency (calibration or depth scale error) | Frame delay / dropped frames | Distribution shift (input unlike calibration set),43.92033200008427,6.337524000059602,1,0.9451319616738477,0.8721588134541942,0.9539331512059088,1.0,1.0,1.0,0.7101500883253993,0.7303862134699197,0.9070322501430701,1.0,0.9660329033644394,0.47897347781389515,0.5,-0.005926505379054703,0
approach,frame_delay,time,0.25,21,1,1,0,0,1.0,1.0,1.0,0.5824230962092691,-0.7545439678689725,0.7545439678689725,0.7657958775637028,0.8467956383776364,TRUSTED,Geometric inconsistency (calibration or depth scale error),Geometric inconsistency (calibration or depth scale error) | Frame delay / dropped frames | Distribution shift (input unlike calibration set),44.11830799995187,6.2798679999787055,1,0.9451319616738477,0.8721588134541942,0.9539331512059088,1.0,1.0,1.0,0.7101500883253993,0.7160724683495491,0.9002914594751116,1.0,0.9632284787366521,0.7087067804794758,0.5,1.384816128274668,1
approach,frame_delay,time,0.25,22,1,1,0,0,1.0,1.0,1.0,0.6253174716105309,-2.144196842027746,2.144196842027746,2.1497722525615934,0.7424335999282461,CAUTION,Geometric inconsistency (calibration or depth scale error),Geometric inconsistency (calibration or depth scale error) | Distribution shift (input unlike calibration set) | Unstable tracking / temporal disagreement,45.13783599986709,6.7343649999429545,1,0.9447679459664675,1.0,0.9693214860310317,1.0,1.0,1.0,0.33608519304324214,0.6842424505553661,0.8414292661736242,1.0,0.9515012790625844,0.3787003982891686,0.5,-0.004836745884105653,0
approach,frame_delay,time,0.25,23,1,0,1,1,0.0,0.0,0.0,,,,,0.7819420077868129,TRUSTED,Distribution shift (input unlike calibration set),Distribution shift (input unlike calibration set) | Geometric inconsistency (calibration or depth scale error) | Unstable tracking / temporal disagreement,46.337402000062866,6.876366000028611,1,0.9447679459664675,1.0,0.9693214860310317,1.0,1.0,1.0,0.33608519304324214,0.6647434358478136,0.8298548323610018,1.0,0.9452713238514885,0.6310647085317895,0.5,,1
approach,frame_delay,time,0.5,0,1,1,0,0,1.0,1.0,1.0,1.0,-2.1398468017578125,2.1398468017578125,2.1412138842079527,0.2342110650418845,DEGRADED,Unstable tracking / temporal disagreement,Unstable tracking / temporal disagreement | Motion blur or defocus | Frame delay / dropped frames,44.91493799991986,6.3446940000631,1,0.9443331225717339,0.46777636306368964,0.8997038174424591,1.0,1.0,0.9211100974926805,0.7216504489715836,0.0,1.0,0.9913793103448276,0.9903422328699842,0.8462155020583905,0.3333333333333333,-0.0004867056141719672,0
approach,frame_delay,time,0.5,1,1,1,0,0,1.0,1.0,1.0,0.9333333333333333,-0.7485424539317265,0.7485424539317265,0.7524416045580546,0.8223599556367871,TRUSTED,Motion blur or defocus,Motion blur or defocus | Frame delay / dropped frames | Distribution shift (input unlike calibration set),44.3473500000664,6.562401999985923,1,0.9443331225717339,0.46777636306368964,0.8997038174424591,1.0,1.0,0.9211100974926805,0.7216504489715836,1.0,1.0,0.9913793103448276,0.9903422328699842,0.8462155020583905,0.3333333333333333,1.390817642211914,1
approach,frame_delay,time,0.5,2,1,1,0,0,1.0,1.0,1.0,0.9298299128027666,-2.1388733905294686,2.1388733905294686,2.1412848983977075,0.7925430618836786,TRUSTED,Motion blur or defocus,Motion blur or defocus | Frame delay / dropped frames | Distribution shift (input unlike calibration set),44.66804200012575,6.551681000019016,1,0.9455170172615884,0.3104798363888204,0.9002457075459435,1.0,1.0,0.9255493450010811,0.6487729488135039,0.9293333333333333,1.0,0.9975186104218362,0.9889931043189677,0.9789963672422494,0.3333333333333333,0.0004867056141719672,0
approach,frame_delay,time,0.5,3,1,1,0,0,1.0,1.0,1.0,0.9327435151517224,-0.7475690427033825,0.7475690427033825,0.7544409247910057,0.78770489211561,TRUSTED,Motion blur or defocus,Motion blur or defocus | Frame delay / dropped frames | Distribution shift (input unlike calibration set),45.01445200003218,6.481059999941863,1,0.9455170172615884,0.3104798363888204,0.9002457075459435,1.0,1.0,0.9255493450010811,0.6487729488135039,0.9294988598231444,1.0,0.9975186104218362,0.9889931043189677,0.9254212599951857,0.3333333333333333,1.391791053440258,1
approach,frame_delay,time,0.5,4,1,1,0,0,1.0,1.0,1.0,0.8999642591974503,-2.1442638480145035,2.1442638480145035,2.1467371237238844,0.8312812935604139,TRUSTED,Motion blur or defocus,Motion blur or defocus | Frame delay / dropped frames | Distribution shift (input unlike calibration set),45.25690699995266,6.3201819999676445,1,0.9449197102791569,0.530359249220086,0.9009177644627975,1.0,1.0,0.9317305623482077,0.7504009801350103,0.8999513682799802,0.9844964370054085,1.0,0.9889846095653251,0.8854908716265137,0.3333333333333333,-0.004903751870863005,0
approach,frame_delay,time,0.5,5,1,1,0,0,1.0,1.0,1.0,0.8933003028418484,-0.75083757483441,0.75083757483441,0.7569207806609295,0.8417859222507527,TRUSTED,Motion blur or defocus,Motion blur or defocus | Frame delay / dropped frames | Distribution shift (input unlike calibration set),45.09784900005798,6.454154000039125,1,0.9449197102791569,0.530359249220086,0.9009177644627975,1.0,1.0,0.9317305623482077,0.7504009801350103,0.8999539464634742,0.9865621011995546,0.9936974789915967,0.9889699899639667,0.9966772215161749,0.3333333333333333,1.3885225213092305,1
approach,frame_delay,time,0.5,6,1,1,0,0,1.0,1.0,1.0,0.8980816020953737,-2.144632256549336,2.144632256549336,2.147030514901142,0.7775966220549237,TRUSTED,Motion blur or defocus,Motion blur or defocus | Frame delay / dropped frames | Distribution shift (input unlike calibration set),46.10527299996647,6.6541190000179995,1,0.9457633598584605,0.3324685070503144,0.9017122064813522,1.0,1.0,0.9380912267921488,0.6727794043871355,0.8847267539471395,0.9815871151637342,1.0,0.9876312135732933,0.7854185212228489,0.3333333333333333,-0.0052721604056955584,0
approach,frame_delay,time,0.5,7,1,1,0,0,1.0,1.0,1.0,0.8387276647693962,-0.7533279087232501,0.7533279087232501,0.7592624644879101,0.7872385808998493,TRUSTED,Motion blur or defocus,Motion blur or defocus | Frame delay / dropped frames | Distribution shift (input unlike calibration set),45.410798999910185,6.353650000050948,1,0.9457633598584605,0.3324685070503144,0.9017122064813522,1.0,1.0,0.9380912267921488,0.6727794043871355,0.8866345893968873,0.9816801085731495,0.9944444444444445,0.9876312135732933,0.880996128304617,0.3333333333333333,1.3860321874203905,1
approach,frame_delay,time,0.5,8,1,1,0,0,1.0,1.0,1.0,0.8756015626395084,-2.1480724500573203,2.1480724500573203,2.1506861567811817,0.8007489277963892,TRUSTED,Motion blur or defocus,Motion blur or defocus | Frame delay / dropped frames | Geometric inconsistency (calibration or depth scale error),44.9882619999471,6.35630699991907,1,0.9456302336069669,0.4378288826991194,0.9029021009383505,1.0,1.0,0.9485351682989323,0.7356029992499717,0.8717669196751074,0.9797915300786391,1.0,0.9869345666330657,0.764140194767908,0.3333333333333333,-0.008712353913679749,0
approach,frame_delay,time,0.5,9,1,1,0,0,1.0,1.0,1.0,0.8180526428403414,-0.7550362296726405,0.7550362296726405,0.7616597222786196,0.8167620416585634,TRUSTED,Motion blur or defocus,Motion blur or defocus | Frame delay / dropped frames | Distribution shift (input unlike calibration set),44.64375899999595,6.478019000041968,1,0.9456302336069669,0.4378288826991194,0.9029021009383505,1.0,1.0,0.9485351682989323,0.7356029992499717,0.8721929911155963,0.9793796808035654,0.9983974358974359,0.9862696767678089,0.9174297129275613,0.3333333333333333,1.384323866471,1
approach,frame_delay,time,0.5,10,1,1,0,0,1.0,1.0,1.0,0.8593056481011602,-2.1472707002059295,2.1472707002059295,2.1504418056933066,0.7971099194831865,TRUSTED,Motion blur or defocus,Motion blur or defocus | Frame delay / dropped frames | Geometric inconsistency (calibration or depth scale error),46.71133199997257,6.757923000009214,1,0.9458806937290426,0.42651137194338296,0.9045744615188167,1.0,1.0,0.9628055875672131,0.7416719392578779,0.8588396247420775,0.9784966237127978,1.0,0.9862329534419092,0.7474296400753173,0.3333333333333333,-0.00791060406228894,0
approach,frame_delay,time,0.5,11,1,1,0,0,1.0,1.0,1.0,0.8220643172287418,-0.7559663523798399,0.7559663523798399,0.7641851291428992,0.812905041316787,TRUSTED,Motion blur or defocus,Motion blur or defocus | Frame delay / dropped frames | Distribution shift (input unlike calibration set),46.141368000121474,6.557489000101668,1,0.9458806937290426,0.42651137194338296,0.9045744615188167,1.0,1.0,0.9628055875672131,0.7416719392578779,0.858881990501994,0.9780640300818979,1.0,0.9849109773699238,0.8956772363209212,0.3333333333333333,1.3833937437638006,1
approach,frame_delay,time,0.5,12,1,1,0,0,1.0,1.0,1.0,0.8483595050686831,-2.146078897559125,2.146078897559125,2.1502172253230625,0.805813814794341,TRUSTED,Motion blur or defocus,Motion blur or defocus | Geometric inconsistency (calibration or depth scale error) | Frame delay / dropped frames,44.95528700010709,6.479821000084485,1,0.9464243812642699,0.5245652812463257,0.9064937145876851,1.0,1.0,0.9794472075344626,0.7908631244194988,0.8498123859956799,0.9775542298652209,1.0,0.9842079274502433,0.6588075008303039,0.3333333333333333,-0.006718801415484421,0
approach,frame_delay,time,0.5,13,1,1,0,0,1.0,1.0,1.0,0.7825492800450665,-0.7547745497330389,0.7547745497330389,0.7657274086172754,0.8190927767039708,TRUSTED,Motion blur or defocus,Motion blur or defocus | Frame delay / dropped frames | Geometric inconsistency (calibration or depth scale error),44.7158589998935,6.522514000039337,1,0.9464243812642699,0.5245652812463257,0.9064937145876851,1.0,1.0,0.9794472075344626,0.7908631244194988,0.8386184663586631,0.9753235797273999,1.0,0.9835292527643485,0.7750357493398037,0.3333333333333333,1.3845855464106016,1
approach,frame_delay,time,0.5,14,1,1,0,0,1.0,1.0,1.0,0.812693244139297,-2.1444979957912267,2.1444979957912267,2.150135766277587,0.7922646266294641,TRUSTED,Motion blur or defocus,Motion blur or defocus | Geometric inconsistency (calibration or depth scale error) | Frame delay / dropped frames,44.2005520001203,6.437487999960467,1,0.9465176823135031,0.4762354239315276,0.9105402046554798,1.0,1.0,1.0,0.7938259796690255,0.8217890436000664,0.9730523105587144,1.0,0.9821349067648435,0.6205732503480589,0.3333333333333333,-0.005137899647586153,0
approach,frame_delay,time,0.5,15,1,1,0,0,1.0,1.0,1.0,0.7542980495436653,-0.754339964493461,0.754339964493461,0.7694949370531887,0.812396942106616,TRUSTED,Motion blur or defocus,Motion blur or defocus | Frame delay / dropped frames | Geometric inconsistency (calibration or depth scale error),44.67794799984404,6.411001999936161,1,0.9465176823135031,0.4762354239315276,0.9105402046554798,1.0,1.0,1.0,0.7938259796690255,0.8120276545447772,0.9708112596656561,1.0,0.9808128421245784,0.7905089932931476,0.3333333333333333,1.3850201316501796,1
approach,frame_delay,time,0.5,16,1,1,0,0,1.0,1.0,1.0,0.7910226847901509,-2.1444305751634687,2.1444305751634687,2.1498698163601446,0.8362782990388032,TRUSTED,Geometric inconsistency (calibration or depth scale error),Geometric inconsistency (calibration or depth scale error) | Frame delay / dropped frames | Unstable tracking / temporal disagreement,44.95433400006732,6.491142000072614,1,0.9474269948603227,0.8643373594604538,0.9170181259056187,1.0,1.0,1.0,0.8776735828785295,0.796044467564866,0.9585250565042449,1.0,0.9781050810622701,0.588233412450949,0.3333333333333333,-0.005070479019828156,0
approach,frame_delay,time,0.5,17,1,1,0,0,1.0,1.0,1.0,0.7236736119138403,-0.7540779943051561,0.7540779943051561,0.7668911803641412,0.8598845115002397,TRUSTED,Frame delay / dropped frames,Frame delay / dropped frames | Geometric inconsistency (calibration or depth scale error) | Unstable tracking / temporal disagreement,45.253761000026316,6.58894599996529,1,0.9474269948603227,0.8643373594604538,0.9170181259056187,1.0,1.0,1.0,0.8776735828785295,0.7869660030309245,0.9567214323843954,1.0,0.9768059508309757,0.7679150718527821,0.3333333333333333,1.3852821018384844,1
approach,frame_delay,time,0.5,18,1,1,0,0,1.0,1.0,1.0,0.7570248925505386,-2.1447093383125626,2.1447093383125626,2.149942704407744,0.8192722821884303,TRUSTED,Geometric inconsistency (calibration or depth scale error),Geometric inconsistency (calibration or depth scale error) | Frame delay / dropped frames | Unstable tracking / temporal disagreement,44.398032000003695,6.347278000021106,1,0.944409674041668,0.8062603890743729,0.9279691165086713,1.0,1.0,1.0,0.8559878171269213,0.7664419966291813,0.9419235689163515,1.0,0.9739904018818536,0.5475631415917203,0.3333333333333333,-0.005349242168922075,0
approach,frame_delay,time,0.5,19,1,1,0,0,1.0,1.0,1.0,0.6675209311210744,-0.7541612542193867,0.7541612542193867,0.7664486984669416,0.8475347167056972,TRUSTED,Frame delay / dropped frames,Frame delay / dropped frames | Geometric inconsistency (calibration or depth scale error) | Unstable tracking / temporal disagreement,44.29172299990114,6.5356759999986025,1,0.944409674041668,0.8062603890743729,0.9279691165086713,1.0,1.0,1.0,0.8559878171269213,0.7546872708337783,0.9374817253653942,1.0,0.9720420261390581,0.7597171552369792,0.3333333333333333,1.3851988419242538,1
approach,frame_delay,time,0.5,20,1,1,0,0,1.0,1.0,1.0,0.7038366211950601,-2.1452866015226952,2.1452866015226952,2.1504049701233017,0.7955385074880296,TRUSTED,Geometric inconsistency (calibration or depth scale error),Geometric inconsistency (calibration or depth scale error) | Frame delay / dropped frames | Distribution shift (input unlike calibration set),45.85932700001649,6.662680999966142,1,0.9451319616738477,0.8721588134541942,0.9539331512059088,1.0,1.0,1.0,0.7101500883253993,0.7303862134699197,0.9070322501430701,1.0,0.9660329033644394,0.47897347781389515,0.3333333333333333,-0.005926505379054703,0
approach,frame_delay,time,0.5,21,1,1,0,0,1.0,1.0,1.0,0.5824230962092691,-0.7545439678689725,0.7545439678689725,0.7657958775637028,0.8282732482535661,TRUSTED,Frame delay / dropped frames,Frame delay / dropped frames | Geometric inconsistency (calibration or depth scale error) | Distribution shift (input unlike calibration set),46.65056400006051,6.438967999997658,1,0.9451319616738477,0.8721588134541942,0.9539331512059088,1.0,1.0,1.0,0.7101500883253993,0.7160724683495491,0.9002914594751116,1.0,0.9632284787366521,0.7087067804794758,0.3333333333333333,1.384816128274668,1
approach,frame_delay,time,0.5,22,1,1,0,0,1.0,1.0,1.0,0.6253174716105309,-2.144196842027746,2.144196842027746,2.1497722525615934,0.7261939735581394,CAUTION,Geometric inconsistency (calibration or depth scale error),Geometric inconsistency (calibration or depth scale error) | Distribution shift (input unlike calibration set) | Frame delay / dropped frames,44.234122000034404,6.661571999984517,1,0.9447679459664675,1.0,0.9693214860310317,1.0,1.0,1.0,0.33608519304324214,0.6842424505553661,0.8414292661736242,1.0,0.9515012790625844,0.3787003982891686,0.3333333333333333,-0.004836745884105653,0
approach,frame_delay,time,0.5,23,1,0,1,1,0.0,0.0,0.0,,,,,0.7648381939901633,TRUSTED,Distribution shift (input unlike calibration set),Distribution shift (input unlike calibration set) | Geometric inconsistency (calibration or depth scale error) | Frame delay / dropped frames,44.19729400012784,6.675336000057541,1,0.9447679459664675,1.0,0.9693214860310317,1.0,1.0,1.0,0.33608519304324214,0.6647434358478136,0.8298548323610018,1.0,0.9452713238514885,0.6310647085317895,0.3333333333333333,,1
approach,frame_delay,time,0.75,0,1,1,0,0,1.0,1.0,1.0,1.0,-2.1398468017578125,2.1398468017578125,2.1412138842079527,0.23056456847923065,DEGRADED,Unstable tracking / temporal disagreement,Unstable tracking / temporal disagreement | Motion blur or defocus | Frame delay / dropped frames,43.23795799984964,6.2532059999966805,1,0.9443331225717339,0.46777636306368964,0.8997038174424591,1.0,1.0,0.9211100974926805,0.7216504489715836,0.0,1.0,0.9913793103448276,0.9903422328699842,0.8462155020583905,0.25,-0.0004867056141719672,0
approach,frame_delay,time,0.75,1,1,1,0,0,1.0,1.0,1.0,0.9333333333333333,-0.7485424539317265,0.7485424539317265,0.7524416045580546,0.809556407047153,TRUSTED,Motion blur or defocus,Motion blur or defocus | Frame delay / dropped frames | Distribution shift (input unlike calibration set),42.55598599991117,6.074785000009797,1,0.9443331225717339,0.46777636306368964,0.8997038174424591,1.0,1.0,0.9211100974926805,0.7216504489715836,1.0,1.0,0.9913793103448276,0.9903422328699842,0.8462155020583905,0.25,1.390817642211914,1
approach,frame_delay,time,0.75,2,1,1,0,0,1.0,1.0,1.0,0.9298299128027666,-2.1388733905294686,2.1388733905294686,2.1412848983977075,0.7802037407230957,TRUSTED,Motion blur or defocus,Motion blur or defocus | Frame delay / dropped frames | Distribution shift (input unlike calibration set),43.69243999974515,6.253037999954358,1,0.9455170172615884,0.3104798363888204,0.9002457075459435,1.0,1.0,0.9255493450010811,0.6487729488135039,0.9293333333333333,1.0,0.9975186104218362,0.9889931043189677,0.9789963672422494,0.25,0.0004867056141719672,0
approach,frame_delay,time,0.75,3,1,1,0,0,1.0,1.0,1.0,0.9327435151517224,-0.7475690427033825,0.7475690427033825,0.7544409247910057,0.7754408977523568,TRUSTED,Motion blur or defocus,Motion blur or defocus | Frame delay / dropped frames | Distribution shift (input unlike calibration set),42.57369400011157,6.055478000007497,1,0.9455170172615884,0.3104798363888204,0.9002457075459435,1.0,1.0,0.9255493450010811,0.6487729488135039,0.9294988598231444,1.0,0.9975186104218362,0.9889931043189677,0.9254212599951857,0.25,1.391791053440258,1
approach,frame_delay,time,0.75,4,1,1,0,0,1.0,1.0,1.0,0.8999642591974503,-2.1442638480145035,2.1442638480145035,2.1467371237238844,0.8183388462041185,TRUSTED,Motion blur or defocus,Motion blur or defocus | Frame delay / dropped frames | Distribution shift (input unlike calibration set),42.80298899993795,6.173009999997703,1,0.9449197102791569,0.530359249220086,0.9009177644627975,1.0,1.0,0.9317305623482077,0.7504009801350103,0.8999513682799802,0.9844964370054085,1.0,0.9889846095653251,0.8854908716265137,0.25,-0.004903751870863005,0
approach,frame_delay,time,0.75,5,1,1,0,0,1.0,1.0,1.0,0.8933003028418484,-0.75083757483441,0.75083757483441,0.7569207806609295,0.828679925437883,TRUSTED,Motion blur or defocus,Motion blur or defocus | Frame delay / dropped frames | Distribution shift (input unlike calibration set),42.341272999919966,6.185827999956928,1,0.9449197102791569,0.530359249220086,0.9009177644627975,1.0,1.0,0.9317305623482077,0.7504009801350103,0.8999539464634742,0.9865621011995546,0.9936974789915967,0.9889699899639667,0.9966772215161749,0.25,1.3885225213092305,1
approach,frame_delay,time,0.75,6,1,1,0,0,1.0,1.0,1.0,0.8980816020953737,-2.144632256549336,2.144632256549336,2.147030514901142,0.7654900061316007,TRUSTED,Motion blur or defocus,Motion blur or defocus | Frame delay / dropped frames | Distribution shift (input unlike calibration set),42.84915300013381,6.325989000060872,1,0.9457633598584605,0.3324685070503144,0.9017122064813522,1.0,1.0,0.9380912267921488,0.6727794043871355,0.8847267539471395,0.9815871151637342,1.0,0.9876312135732933,0.7854185212228489,0.25,-0.0052721604056955584,0
approach,frame_delay,time,0.75,7,1,1,0,0,1.0,1.0,1.0,0.8387276647693962,-0.7533279087232501,0.7533279087232501,0.7592624644879101,0.7749818466643151,TRUSTED,Motion blur or defocus,Motion blur or defocus | Frame delay / dropped frames | Distribution shift (input unlike calibration set),43.571887999974024,6.394540999963283,1,0.9457633598584605,0.3324685070503144,0.9017122064813522,1.0,1.0,0.9380912267921488,0.6727794043871355,0.8866345893968873,0.9816801085731495,0.9944444444444445,0.9876312135732933,0.880996128304617,0.25,1.3860321874203905,1
approach,frame_delay,time,0.75,8,1,1,0,0,1.0,1.0,1.0,0.8756015626395084,-2.1480724500573203,2.1480724500573203,2.1506861567811817,0.7882818472498911,TRUSTED,Motion blur or defocus,Motion blur or defocus | Frame delay / dropped frames | Geometric inconsistency (calibration or depth scale error),43.21942200010653,6.072788999972545,1,0.9456302336069669,0.4378288826991194,0.9029021009383505,1.0,1.0,0.9485351682989323,0.7356029992499717,0.8717669196751074,0.9797915300786391,1.0,0.9869345666330657,0.764140194767908,0.25,-0.008712353913679749,0
approach,frame_delay,time,0.75,9,1,1,0,0,1.0,1.0,1.0,0.8180526428403414,-0.7550362296726405,0.7550362296726405,0.7616597222786196,0.8040456485330658,TRUSTED,Motion blur or defocus,Motion blur or defocus | Frame delay / dropped frames | Distribution shift (input unlike calibration set),42.62648199994601,6.14265499996236,1,0.9456302336069669,0.4378288826991194,0.9029021009383505,1.0,1.0,0.9485351682989323,0.7356029992499717,0.8721929911155963,0.9793796808035654,0.9983974358974359,0.9862696767678089,0.9174297129275613,0.25,1.384323866471,1
approach,frame_delay,time,0.75,10,1,1,0,0,1.0,1.0,1.0,0.8593056481011602,-2.1472707002059295,2.1472707002059295,2.1504418056933066,0.7846994956591332,TRUSTED,Motion blur or defocus,Motion blur or defocus | Frame delay / dropped frames | Geometric inconsistency (calibration or depth scale error),42.30615299991314,6.012551000026178,1,0.9458806937290426,0.42651137194338296,0.9045744615188167,1.0,1.0,0.9628055875672131,0.7416719392578779,0.8588396247420775,0.9784966237127978,1.0,0.9862329534419092,0.7474296400753173,0.25,-0.00791060406228894,0
approach,frame_delay,time,0.75,11,1,1,0,0,1.0,1.0,1.0,0.8220643172287418,-0.7559663523798399,0.7559663523798399,0.7641851291428992,0.8002486988916521,TRUSTED,Motion blur or defocus,Motion blur or defocus | Frame delay / dropped frames | Distribution shift (input unlike calibration set),43.06175700003223,6.16625199995724,1,0.9458806937290426,0.42651137194338296,0.9045744615188167,1.0,1.0,0.9628055875672131,0.7416719392578779,0.858881990501994,0.9780640300818979,1.0,0.9849109773699238,0.8956772363209212,0.25,1.3833937437638006,1
approach,frame_delay,time,0.75,12,1,1,0,0,1.0,1.0,1.0,0.8483595050686831,-2.146078897559125,2.146078897559125,2.1502172253230625,0.7932678776275336,TRUSTED,Motion blur or defocus,Motion blur or defocus | Frame delay / dropped frames | Geometric inconsistency (calibration or depth scale error),42.473246999975345,5.991640000047482,1,0.9464243812642699,0.5245652812463257,0.9064937145876851,1.0,1.0,0.9794472075344626,0.7908631244194988,0.8498123859956799,0.9775542298652209,1.0,0.9842079274502433,0.6588075008303039,0.25,-0.006718801415484421,0
approach,frame_delay,time,0.75,13,1,1,0,0,1.0,1.0,1.0,0.7825492800450665,-0.7547745497330389,0.7547745497330389,0.7657274086172754,0.8063400957227735,TRUSTED,Motion blur or defocus,Motion blur or defocus | Frame delay / dropped frames | Geometric inconsistency (calibration or depth scale error),60.98525300001256,13.755116999959682,1,0.9464243812642699,0.5245652812463257,0.9064937145876851,1.0,1.0,0.9794472075344626,0.7908631244194988,0.8386184663586631,0.9753235797273999,1.0,0.9835292527643485,0.7750357493398037,0.25,1.3845855464106016,1
approach,frame_delay,time,0.75,14,1,1,0,0,1.0,1.0,1.0,0.812693244139297,-2.1444979957912267,2.1444979957912267,2.150135766277587,0.7799296405040224,TRUSTED,Motion blur or defocus,Motion blur or defocus | Geometric inconsistency (calibration or depth scale error) | Frame delay / dropped frames,75.81816000003982,13.589755999987574,1,0.9465176823135031,0.4762354239315276,0.9105402046554798,1.0,1.0,1.0,0.7938259796690255,0.8217890436000664,0.9730523105587144,1.0,0.9821349067648435,0.6205732503480589,0.25,-0.005137899647586153,0
approach,frame_delay,time,0.75,15,1,1,0,0,1.0,1.0,1.0,0.7542980495436653,-0.754339964493461,0.754339964493461,0.7694949370531887,0.7997485104179914,TRUSTED,Motion blur or defocus,Motion blur or defocus | Frame delay / dropped frames | Geometric inconsistency (calibration or depth scale error),76.1637589998827,13.717713999994885,1,0.9465176823135031,0.4762354239315276,0.9105402046554798,1.0,1.0,1.0,0.7938259796690255,0.8120276545447772,0.9708112596656561,1.0,0.9808128421245784,0.7905089932931476,0.25,1.3850201316501796,1
approach,frame_delay,time,0.75,16,1,1,0,0,1.0,1.0,1.0,0.7910226847901509,-2.1444305751634687,2.1444305751634687,2.1498698163601446,0.823258051928268,TRUSTED,Geometric inconsistency (calibration or depth scale error),Geometric inconsistency (calibration or depth scale error) | Frame delay / dropped frames | Unstable tracking / temporal disagreement,45.61784399982116,6.160371999953895,1,0.9474269948603227,0.8643373594604538,0.9170181259056187,1.0,1.0,1.0,0.8776735828785295,0.796044467564866,0.9585250565042449,1.0,0.9781050810622701,0.588233412450949,0.25,-0.005070479019828156,0
approach,frame_delay,time,0.75,17,1,1,0,0,1.0,1.0,1.0,0.7236736119138403,-0.7540779943051561,0.7540779943051561,0.7668911803641412,0.8464967327678209,TRUSTED,Frame delay / dropped frames,Frame delay / dropped frames | Geometric inconsistency (calibration or depth scale error) | Unstable tracking / temporal disagreement,43.248468000001594,6.226463000075455,1,0.9474269948603227,0.8643373594604538,0.9170181259056187,1.0,1.0,1.0,0.8776735828785295,0.7869660030309245,0.9567214323843954,1.0,0.9768059508309757,0.7679150718527821,0.25,1.3852821018384844,1
approach,frame_delay,time,0.75,18,1,1,0,0,1.0,1.0,1.0,0.7570248925505386,-2.1447093383125626,2.1447093383125626,2.149942704407744,0.8065168064369177,TRUSTED,Geometric inconsistency (calibration or depth scale error),Geometric inconsistency (calibration or depth scale error) | Frame delay / dropped frames | Unstable tracking / temporal disagreement,41.99197299999469,6.005297000001519,1,0.944409674041668,0.8062603890743729,0.9279691165086713,1.0,1.0,1.0,0.8559878171269213,0.7664419966291813,0.9419235689163515,1.0,0.9739904018818536,0.5475631415917203,0.25,-0.005349242168922075,0
approach,frame_delay,time,0.75,19,1,1,0,0,1.0,1.0,1.0,0.6675209311210744,-0.7541612542193867,0.7541612542193867,0.7664486984669416,0.8343392153290033,TRUSTED,Frame delay / dropped frames,Frame delay / dropped frames | Geometric inconsistency (calibration or depth scale error) | Unstable tracking / temporal disagreement,41.471778000072845,6.100912999954744,1,0.944409674041668,0.8062603890743729,0.9279691165086713,1.0,1.0,1.0,0.8559878171269213,0.7546872708337783,0.9374817253653942,1.0,0.9720420261390581,0.7597171552369792,0.25,1.3851988419242538,1
approach,frame_delay,time,0.75,20,1,1,0,0,1.0,1.0,1.0,0.7038366211950601,-2.1452866015226952,2.1452866015226952,2.1504049701233017,0.7831525494100238,TRUSTED,Geometric inconsistency (calibration or depth scale error),Geometric inconsistency (calibration or depth scale error) | Frame delay / dropped frames | Distribution shift (input unlike calibration set),42.243199999916214,6.365590999962478,1,0.9451319616738477,0.8721588134541942,0.9539331512059088,1.0,1.0,1.0,0.7101500883253993,0.7303862134699197,0.9070322501430701,1.0,0.9660329033644394,0.47897347781389515,0.25,-0.005926505379054703,0
approach,frame_delay,time,0.75,21,1,1,0,0,1.0,1.0,1.0,0.5824230962092691,-0.7545439678689725,0.7545439678689725,0.7657958775637028,0.8153776339829311,TRUSTED,Frame delay / dropped frames,Frame delay / dropped frames | Geometric inconsistency (calibration or depth scale error) | Distribution shift (input unlike calibration set),42.58450999998331,6.13075299997945,1,0.9451319616738477,0.8721588134541942,0.9539331512059088,1.0,1.0,1.0,0.7101500883253993,0.7160724683495491,0.9002914594751116,1.0,0.9632284787366521,0.7087067804794758,0.25,1.384816128274668,1
approach,frame_delay,time,0.75,22,1,1,0,0,1.0,1.0,1.0,0.6253174716105309,-2.144196842027746,2.144196842027746,2.1497722525615934,0.7148876596232016,CAUTION,Geometric inconsistency (calibration or depth scale error),Geometric inconsistency (calibration or depth scale error) | Distribution shift (input unlike calibration set) | Frame delay / dropped frames,43.41516500005582,6.729630999984693,1,0.9447679459664675,1.0,0.9693214860310317,1.0,1.0,1.0,0.33608519304324214,0.6842424505553661,0.8414292661736242,1.0,0.9515012790625844,0.3787003982891686,0.25,-0.004836745884105653,0
approach,frame_delay,time,0.75,23,1,0,1,1,0.0,0.0,0.0,,,,,0.7529302175464683,TRUSTED,Distribution shift (input unlike calibration set),Distribution shift (input unlike calibration set) | Frame delay / dropped frames | Geometric inconsistency (calibration or depth scale error),43.949720000000525,6.490299999995841,1,0.9447679459664675,1.0,0.9693214860310317,1.0,1.0,1.0,0.33608519304324214,0.6647434358478136,0.8298548323610018,1.0,0.9452713238514885,0.6310647085317895,0.25,,1
approach,frame_delay,time,1.0,0,1,1,0,0,1.0,1.0,1.0,1.0,-2.1398468017578125,2.1398468017578125,2.1412138842079527,0.22777526894055394,DEGRADED,Unstable tracking / temporal disagreement,Unstable tracking / temporal disagreement | Motion blur or defocus | Frame delay / dropped frames,44.064074999937475,6.234192999954757,1,0.9443331225717339,0.46777636306368964,0.8997038174424591,1.0,1.0,0.9211100974926805,0.7216504489715836,0.0,1.0,0.9913793103448276,0.9903422328699842,0.8462155020583905,0.2,-0.0004867056141719672,0
approach,frame_delay,time,1.0,1,1,1,0,0,1.0,1.0,1.0,0.9333333333333333,-0.7485424539317265,0.7485424539317265,0.7524416045580546,0.7997626415627014,TRUSTED,Motion blur or defocus,Motion blur or defocus | Frame delay / dropped frames | Distribution shift (input unlike calibration set),42.38378599984571,5.9892469998885645,1,0.9443331225717339,0.46777636306368964,0.8997038174424591,1.0,1.0,0.9211100974926805,0.7216504489715836,1.0,1.0,0.9913793103448276,0.9903422328699842,0.8462155020583905,0.2,1.390817642211914,1
approach,frame_delay,time,1.0,2,1,1,0,0,1.0,1.0,1.0,0.9298299128027666,-2.1388733905294686,2.1388733905294686,2.1412848983977075,0.7707650748065293,TRUSTED,Motion blur or defocus,Motion blur or defocus | Frame delay / dropped frames | Distribution shift (input unlike calibration set),42.93597999992471,6.315738000012061,1,0.9455170172615884,0.3104798363888204,0.9002457075459435,1.0,1.0,0.9255493450010811,0.6487729488135039,0.9293333333333333,1.0,0.9975186104218362,0.9889931043189677,0.9789963672422494,0.2,0.0004867056141719672,0
approach,frame_delay,time,1.0,3,1,1,0,0,1.0,1.0,1.0,0.9327435151517224,-0.7475690427033825,0.7475690427033825,0.7544409247910057,0.7660598512514217,TRUSTED,Motion blur or defocus,Motion blur or defocus | Frame delay / dropped frames | Distribution shift (input unlike calibration set),42.56114499992236,6.060386999934053,1,0.9455170172615884,0.3104798363888204,0.9002457075459435,1.0,1.0,0.9255493450010811,0.6487729488135039,0.9294988598231444,1.0,0.9975186104218362,0.9889931043189677,0.9254212599951857,0.2,1.391791053440258,1
approach,frame_delay,time,1.0,4,1,1,0,0,1.0,1.0,1.0,0.8999642591974503,-2.1442638480145035,2.1442638480145035,2.1467371237238844,0.8084388334603825,TRUSTED,Frame delay / dropped frames,Frame delay / dropped frames | Motion blur or defocus | Distribution shift (input unlike calibration set),42.21331899998404,6.00675099997261,1,0.9449197102791569,0.530359249220086,0.9009177644627975,1.0,1.0,0.9317305623482077,0.7504009801350103,0.8999513682799802,0.9844964370054085,1.0,0.9889846095653251,0.8854908716265137,0.2,-0.004903751870863005,0
approach,frame_delay,time,1.0,5,1,1,0,0,1.0,1.0,1.0,0.8933003028418484,-0.75083757483441,0.75083757483441,0.7569207806609295,0.8186548094845498,TRUSTED,Frame delay / dropped frames,Frame delay / dropped frames | Motion blur or defocus | Distribution shift (input unlike calibration set),42.676248000134365,6.321363000097335,1,0.9449197102791569,0.530359249220086,0.9009177644627975,1.0,1.0,0.9317305623482077,0.7504009801350103,0.8999539464634742,0.9865621011995546,0.9936974789915967,0.9889699899639667,0.9966772215161749,0.2,1.3885225213092305,1
approach,frame_delay,time,1.0,6,1,1,0,0,1.0,1.0,1.0,0.8980816020953737,-2.144632256549336,2.144632256549336,2.147030514901142,0.7562293424700164,TRUSTED,Motion blur or defocus,Motion blur or defocus | Frame delay / dropped frames | Distribution shift (input unlike calibration set),42.45606599988605,6.060356999910255,1,0.9457633598584605,0.3324685070503144,0.9017122064813522,1.0,1.0,0.9380912267921488,0.6727794043871355,0.8847267539471395,0.9815871151637342,1.0,0.9876312135732933,0.7854185212228489,0.2,-0.0052721604056955584,0
approach,frame_delay,time,1.0,7,1,1,0,0,1.0,1.0,1.0,0.8387276647693962,-0.7533279087232501,0.7533279087232501,0.7592624644879101,0.7656063536228581,TRUSTED,Motion blur or defocus,Motion blur or defocus | Frame delay / dropped frames | Distribution shift (input unlike calibration set),42.69523500011019,6.095275999996375,1,0.9457633598584605,0.3324685070503144,0.9017122064813522,1.0,1.0,0.9380912267921488,0.6727794043871355,0.8866345893968873,0.9816801085731495,0.9944444444444445,0.9876312135732933,0.880996128304617,0.2,1.3860321874203905,1
approach,frame_delay,time,1.0,8,1,1,0,0,1.0,1.0,1.0,0.8756015626395084,-2.1480724500573203,2.1480724500573203,2.1506861567811817,0.7787454548744971,TRUSTED,Motion blur or defocus,Motion blur or defocus | Frame delay / dropped frames | Geometric inconsistency (calibration or depth scale error),42.74536399987028,6.089621000000989,1,0.9456302336069669,0.4378288826991194,0.9029021009383505,1.0,1.0,0.9485351682989323,0.7356029992499717,0.8717669196751074,0.9797915300786391,1.0,0.9869345666330657,0.764140194767908,0.2,-0.008712353913679749,0
approach,frame_delay,time,1.0,9,1,1,0,0,1.0,1.0,1.0,0.8180526428403414,-0.7550362296726405,0.7550362296726405,0.7616597222786196,0.7943185505174386,TRUSTED,Motion blur or defocus,Motion blur or defocus | Frame delay / dropped frames | Distribution shift (input unlike calibration set),42.590093999820056,6.148085999939212,1,0.9456302336069669,0.4378288826991194,0.9029021009383505,1.0,1.0,0.9485351682989323,0.7356029992499717,0.8721929911155963,0.9793796808035654,0.9983974358974359,0.9862696767678089,0.9174297129275613,0.2,1.384323866471,1
approach,frame_delay,time,1.0,10,1,1,0,0,1.0,1.0,1.0,0.8593056481011602,-2.1472707002059295,2.1472707002059295,2.1504418056933066,0.7752064414761831,TRUSTED,Motion blur or defocus,Motion blur or defocus | Frame delay / dropped frames | Geometric inconsistency (calibration or depth scale error),42.03948800000035,6.3132690000884395,1,0.9458806937290426,0.42651137194338296,0.9045744615188167,1.0,1.0,0.9628055875672131,0.7416719392578779,0.8588396247420775,0.9784966237127978,1.0,0.9862329534419092,0.7474296400753173,0.2,-0.00791060406228894,0
approach,frame_delay,time,1.0,11,1,1,0,0,1.0,1.0,1.0,0.8220643172287418,-0.7559663523798399,0.7559663523798399,0.7641851291428992,0.7905675352099645,TRUSTED,Motion blur or defocus,Motion blur or defocus | Frame delay / dropped frames | Distribution shift (input unlike calibration set),43.091353000022536,6.112174000008963,1,0.9458806937290426,0.42651137194338296,0.9045744615188167,1.0,1.0,0.9628055875672131,0.7416719392578779,0.858881990501994,0.9780640300818979,1.0,0.9849109773699238,0.8956772363209212,0.2,1.3833937437638006,1
approach,frame_delay,time,1.0,12,1,1,0,0,1.0,1.0,1.0,0.8483595050686831,-2.146078897559125,2.146078897559125,2.1502172253230625,0.7836711657836111,TRUSTED,Frame delay / dropped frames,Frame delay / dropped frames | Motion blur or defocus | Geometric inconsistency (calibration or depth scale error),42.42179900006704,6.362439999975322,1,0.9464243812642699,0.5245652812463257,0.9064937145876851,1.0,1.0,0.9794472075344626,0.7908631244194988,0.8498123859956799,0.9775542298652209,1.0,0.9842079274502433,0.6588075008303039,0.2,-0.006718801415484421,0
approach,frame_delay,time,1.0,13,1,1,0,0,1.0,1.0,1.0,0.7825492800450665,-0.7547745497330389,0.7547745497330389,0.7657274086172754,0.7965852401877235,TRUSTED,Frame delay / dropped frames,Frame delay / dropped frames | Motion blur or defocus | Geometric inconsistency (calibration or depth scale error),41.838730000108626,6.017563999989761,1,0.9464243812642699,0.5245652812463257,0.9064937145876851,1.0,1.0,0.9794472075344626,0.7908631244194988,0.8386184663586631,0.9753235797273999,1.0,0.9835292527643485,0.7750357493398037,0.2,1.3845855464106016,1
approach,frame_delay,time,1.0,14,1,1,0,0,1.0,1.0,1.0,0.812693244139297,-2.1444979957912267,2.1444979957912267,2.150135766277587,0.7704942905679627,TRUSTED,Motion blur or defocus,Motion blur or defocus | Frame delay / dropped frames | Geometric inconsistency (calibration or depth scale error),41.961786000001666,6.387430000017957,1,0.9465176823135031,0.4762354239315276,0.9105402046554798,1.0,1.0,1.0,0.7938259796690255,0.8217890436000664,0.9730523105587144,1.0,0.9821349067648435,0.6205732503480589,0.2,-0.005137899647586153,0
approach,frame_delay,time,1.0,15,1,1,0,0,1.0,1.0,1.0,0.7542980495436653,-0.754339964493461,0.754339964493461,0.7694949370531887,0.7900733978632747,TRUSTED,Motion blur or defocus,Motion blur or defocus | Frame delay / dropped frames | Geometric inconsistency (calibration or depth scale error),43.225503000030585,6.005674000107319,1,0.9465176823135031,0.4762354239315276,0.9105402046554798,1.0,1.0,1.0,0.7938259796690255,0.8120276545447772,0.9708112596656561,1.0,0.9808128421245784,0.7905089932931476,0.2,1.3850201316501796,1
approach,frame_delay,time,1.0,16,1,1,0,0,1.0,1.0,1.0,0.7910226847901509,-2.1444305751634687,2.1444305751634687,2.1498698163601446,0.8132985281401962,TRUSTED,Geometric inconsistency (calibration or depth scale error),Geometric inconsistency (calibration or depth scale error) | Frame delay / dropped frames | Unstable tracking / temporal disagreement,42.2268410001152,6.088631000011446,1,0.9474269948603227,0.8643373594604538,0.9170181259056187,1.0,1.0,1.0,0.8776735828785295,0.796044467564866,0.9585250565042449,1.0,0.9781050810622701,0.588233412450949,0.2,-0.005070479019828156,0
approach,frame_delay,time,1.0,17,1,1,0,0,1.0,1.0,1.0,0.7236736119138403,-0.7540779943051561,0.7540779943051561,0.7668911803641412,0.8362560745358372,TRUSTED,Frame delay / dropped frames,Frame delay / dropped frames | Geometric inconsistency (calibration or depth scale error) | Unstable tracking / temporal disagreement,43.48027899993667,6.649089000006825,1,0.9474269948603227,0.8643373594604538,0.9170181259056187,1.0,1.0,1.0,0.8776735828785295,0.7869660030309245,0.9567214323843954,1.0,0.9768059508309757,0.7679150718527821,0.2,1.3852821018384844,1
approach,frame_delay,time,1.0,18,1,1,0,0,1.0,1.0,1.0,0.7570248925505386,-2.1447093383125626,2.1447093383125626,2.149942704407744,0.796759813109766,TRUSTED,Geometric inconsistency (calibration or depth scale error),Geometric inconsistency (calibration or depth scale error) | Frame delay / dropped frames | Unstable tracking / temporal disagreement,43.58403699995961,6.338816000038605,1,0.944409674041668,0.8062603890743729,0.9279691165086713,1.0,1.0,1.0,0.8559878171269213,0.7664419966291813,0.9419235689163515,1.0,0.9739904018818536,0.5475631415917203,0.2,-0.005349242168922075,0
approach,frame_delay,time,1.0,19,1,1,0,0,1.0,1.0,1.0,0.6675209311210744,-0.7541612542193867,0.7541612542193867,0.7664486984669416,0.8242456350197344,TRUSTED,Frame delay / dropped frames,Frame delay / dropped frames | Geometric inconsistency (calibration or depth scale error) | Unstable tracking / temporal disagreement,42.52659099995526,6.139029999985723,1,0.944409674041668,0.8062603890743729,0.9279691165086713,1.0,1.0,1.0,0.8559878171269213,0.7546872708337783,0.9374817253653942,1.0,0.9720420261390581,0.7597171552369792,0.2,1.3851988419242538,1
approach,frame_delay,time,1.0,20,1,1,0,0,1.0,1.0,1.0,0.7038366211950601,-2.1452866015226952,2.1452866015226952,2.1504049701233017,0.7736782097090404,TRUSTED,Geometric inconsistency (calibration or depth scale error),Geometric inconsistency (calibration or depth scale error) | Frame delay / dropped frames | Distribution shift (input unlike calibration set),42.14862699996047,6.150995999973929,1,0.9451319616738477,0.8721588134541942,0.9539331512059088,1.0,1.0,1.0,0.7101500883253993,0.7303862134699197,0.9070322501430701,1.0,0.9660329033644394,0.47897347781389515,0.2,-0.005926505379054703,0
approach,frame_delay,time,1.0,21,1,1,0,0,1.0,1.0,1.0,0.5824230962092691,-0.7545439678689725,0.7545439678689725,0.7657958775637028,0.8055134450777709,TRUSTED,Frame delay / dropped frames,Frame delay / dropped frames | Geometric inconsistency (calibration or depth scale error) | Distribution shift (input unlike calibration set),43.55040100017504,6.548971000029269,1,0.9451319616738477,0.8721588134541942,0.9539331512059088,1.0,1.0,1.0,0.7101500883253993,0.7160724683495491,0.9002914594751116,1.0,0.9632284787366521,0.7087067804794758,0.2,1.384816128274668,1
approach,frame_delay,time,1.0,22,1,1,0,0,1.0,1.0,1.0,0.6253174716105309,-2.144196842027746,2.144196842027746,2.1497722525615934,0.7062391676526225,CAUTION,Geometric inconsistency (calibration or depth scale error),Geometric inconsistency (calibration or depth scale error) | Distribution shift (input unlike calibration set) | Frame delay / dropped frames,44.471883000028356,6.437830999971084,1,0.9447679459664675,1.0,0.9693214860310317,1.0,1.0,1.0,0.33608519304324214,0.6842424505553661,0.8414292661736242,1.0,0.9515012790625844,0.3787003982891686,0.2,-0.004836745884105653,0
approach,frame_delay,time,1.0,23,1,0,1,1,0.0,0.0,0.0,,,,,0.7438214983607305,CAUTION,Distribution shift (input unlike calibration set),Distribution shift (input unlike calibration set) | Frame delay / dropped frames | Geometric inconsistency (calibration or depth scale error),43.6166989998128,6.717177999917112,1,0.9447679459664675,1.0,0.9693214860310317,1.0,1.0,1.0,0.33608519304324214,0.6647434358478136,0.8298548323610018,1.0,0.9452713238514885,0.6310647085317895,0.2,,1
approach,distribution_shift,image,0.25,0,1,1,0,0,1.0,1.0,1.0,1.0,-2.1398468017578125,2.1398468017578125,2.1412138842079527,0.2466240730593646,DEGRADED,Unstable tracking / temporal disagreement,Unstable tracking / temporal disagreement | Motion blur or defocus | Distribution shift (input unlike calibration set),42.4891379999508,6.090978999964136,1,0.7553031170505442,0.5726220534442313,0.8732700503317573,1.0,1.0,1.0,0.6559709890088035,0.0,1.0,0.9913793103448276,0.9903422328699842,0.8462155020583905,1.0,-0.0004867056141719672,0
approach,distribution_shift,image,0.25,1,1,1,0,0,1.0,1.0,1.0,0.9536231884057961,-2.144187595533289,2.144187595533289,2.1449114067931827,0.8751894183538641,TRUSTED,Motion blur or defocus,Motion blur or defocus | Distribution shift (input unlike calibration set) | Low detector confidence,42.80394800002796,6.105251999997563,1,0.7518202847604737,0.6001088473807977,0.8733606011584492,1.0,1.0,1.0,0.6595999144898657,0.9655172413793104,0.9394130628134758,0.9694444444444444,0.9903441577618255,0.9664622166220115,1.0,-0.0048274993896484375,0
approach,distribution_shift,image,0.25,2,1,1,0,0,1.0,1.0,1.0,0.9393272027681666,-2.1388733905294686,2.1388733905294686,2.1409689649329118,0.8329589501196052,TRUSTED,Motion blur or defocus,Motion blur or defocus | Distribution shift (input unlike calibration set) | Low detector confidence,43.065670999908434,6.42078299995319,1,0.7564493482357348,0.38533040343072195,0.8739286661102743,1.0,1.0,1.0,0.6111434095788679,0.9153869143364404,0.9158307255555842,0.9975186104218362,0.9889931043189677,0.9789963672422494,1.0,0.0004867056141719672,0
approach,distribution_shift,image,0.25,3,1,1,0,0,1.0,1.0,1.0,0.952995945833292,-2.1428250851838513,2.1428250851838513,2.1446287880716817,0.8122938885078309,TRUSTED,Motion blur or defocus,Motion blur or defocus | Distribution shift (input unlike calibration set) | Low detector confidence,43.38031099996442,6.235771999968165,1,0.7565268416300686,0.34384776961489955,0.8740899597703193,1.0,1.0,1.0,0.5934646573775422,0.9132667179774656,0.9242887448430572,1.0,0.9889947885049817,0.8722635871733965,1.0,-0.003464989040210753,0
approach,distribution_shift,image,0.25,4,1,1,0,0,1.0,1.0,1.0,0.9095231796911493,-2.1442638480145035,2.1442638480145035,2.146423133649435,0.8707260488666501,TRUSTED,Motion blur or defocus,Motion blur or defocus | Distribution shift (input unlike calibration set) | Low detector confidence,43.82406900015212,6.371075000060955,1,0.7558730946684183,0.6525878269589704,0.8747514052621702,1.0,1.0,1.0,0.6673329486509179,0.8921811995439302,0.9423710651736035,1.0,0.9889846095653251,0.8854908716265137,1.0,-0.004903751870863005,0
approach,distribution_shift,image,0.25,5,1,1,0,0,1.0,1.0,1.0,0.9114950915286646,-2.1455080612846054,2.1455080612846054,2.1472684352056604,0.856401641244736,TRUSTED,Motion blur or defocus,Motion blur or defocus | Distribution shift (input unlike calibration set) | Geometric inconsistency (calibration or depth scale error),43.48282700004802,6.307050000032177,1,0.7566655104184358,0.6236410579693534,0.8749657560472299,1.0,1.0,1.0,0.6652239500769002,0.8902994592222496,0.9440386181314494,1.0,0.9889715878760486,0.7918568631101317,1.0,-0.006147965140964828,0
approach,distribution_shift,image,0.25,6,1,1,0,0,1.0,1.0,1.0,0.9070515352074006,-2.144632256549336,2.144632256549336,2.1467471706729206,0.8181190438023763,TRUSTED,Motion blur or defocus,Motion blur or defocus | Distribution shift (input unlike calibration set) | Geometric inconsistency (calibration or depth scale error),43.329931999892324,6.265708999990238,1,0.7563757188331383,0.4100573441628346,0.87571916722244,1.0,1.0,1.0,0.6231523119435924,0.8794262513784692,0.9510303196960103,1.0,0.9876312135732933,0.7854185212228489,1.0,-0.0052721604056955584,0
approach,distribution_shift,image,0.25,7,1,1,0,0,1.0,1.0,1.0,0.895462028304939,-2.1437545444654376,2.1437545444654376,2.146545362615997,0.8621969522812044,TRUSTED,Motion blur or defocus,Motion blur or defocus | Distribution shift (input unlike calibration set) | Low detector confidence,43.25992600001882,6.255953000049885,1,0.7562738882215845,0.6637299808985012,0.876480360109319,1.0,1.0,1.0,0.6712930206645804,0.868632858052334,0.9544417849303355,1.0,0.9875998922109123,0.8059104515069078,1.0,-0.004394448321797029,0
approach,distribution_shift,image,0.25,8,1,1,0,0,1.0,1.0,1.0,0.9041644063674215,-2.1480724500573203,2.1480724500573203,2.150719524830739,0.8462633930144884,TRUSTED,Motion blur or defocus,Motion blur or defocus | Distribution shift (input unlike calibration set) | Low detector confidence,43.536587000062354,6.0118989999864425,1,0.756496873705783,0.5392898400519883,0.8771750547328457,1.0,1.0,1.0,0.6578432151307769,0.8625065741585757,0.9551470004924516,1.0,0.9869345666330657,0.8255706253647928,1.0,-0.008712353913679749,0
approach,distribution_shift,image,0.25,9,1,1,0,0,1.0,1.0,1.0,0.8887071526171582,-2.145268315854281,2.145268315854281,2.147613863467598,0.8590962703346804,TRUSTED,Motion blur or defocus,Motion blur or defocus | Distribution shift (input unlike calibration set) | Low detector confidence,44.08209500013527,6.397918000061509,1,0.7533348442513297,0.6266243222762395,0.8780855149980995,1.0,1.0,1.0,0.6708244884650385,0.8546286396900773,0.9550387818811434,1.0,0.9862317948410332,0.8318487802768822,1.0,-0.005908219710640594,0
approach,distribution_shift,image,0.25,10,1,1,0,0,1.0,1.0,1.0,0.8946753685767916,-2.1472707002059295,2.1472707002059295,2.15018179832865,0.8411657560478177,TRUSTED,Motion blur or defocus,Motion blur or defocus | Distribution shift (input unlike calibration set) | Low detector confidence,44.27584300003673,6.620610000027227,1,0.7567288010139289,0.519607061941666,0.8792202300450827,1.0,1.0,1.0,0.6572521345020963,0.8494114461355181,0.956973441346246,1.0,0.9849109773699238,0.8154805872994672,1.0,-0.00791060406228894,0
approach,distribution_shift,image,0.25,11,1,1,0,0,1.0,1.0,1.0,0.8903641576332073,-2.1474429835443907,2.1474429835443907,2.1504515144189877,0.8678831777470051,TRUSTED,Distribution shift (input unlike calibration set),Distribution shift (input unlike calibration set) | Geometric inconsistency (calibration or depth scale error) | Low detector confidence,43.02302500002497,6.304885999952603,1,0.7540770719967919,0.7570200616501754,0.8802905691137143,1.0,1.0,1.0,0.681244924042248,0.844430060393149,0.958624460852685,1.0,0.9842075768288774,0.7755393104837309,1.0,-0.008082887400750138,0
approach,distribution_shift,image,0.25,12,1,1,0,0,1.0,1.0,1.0,0.8820920326765909,-2.146078897559125,2.146078897559125,2.149938748004341,0.8468690378630898,TRUSTED,Motion blur or defocus,Motion blur or defocus | Geometric inconsistency (calibration or depth scale error) | Distribution shift (input unlike calibration set),43.90149100015606,6.111214000043219,1,0.7572698952215621,0.6411353437455092,0.8815596955440681,1.0,1.0,1.0,0.6768439307912113,0.8417578150642885,0.9595206504016546,1.0,0.9835292527643485,0.714001428341753,1.0,-0.006718801415484421,0
approach,distribution_shift,image,0.25,13,1,1,0,0,1.0,1.0,1.0,0.870227452265836,-2.1447148115738592,2.1447148115738592,2.1498154792408286,0.8498178261445164,TRUSTED,Geometric inconsistency (calibration or depth scale error),Geometric inconsistency (calibration or depth scale error) | Motion blur or defocus | Distribution shift (input unlike calibration set),45.764853000036965,6.6232380000883495,1,0.7576904373045087,0.6801377214201207,0.8839267507480612,1.0,1.0,1.0,0.682247193193197,0.8244807377161877,0.9615380488624027,1.0,0.9828460120568426,0.707228867065542,1.0,-0.005354715430218704,0
approach,distribution_shift,image,0.25,14,1,1,0,0,1.0,1.0,1.0,0.8546100777535351,-2.1444979957912267,2.1444979957912267,2.150159487998381,0.8354279794594004,TRUSTED,Motion blur or defocus,Motion blur or defocus | Geometric inconsistency (calibration or depth scale error) | Distribution shift (input unlike calibration set),44.65555900014806,6.704227999989598,1,0.7573631962707953,0.5820619895358926,0.8865046195954464,1.0,1.0,1.0,0.6747559927857648,0.8132337652955243,0.9680006314513088,1.0,0.9808469148206236,0.7003960398013273,1.0,-0.005137899647586153,0
approach,distribution_shift,image,0.25,15,1,1,0,0,1.0,1.0,1.0,0.8465961988071452,-2.1440856767737344,2.1440856767737344,2.1493914475135574,0.8333875938776865,TRUSTED,Geometric inconsistency (calibration or depth scale error),Geometric inconsistency (calibration or depth scale error) | Motion blur or defocus | Distribution shift (input unlike calibration set),43.40019299991127,6.425537000041004,1,0.7573999725516394,0.6064514445984958,0.8897729384963575,1.0,1.0,1.0,0.6793855396681481,0.797151428073022,0.9644221587408954,1.0,0.9794569674248728,0.6693281956651842,1.0,-0.004725580630093873,0
approach,distribution_shift,image,0.25,16,1,1,0,0,1.0,1.0,1.0,0.8348320282952361,-2.145382342131242,2.145382342131242,2.1503700017762886,0.8695996391252482,TRUSTED,Geometric inconsistency (calibration or depth scale error),Geometric inconsistency (calibration or depth scale error) | Distribution shift (input unlike calibration set) | Low detector confidence,42.91748400009965,5.89955700002065,1,0.7578160433231986,1.0,0.89439810494098,1.0,1.0,1.0,0.6819844397920984,0.7860173587757845,0.9567921949428031,1.0,0.9780550725906103,0.6578301665814723,1.0,-0.006022245987601593,0
approach,distribution_shift,image,0.25,17,1,1,0,0,1.0,1.0,1.0,0.8261158107165149,-2.144386374432109,2.144386374432109,2.149389547587052,0.8318312323910158,TRUSTED,Geometric inconsistency (calibration or depth scale error),Geometric inconsistency (calibration or depth scale error) | Motion blur or defocus | Distribution shift (input unlike calibration set),43.83338499985712,6.448278999982904,1,0.7574632866402699,0.6689530184450061,0.8997179660091297,1.0,1.0,1.0,0.6837140768069687,0.7691238629231579,0.9552121018669155,1.0,0.9754056147051826,0.6214247201777734,1.0,-0.0050262782884686885,0
approach,distribution_shift,image,0.25,18,1,1,0,0,1.0,1.0,1.0,0.8041500120619413,-2.1454656020454728,2.1454656020454728,2.1503355527960757,0.8588125851454774,TRUSTED,Geometric inconsistency (calibration or depth scale error),Geometric inconsistency (calibration or depth scale error) | Distribution shift (input unlike calibration set) | Unstable tracking / temporal disagreement,43.55420000001686,6.316759000014827,1,0.7552551879989602,0.9854293644242336,0.9078074090030512,1.0,1.0,1.0,0.6756648826964167,0.7538606352857576,0.9476484033480537,1.0,0.9727181580507629,0.620592505776833,1.0,-0.006105505901832231,0
approach,distribution_shift,image,0.25,19,1,1,0,0,1.0,1.0,1.0,0.7897263572457165,-2.1444472229999043,2.1444472229999043,2.1495817387321066,0.8326247324607239,TRUSTED,Geometric inconsistency (calibration or depth scale error),Geometric inconsistency (calibration or depth scale error) | Distribution shift (input unlike calibration set) | Unstable tracking / temporal disagreement,43.1908640000529,6.6673669999772756,1,0.7577133928988408,0.7847323591211752,0.9202439991065181,1.0,1.0,1.0,0.6608561551803978,0.7383132097454853,0.942452104165506,1.0,0.9693605502383374,0.5815472788891296,1.0,-0.0050871268562637795,0
approach,distribution_shift,image,0.25,20,1,1,0,0,1.0,1.0,1.0,0.7575673671902845,-2.1452866015226952,2.1452866015226952,2.1500160263053645,0.8385062913898811,TRUSTED,Geometric inconsistency (calibration or depth scale error),Geometric inconsistency (calibration or depth scale error) | Distribution shift (input unlike calibration set) | Unstable tracking / temporal disagreement,45.07661599996027,6.447221000030368,1,0.7559118592710169,1.0,0.9395306177635607,1.0,1.0,1.0,0.6079607411968337,0.7169478523441272,0.9260465105438057,1.0,0.9646991739592709,0.5568793777245628,1.0,-0.005926505379054703,0
approach,distribution_shift,image,0.25,21,1,1,0,0,1.0,1.0,1.0,0.7345947004757141,-2.1449582058450467,2.1449582058450467,2.1499628525235606,0.8157581186987312,TRUSTED,Geometric inconsistency (calibration or depth scale error),Geometric inconsistency (calibration or depth scale error) | Distribution shift (input unlike calibration set) | Unstable tracking / temporal disagreement,45.190591999926255,6.666959999961364,1,0.7562114041104807,1.0,0.970422598232172,1.0,1.0,1.0,0.5169004511847444,0.6947702243774607,0.9121259724893216,1.0,0.9587280596189461,0.5034292705579483,1.0,-0.005598109701406173,0
approach,distribution_shift,image,0.25,22,1,1,0,0,1.0,1.0,1.0,0.6871631890351276,-2.1449299791584835,2.1449299791584835,2.1499700153056587,0.7641297282919665,TRUSTED,Distribution shift (input unlike calibration set),Distribution shift (input unlike calibration set) | Geometric inconsistency (calibration or depth scale error) | Unstable tracking / temporal disagreement,45.352078999940204,6.775052999955733,1,0.7554918974083742,1.0,0.9667011714836347,1.0,1.0,1.0,0.3049977160556363,0.6653900880642669,0.8783688707645074,1.0,0.9488839392247721,0.4579879818081363,1.0,-0.005569883014842958,0
approach,distribution_shift,image,0.25,23,1,1,0,0,1.0,1.0,1.0,0.6353737789119208,-2.144843101501465,2.144843101501465,2.149916318140697,0.23321566285837167,DEGRADED,Distribution shift (input unlike calibration set),Distribution shift (input unlike calibration set) | Geometric inconsistency (calibration or depth scale error) | Unstable tracking / temporal disagreement,45.95308599994041,6.860929000026772,1,0.7544111928698368,1.0,0.8305735669756891,1.0,1.0,1.0,0.0,0.6301228335353233,0.8151645653717503,1.0,0.9342138715527208,0.39031239293354525,1.0,-0.005483005357824311,0
approach,distribution_shift,image,0.5,0,1,0,0,1,0.0,0.0,0.0,,,,,0.0010241148677374006,DEGRADED,Geometric inconsistency (calibration or depth scale error),Geometric inconsistency (calibration or depth scale error) | Low detector confidence | Unstable tracking / temporal disagreement,41.583651999985705,5.9194949999437085,0,0.0,0.6772452576124328,0.8468299163660538,1.0,1.0,1.0,0.5506206008594405,0.0,0.0,0.0,0.0,0.0,1.0,,1
approach,distribution_shift,image,0.5,1,1,0,0,1,0.0,0.0,0.0,,,,,0.0010286161970737742,DEGRADED,Geometric inconsistency (calibration or depth scale error),Geometric inconsistency (calibration or depth scale error) | Low detector confidence | Unstable tracking / temporal disagreement,42.757488999995985,6.389963000060561,0,0.0,0.7088145702769338,0.8469360306160834,1.0,1.0,1.0,0.5520441620413987,0.0,0.0,0.0,0.0,0.0,1.0,,1
approach,distribution_shift,image,0.5,2,1,0,0,1,0.0,0.0,0.0,,,,,0.0009845083720759894,DEGRADED,Geometric inconsistency (calibration or depth scale error),Geometric inconsistency (calibration or depth scale error) | Low detector confidence | Unstable tracking / temporal disagreement,42.061455999942154,6.149650999986989,0,0.0,0.4578843444334409,0.8476271880979427,1.0,1.0,1.0,0.5273438099694603,0.0,0.0,0.0,0.0,0.0,1.0,,1
approach,distribution_shift,image,0.5,3,1,0,0,1,0.0,0.0,0.0,,,,,0.0009721676533653599,DEGRADED,Geometric inconsistency (calibration or depth scale error),Geometric inconsistency (calibration or depth scale error) | Low detector confidence | Unstable tracking / temporal disagreement,40.42506400003276,5.994288000010783,0,0.0,0.4074933668733312,0.8478139491779948,1.0,1.0,1.0,0.5156937229522205,0.0,0.0,0.0,0.0,0.0,1.0,,1
approach,distribution_shift,image,0.5,4,1,0,0,1,0.0,0.0,0.0,,,,,0.0010377746911089056,DEGRADED,Geometric inconsistency (calibration or depth scale error),Geometric inconsistency (calibration or depth scale error) | Low detector confidence | Unstable tracking / temporal disagreement,38.594217999957436,6.041473999971458,0,0.0,0.7738921032425482,0.8485857534898766,1.0,1.0,1.0,0.5565405610307947,0.0,0.0,0.0,0.0,0.0,1.0,,1
approach,distribution_shift,image,0.5,5,1,0,0,1,0.0,0.0,0.0,,,,,0.0010331265986488988,DEGRADED,Geometric inconsistency (calibration or depth scale error),Geometric inconsistency (calibration or depth scale error) | Low detector confidence | Unstable tracking / temporal disagreement,42.158724999922015,6.1280329999817695,0,0.0,0.7365968657591113,0.8488333534066123,1.0,1.0,1.0,0.5564179820747042,0.0,0.0,0.0,0.0,0.0,1.0,,1
approach,distribution_shift,image,0.5,6,1,0,0,1,0.0,0.0,0.0,,,,,0.0009925234665762823,DEGRADED,Geometric inconsistency (calibration or depth scale error),Geometric inconsistency (calibration or depth scale error) | Low detector confidence | Unstable tracking / temporal disagreement,41.42687700004899,6.0262509999802205,0,0.0,0.49040652367127,0.849742398815199,1.0,1.0,1.0,0.5372328389682564,0.0,0.0,0.0,0.0,0.0,1.0,,1
approach,distribution_shift,image,0.5,7,1,0,0,1,0.0,0.0,0.0,,,,,0.0010399863796147744,DEGRADED,Geometric inconsistency (calibration or depth scale error),Geometric inconsistency (calibration or depth scale error) | Low detector confidence | Unstable tracking / temporal disagreement,40.26918099998511,6.057935000058023,0,0.0,0.7853363279610623,0.8506245619471116,1.0,1.0,1.0,0.5603484101771274,0.0,0.0,0.0,0.0,0.0,1.0,,1
approach,distribution_shift,image,0.5,8,1,0,0,1,0.0,0.0,0.0,,,,,0.0010200152049082954,DEGRADED,Geometric inconsistency (calibration or depth scale error),Geometric inconsistency (calibration or depth scale error) | Low detector confidence | Unstable tracking / temporal disagreement,38.45258899991677,5.896094999911838,0,0.0,0.6378705216955921,0.8514586199523441,1.0,1.0,1.0,0.5569416954272473,0.0,0.0,0.0,0.0,0.0,1.0,,1
approach,distribution_shift,image,0.5,9,1,0,0,1,0.0,0.0,0.0,,,,,0.0010351203633808515,DEGRADED,Geometric inconsistency (calibration or depth scale error),Geometric inconsistency (calibration or depth scale error) | Low detector confidence | Unstable tracking / temporal disagreement,41.90745599998991,6.146007999973335,0,0.0,0.7409901825367154,0.8525268367359752,1.0,1.0,1.0,0.5630156594050904,0.0,0.0,0.0,0.0,0.0,1.0,,1
approach,distribution_shift,image,0.5,10,1,0,0,1,0.0,0.0,0.0,,,,,0.001017231617268593,DEGRADED,Geometric inconsistency (calibration or depth scale error),Geometric inconsistency (calibration or depth scale error) | Low detector confidence | Unstable tracking / temporal disagreement,43.14515900000515,6.415736999997534,0,0.0,0.6150373293390231,0.853877317424685,1.0,1.0,1.0,0.5592429217790007,0.0,0.0,0.0,0.0,0.0,1.0,,1
approach,distribution_shift,image,0.5,11,1,0,0,1,0.0,0.0,0.0,,,,,0.001053938250370522,DEGRADED,Geometric inconsistency (calibration or depth scale error),Geometric inconsistency (calibration or depth scale error) | Low detector confidence | Unstable tracking / temporal disagreement,41.31938800003354,5.907926999952906,0,0.0,0.8951314823484819,0.8551330027167017,1.0,1.0,1.0,0.5668303113057811,0.0,0.0,0.0,0.0,0.0,1.0,,1
approach,distribution_shift,image,0.5,12,1,0,0,1,0.0,0.0,0.0,,,,,0.001038713528915564,DEGRADED,Geometric inconsistency (calibration or depth scale error),Geometric inconsistency (calibration or depth scale error) | Low detector confidence | Unstable tracking / temporal disagreement,39.83604299992294,6.435441000007813,0,0.0,0.7578261559360602,0.8566433622087893,1.0,1.0,1.0,0.5696971363088406,0.0,0.0,0.0,0.0,0.0,1.0,,1
approach,distribution_shift,image,0.5,13,1,0,0,1,0.0,0.0,0.0,,,,,0.0010452996741963463,DEGRADED,Geometric inconsistency (calibration or depth scale error),Geometric inconsistency (calibration or depth scale error) | Low detector confidence | Unstable tracking / temporal disagreement,42.12092499994924,6.3301420000243525,0,0.0,0.8044880455814498,0.8594306298428995,1.0,1.0,1.0,0.5738002170009298,0.0,0.0,0.0,0.0,0.0,1.0,,1
approach,distribution_shift,image,0.5,14,1,0,0,1,0.0,0.0,0.0,,,,,0.0010311019992737744,DEGRADED,Geometric inconsistency (calibration or depth scale error),Geometric inconsistency (calibration or depth scale error) | Low detector confidence | Unstable tracking / temporal disagreement,41.6194079999741,6.089425000027404,0,0.0,0.68847889644781,0.862499453953755,1.0,1.0,1.0,0.5752017818119326,0.0,0.0,0.0,0.0,0.0,1.0,,1
approach,distribution_shift,image,0.5,15,1,0,0,1,0.0,0.0,0.0,,,,,0.0010361004513232967,DEGRADED,Geometric inconsistency (calibration or depth scale error),Geometric inconsistency (calibration or depth scale error) | Low detector confidence | Unstable tracking / temporal disagreement,40.66489500019088,5.943834000049719,0,0.0,0.7173070232976954,0.8663648423681658,1.0,1.0,1.0,0.580169311243625,0.0,0.0,0.0,0.0,0.0,1.0,,1
approach,distribution_shift,image,0.5,16,1,0,0,1,0.0,0.0,0.0,,,,,0.0010664415877326074,DEGRADED,Geometric inconsistency (calibration or depth scale error),Geometric inconsistency (calibration or depth scale error) | Low detector confidence | Unstable tracking / temporal disagreement,38.89226199987661,5.992401999947106,0,0.0,1.0,0.8718134553930179,1.0,1.0,1.0,0.568812257763081,0.0,0.0,0.0,0.0,0.0,1.0,,1
approach,distribution_shift,image,0.5,17,1,0,0,1,0.0,0.0,0.0,,,,,0.0010477818604129154,DEGRADED,Geometric inconsistency (calibration or depth scale error),Geometric inconsistency (calibration or depth scale error) | Low detector confidence | Unstable tracking / temporal disagreement,41.627673000220966,6.279271000039444,0,0.0,0.7911803616153588,0.8781251309847774,1.0,1.0,1.0,0.5886525188291805,0.0,0.0,0.0,0.0,0.0,1.0,,1
approach,distribution_shift,image,0.5,18,1,0,0,1,0.0,0.0,0.0,,,,,0.0010691827009505091,DEGRADED,Geometric inconsistency (calibration or depth scale error),Geometric inconsistency (calibration or depth scale error) | Low detector confidence | Unstable tracking / temporal disagreement,42.53051100022276,6.200785000032738,0,0.0,1.0,0.8876612649207689,1.0,1.0,1.0,0.5767310614499688,0.0,0.0,0.0,0.0,0.0,1.0,,1
approach,distribution_shift,image,0.5,19,1,0,0,1,0.0,0.0,0.0,,,,,0.0010640830390181782,DEGRADED,Geometric inconsistency (calibration or depth scale error),Geometric inconsistency (calibration or depth scale error) | Low detector confidence | Unstable tracking / temporal disagreement,41.1018359998252,6.1002599999255835,0,0.0,0.9285612410297909,0.9023722371165364,1.0,1.0,1.0,0.5815828573248834,0.0,0.0,0.0,0.0,0.0,1.0,,1
approach,distribution_shift,image,0.5,20,1,0,0,1,0.0,0.0,0.0,,,,,0.0010662807835834346,DEGRADED,Geometric inconsistency (calibration or depth scale error),Geometric inconsistency (calibration or depth scale error) | Low detector confidence | Unstable tracking / temporal disagreement,40.331600999820694,6.107929999984663,0,0.0,1.0,0.9251768968762264,1.0,1.0,1.0,0.5415113748091245,0.0,0.0,0.0,0.0,0.0,1.0,,1
approach,distribution_shift,image,0.5,21,1,0,0,1,0.0,0.0,0.0,,,,,0.001056506255385796,DEGRADED,Geometric inconsistency (calibration or depth scale error),Geometric inconsistency (calibration or depth scale error) | Low detector confidence | Unstable tracking / temporal disagreement,42.90731000003234,6.20710499993038,0,0.0,1.0,0.9616794914580682,1.0,1.0,1.0,0.474426038532228,0.0,0.0,0.0,0.0,0.0,1.0,,1
approach,distribution_shift,image,0.5,22,1,0,0,1,0.0,0.0,0.0,,,,,0.0010078338199040558,DEGRADED,Geometric inconsistency (calibration or depth scale error),Geometric inconsistency (calibration or depth scale error) | Low detector confidence | Unstable tracking / temporal disagreement,41.63254299999153,6.059113999981491,0,0.0,1.0,0.9640377038078922,1.0,1.0,1.0,0.28184023425545224,0.0,0.0,0.0,0.0,0.0,1.0,,1
approach,distribution_shift,image,0.5,23,1,0,0,1,0.0,0.0,0.0,,,,,0.0003178082932011626,DEGRADED,Geometric inconsistency (calibration or depth scale error),Geometric inconsistency (calibration or depth scale error) | Low detector confidence | Distribution shift (input unlike calibration set),40.31631099985589,6.050550999930238,0,0.0,1.0,0.8031041247846986,1.0,1.0,1.0,0.0,0.0,0.0,0.0,0.0,0.0,1.0,,1
approach,distribution_shift,image,0.75,0,1,0,0,1,0.0,0.0,0.0,,,,,0.0009886923043778068,DEGRADED,Geometric inconsistency (calibration or depth scale error),Geometric inconsistency (calibration or depth scale error) | Low detector confidence | Unstable tracking / temporal disagreement,38.33936099999846,5.981848999908834,0,0.0,0.7737695606241427,0.8203338955620014,1.0,1.0,1.0,0.33563599119557086,0.0,0.0,0.0,0.0,0.0,1.0,,1
approach,distribution_shift,image,0.75,1,1,0,0,1,0.0,0.0,0.0,,,,,0.0009928048791633776,DEGRADED,Geometric inconsistency (calibration or depth scale error),Geometric inconsistency (calibration or depth scale error) | Low detector confidence | Unstable tracking / temporal disagreement,41.34151399989605,6.003254000006564,0,0.0,0.8091933332248898,0.8204513286653675,1.0,1.0,1.0,0.3358987418428261,0.0,0.0,0.0,0.0,0.0,1.0,,1
approach,distribution_shift,image,0.75,2,1,0,0,1,0.0,0.0,0.0,,,,,0.0009519940987923995,DEGRADED,Geometric inconsistency (calibration or depth scale error),Geometric inconsistency (calibration or depth scale error) | Low detector confidence | Unstable tracking / temporal disagreement,41.12354399990181,6.245460999934949,0,0.0,0.5248157665210613,0.8212330369739187,1.0,1.0,1.0,0.3261345548551523,0.0,0.0,0.0,0.0,0.0,1.0,,1
approach,distribution_shift,image,0.75,3,1,0,0,1,0.0,0.0,0.0,,,,,0.0009396237316935164,DEGRADED,Geometric inconsistency (calibration or depth scale error),Geometric inconsistency (calibration or depth scale error) | Low detector confidence | Unstable tracking / temporal disagreement,39.72875599993131,5.866568999977062,0,0.0,0.4639732546156235,0.8214466803306449,1.0,1.0,1.0,0.31940175468768894,0.0,0.0,0.0,0.0,0.0,1.0,,1
approach,distribution_shift,image,0.75,4,1,0,0,1,0.0,0.0,0.0,,,,,0.0010016056910175939,DEGRADED,Geometric inconsistency (calibration or depth scale error),Geometric inconsistency (calibration or depth scale error) | Low detector confidence | Unstable tracking / temporal disagreement,37.413806999893495,5.87498200002301,0,0.0,0.8846944163176551,0.8223366251742263,1.0,1.0,1.0,0.33793379501537013,0.0,0.0,0.0,0.0,0.0,1.0,,1
approach,distribution_shift,image,0.75,5,1,0,0,1,0.0,0.0,0.0,,,,,0.0009973431212520901,DEGRADED,Geometric inconsistency (calibration or depth scale error),Geometric inconsistency (calibration or depth scale error) | Low detector confidence | Unstable tracking / temporal disagreement,40.44981899994582,6.160131999990881,0,0.0,0.8419117775661566,0.8226203039359721,1.0,1.0,1.0,0.33873840528874,0.0,0.0,0.0,0.0,0.0,1.0,,1
approach,distribution_shift,image,0.75,6,1,0,0,1,0.0,0.0,0.0,,,,,0.0009596480026830143,DEGRADED,Geometric inconsistency (calibration or depth scale error),Geometric inconsistency (calibration or depth scale error) | Low detector confidence | Unstable tracking / temporal disagreement,40.48309899985725,5.954925999958505,0,0.0,0.5610169177479923,0.8236432453062572,1.0,1.0,1.0,0.33240253749072624,0.0,0.0,0.0,0.0,0.0,1.0,,1
approach,distribution_shift,image,0.75,7,1,0,0,1,0.0,0.0,0.0,,,,,0.001003761490319819,DEGRADED,Geometric inconsistency (calibration or depth scale error),Geometric inconsistency (calibration or depth scale error) | Low detector confidence | Unstable tracking / temporal disagreement,38.72637900008158,5.8786130000498815,0,0.0,0.8961345310017765,0.8246647718198752,1.0,1.0,1.0,0.34083223401036133,0.0,0.0,0.0,0.0,0.0,1.0,,1
approach,distribution_shift,image,0.75,8,1,0,0,1,0.0,0.0,0.0,,,,,0.0009858040416158478,DEGRADED,Geometric inconsistency (calibration or depth scale error),Geometric inconsistency (calibration or depth scale error) | Low detector confidence | Unstable tracking / temporal disagreement,37.65222899994569,5.856134999930873,0,0.0,0.7312723024700019,0.8256056515034709,1.0,1.0,1.0,0.3421364049398694,0.0,0.0,0.0,0.0,0.0,1.0,,1
approach,distribution_shift,image,0.75,9,1,0,0,1,0.0,0.0,0.0,,,,,0.0009995997043342085,DEGRADED,Geometric inconsistency (calibration or depth scale error),Geometric inconsistency (calibration or depth scale error) | Low detector confidence | Unstable tracking / temporal disagreement,40.47418699997252,5.980640999950992,0,0.0,0.8462989714138903,0.8268273802354781,1.0,1.0,1.0,0.3440579648581966,0.0,0.0,0.0,0.0,0.0,1.0,,1
approach,distribution_shift,image,0.75,10,1,0,0,1,0.0,0.0,0.0,,,,,0.0009829102396790132,DEGRADED,Geometric inconsistency (calibration or depth scale error),Geometric inconsistency (calibration or depth scale error) | Low detector confidence | Unstable tracking / temporal disagreement,40.73844799984272,5.965866999986247,0,0.0,0.7005207976676523,0.8283610848625723,1.0,1.0,1.0,0.3448702007424955,0.0,0.0,0.0,0.0,0.0,1.0,,1
approach,distribution_shift,image,0.75,11,1,0,0,1,0.0,0.0,0.0,,,,,0.0010152213295650456,DEGRADED,Geometric inconsistency (calibration or depth scale error),Geometric inconsistency (calibration or depth scale error) | Low detector confidence | Unstable tracking / temporal disagreement,40.058529999896564,6.021889999942687,0,0.0,1.0,0.8297971643796392,1.0,1.0,1.0,0.34434240831362983,0.0,0.0,0.0,0.0,0.0,1.0,,1
approach,distribution_shift,image,0.75,12,1,0,0,1,0.0,0.0,0.0,,,,,0.0010032773377860206,DEGRADED,Geometric inconsistency (calibration or depth scale error),Geometric inconsistency (calibration or depth scale error) | Low detector confidence | Unstable tracking / temporal disagreement,38.07204600013847,6.092983000030472,0,0.0,0.8639946854674012,0.8315140929451179,1.0,1.0,1.0,0.34932065374249455,0.0,0.0,0.0,0.0,0.0,1.0,,1
approach,distribution_shift,image,0.75,13,1,0,0,1,0.0,0.0,0.0,,,,,0.001009379411818396,DEGRADED,Geometric inconsistency (calibration or depth scale error),Geometric inconsistency (calibration or depth scale error) | Low detector confidence | Unstable tracking / temporal disagreement,40.396193000105995,6.06854700004078,0,0.0,0.9139520483201284,0.8346862015926687,1.0,1.0,1.0,0.35193046782541626,0.0,0.0,0.0,0.0,0.0,1.0,,1
approach,distribution_shift,image,0.75,14,1,0,0,1,0.0,0.0,0.0,,,,,0.0009969477957340123,DEGRADED,Geometric inconsistency (calibration or depth scale error),Geometric inconsistency (calibration or depth scale error) | Low detector confidence | Unstable tracking / temporal disagreement,40.70272599994951,5.972233999955279,0,0.0,0.7851096292206848,0.8381886792719784,1.0,1.0,1.0,0.3562811582772708,0.0,0.0,0.0,0.0,0.0,1.0,,1
approach,distribution_shift,image,0.75,15,1,0,0,1,0.0,0.0,0.0,,,,,0.0010020253217858908,DEGRADED,Geometric inconsistency (calibration or depth scale error),Geometric inconsistency (calibration or depth scale error) | Low detector confidence | Unstable tracking / temporal disagreement,39.94473099999141,6.088529999942693,0,0.0,0.8179961840695759,0.8425973726465407,1.0,1.0,1.0,0.3600960055772887,0.0,0.0,0.0,0.0,0.0,1.0,,1
approach,distribution_shift,image,0.75,16,1,0,0,1,0.0,0.0,0.0,,,,,0.0010173598510305277,DEGRADED,Geometric inconsistency (calibration or depth scale error),Geometric inconsistency (calibration or depth scale error) | Low detector confidence | Unstable tracking / temporal disagreement,38.2308450000437,6.0049310000067635,0,0.0,1.0,0.8488114231282728,1.0,1.0,1.0,0.34607606902126586,0.0,0.0,0.0,0.0,0.0,1.0,,1
approach,distribution_shift,image,0.75,17,1,0,0,1,0.0,0.0,0.0,,,,,0.0010141080592633188,DEGRADED,Geometric inconsistency (calibration or depth scale error),Geometric inconsistency (calibration or depth scale error) | Low detector confidence | Unstable tracking / temporal disagreement,41.32694400004766,6.083985000032044,0,0.0,0.9022732328158556,0.8560116287069465,1.0,1.0,1.0,0.36779411019652,0.0,0.0,0.0,0.0,0.0,1.0,,1
approach,distribution_shift,image,0.75,18,1,0,0,1,0.0,0.0,0.0,,,,,0.0010216857906124486,DEGRADED,Geometric inconsistency (calibration or depth scale error),Geometric inconsistency (calibration or depth scale error) | Low detector confidence | Unstable tracking / temporal disagreement,41.11513100008324,6.063306999976703,0,0.0,1.0,0.8669081473283173,1.0,1.0,1.0,0.3565434144501781,0.0,0.0,0.0,0.0,0.0,1.0,,1
approach,distribution_shift,image,0.75,19,1,0,0,1,0.0,0.0,0.0,,,,,0.0010260497635657896,DEGRADED,Geometric inconsistency (calibration or depth scale error),Geometric inconsistency (calibration or depth scale error) | Low detector confidence | Unstable tracking / temporal disagreement,39.43840999988879,5.887325999992754,0,0.0,1.0,0.8836572205529861,1.0,1.0,1.0,0.36798117901083316,0.0,0.0,0.0,0.0,0.0,1.0,,1
approach,distribution_shift,image,0.75,20,1,0,0,1,0.0,0.0,0.0,,,,,0.00102117981449597,DEGRADED,Geometric inconsistency (calibration or depth scale error),Geometric inconsistency (calibration or depth scale error) | Low detector confidence | Unstable tracking / temporal disagreement,38.875508000046466,5.960657999935393,0,0.0,1.0,0.9096927055119102,1.0,1.0,1.0,0.3411997211885134,0.0,0.0,0.0,0.0,0.0,1.0,,1
approach,distribution_shift,image,0.75,21,1,0,0,1,0.0,0.0,0.0,,,,,0.0010113645802906,DEGRADED,Geometric inconsistency (calibration or depth scale error),Geometric inconsistency (calibration or depth scale error) | Low detector confidence | Unstable tracking / temporal disagreement,40.468636000127844,6.079013999965355,0,0.0,1.0,0.9513361817935183,1.0,1.0,1.0,0.29601786814550424,0.0,0.0,0.0,0.0,0.0,1.0,,1
approach,distribution_shift,image,0.75,22,1,0,0,1,0.0,0.0,0.0,,,,,0.0009410816217061503,DEGRADED,Geometric inconsistency (calibration or depth scale error),Geometric inconsistency (calibration or depth scale error) | Low detector confidence | Unstable tracking / temporal disagreement,41.359653999961665,6.01994199996625,0,0.0,1.0,0.9639110741361903,1.0,1.0,1.0,0.1326388165839688,0.0,0.0,0.0,0.0,0.0,1.0,,1
approach,distribution_shift,image,0.75,23,1,0,0,1,0.0,0.0,0.0,,,,,0.0003171432991730735,DEGRADED,Geometric inconsistency (calibration or depth scale error),Geometric inconsistency (calibration or depth scale error) | Low detector confidence | Distribution shift (input unlike calibration set),39.724698000100034,5.851194000001669,0,0.0,1.0,0.7803037095950096,1.0,1.0,1.0,0.0,0.0,0.0,0.0,0.0,0.0,1.0,,1
approach,distribution_shift,image,1.0,0,1,0,0,1,0.0,0.0,0.0,,,,,0.0010095183377766457,DEGRADED,Geometric inconsistency (calibration or depth scale error),Geometric inconsistency (calibration or depth scale error) | Low detector confidence | Unstable tracking / temporal disagreement,38.46326799998678,5.977372999950603,0,0.0,0.8685749021240332,0.8481577593480906,1.0,1.0,1.0,0.36615734224926755,0.0,0.0,0.0,0.0,0.0,1.0,,1
approach,distribution_shift,image,1.0,1,1,0,0,1,0.0,0.0,0.0,,,,,0.0010134451281438022,DEGRADED,Geometric inconsistency (calibration or depth scale error),Geometric inconsistency (calibration or depth scale error) | Low detector confidence | Unstable tracking / temporal disagreement,41.21855500000038,6.41695800004527,0,0.0,0.9071388806415775,0.8482914633031279,1.0,1.0,1.0,0.36584133508275984,0.0,0.0,0.0,0.0,0.0,1.0,,1
approach,distribution_shift,image,1.0,2,1,0,0,1,0.0,0.0,0.0,,,,,0.0009730845626263934,DEGRADED,Geometric inconsistency (calibration or depth scale error),Geometric inconsistency (calibration or depth scale error) | Low detector confidence | Unstable tracking / temporal disagreement,41.39742700010629,6.329476000018985,0,0.0,0.5861973719047209,0.8491616001533704,1.0,1.0,1.0,0.36175976792470854,0.0,0.0,0.0,0.0,0.0,1.0,,1
approach,distribution_shift,image,1.0,3,1,0,0,1,0.0,0.0,0.0,,,,,0.0009610445438190959,DEGRADED,Geometric inconsistency (calibration or depth scale error),Geometric inconsistency (calibration or depth scale error) | Low detector confidence | Unstable tracking / temporal disagreement,39.057294999906844,5.749895999997534,0,0.0,0.5187322561032818,0.8493985886451032,1.0,1.0,1.0,0.35640698684091976,0.0,0.0,0.0,0.0,0.0,1.0,,1
approach,distribution_shift,image,1.0,4,1,0,0,1,0.0,0.0,0.0,,,,,0.0010222017760852546,DEGRADED,Geometric inconsistency (calibration or depth scale error),Geometric inconsistency (calibration or depth scale error) | Low detector confidence | Unstable tracking / temporal disagreement,37.210313000059614,5.793511999968359,0,0.0,0.991501805442629,0.8504087963053848,1.0,1.0,1.0,0.3672038610037265,0.0,0.0,0.0,0.0,0.0,1.0,,1
approach,distribution_shift,image,1.0,5,1,0,0,1,0.0,0.0,0.0,,,,,0.0010180536865353476,DEGRADED,Geometric inconsistency (calibration or depth scale error),Geometric inconsistency (calibration or depth scale error) | Low detector confidence | Unstable tracking / temporal disagreement,40.45216099996196,6.033252000065659,0,0.0,0.9437659237756504,0.8507221870571388,1.0,1.0,1.0,0.36879327238760373,0.0,0.0,0.0,0.0,0.0,1.0,,1
approach,distribution_shift,image,1.0,6,1,0,0,1,0.0,0.0,0.0,,,,,0.000980568576022761,DEGRADED,Geometric inconsistency (calibration or depth scale error),Geometric inconsistency (calibration or depth scale error) | Low detector confidence | Unstable tracking / temporal disagreement,40.71259400006966,6.198221000090598,0,0.0,0.6253593044990512,0.8518682209574583,1.0,1.0,1.0,0.3679850169544966,0.0,0.0,0.0,0.0,0.0,1.0,,1
approach,distribution_shift,image,1.0,7,1,0,0,1,0.0,0.0,0.0,,,,,0.0010240648564939301,DEGRADED,Geometric inconsistency (calibration or depth scale error),Geometric inconsistency (calibration or depth scale error) | Low detector confidence | Unstable tracking / temporal disagreement,39.3861749998905,5.967860999930963,0,0.0,1.0,0.8530213291411131,1.0,1.0,1.0,0.3705392125918594,0.0,0.0,0.0,0.0,0.0,1.0,,1
approach,distribution_shift,image,1.0,8,1,0,0,1,0.0,0.0,0.0,,,,,0.0010065558935505026,DEGRADED,Geometric inconsistency (calibration or depth scale error),Geometric inconsistency (calibration or depth scale error) | Low detector confidence | Unstable tracking / temporal disagreement,38.32039500002793,5.947548999984065,0,0.0,0.8164306981410406,0.8540732750730728,1.0,1.0,1.0,0.3750605831674264,0.0,0.0,0.0,0.0,0.0,1.0,,1
approach,distribution_shift,image,1.0,9,1,0,0,1,0.0,0.0,0.0,,,,,0.0010207859237215914,DEGRADED,Geometric inconsistency (calibration or depth scale error),Geometric inconsistency (calibration or depth scale error) | Low detector confidence | Unstable tracking / temporal disagreement,40.90674899998703,6.188874000031319,0,0.0,0.9512544005736762,0.8554513454667904,1.0,1.0,1.0,0.3751703162142519,0.0,0.0,0.0,0.0,0.0,1.0,,1
approach,distribution_shift,image,1.0,10,1,0,0,1,0.0,0.0,0.0,,,,,0.0010044930316756547,DEGRADED,Geometric inconsistency (calibration or depth scale error),Geometric inconsistency (calibration or depth scale error) | Low detector confidence | Unstable tracking / temporal disagreement,41.69100799992975,5.959814999982882,0,0.0,0.7874138233922372,0.8571696888889361,1.0,1.0,1.0,0.37910519233823203,0.0,0.0,0.0,0.0,0.0,1.0,,1
approach,distribution_shift,image,1.0,11,1,0,0,1,0.0,0.0,0.0,,,,,0.0010252604137414396,DEGRADED,Geometric inconsistency (calibration or depth scale error),Geometric inconsistency (calibration or depth scale error) | Low detector confidence | Unstable tracking / temporal disagreement,42.74303800002599,7.607349999943835,0,0.0,1.0,0.858792529486055,1.0,1.0,1.0,0.37330643361960036,0.0,0.0,0.0,0.0,0.0,1.0,,1
approach,distribution_shift,image,1.0,12,1,0,0,1,0.0,0.0,0.0,,,,,0.0010244983740420588,DEGRADED,Geometric inconsistency (calibration or depth scale error),Geometric inconsistency (calibration or depth scale error) | Low detector confidence | Unstable tracking / temporal disagreement,38.18616399996699,6.014686999947116,0,0.0,0.9694438055981821,0.8607146122682575,1.0,1.0,1.0,0.3812536651828454,0.0,0.0,0.0,0.0,0.0,1.0,,1
approach,distribution_shift,image,1.0,13,1,0,0,1,0.0,0.0,0.0,,,,,0.0010282769615704928,DEGRADED,Geometric inconsistency (calibration or depth scale error),Geometric inconsistency (calibration or depth scale error) | Low detector confidence | Unstable tracking / temporal disagreement,40.46080599994184,5.849524999916866,0,0.0,1.0,0.8642864179242532,1.0,1.0,1.0,0.3836056639985551,0.0,0.0,0.0,0.0,0.0,1.0,,1
approach,distribution_shift,image,1.0,14,1,0,0,1,0.0,0.0,0.0,,,,,0.001018647139083225,DEGRADED,Geometric inconsistency (calibration or depth scale error),Geometric inconsistency (calibration or depth scale error) | Low detector confidence | Unstable tracking / temporal disagreement,40.12855899998158,5.900813000039307,0,0.0,0.8819012788636758,0.8682091080336799,1.0,1.0,1.0,0.3907887252309249,0.0,0.0,0.0,0.0,0.0,1.0,,1
approach,distribution_shift,image,1.0,15,1,0,0,1,0.0,0.0,0.0,,,,,0.0010237573810534153,DEGRADED,Geometric inconsistency (calibration or depth scale error),Geometric inconsistency (calibration or depth scale error) | Low detector confidence | Unstable tracking / temporal disagreement,39.021375999936936,5.8393599999817525,0,0.0,0.9188554340660061,0.8731611063683936,1.0,1.0,1.0,0.3944980050097536,0.0,0.0,0.0,0.0,0.0,1.0,,1
approach,distribution_shift,image,1.0,16,1,0,0,1,0.0,0.0,0.0,,,,,0.0010268759152306129,DEGRADED,Geometric inconsistency (calibration or depth scale error),Geometric inconsistency (calibration or depth scale error) | Low detector confidence | Unstable tracking / temporal disagreement,37.926685999991605,5.732470999987527,0,0.0,1.0,0.8801398868786723,1.0,1.0,1.0,0.372439970779077,0.0,0.0,0.0,0.0,0.0,1.0,,1
approach,distribution_shift,image,1.0,17,1,0,0,1,0.0,0.0,0.0,,,,,0.0010344794181259393,DEGRADED,Geometric inconsistency (calibration or depth scale error),Geometric inconsistency (calibration or depth scale error) | Low detector confidence | Unstable tracking / temporal disagreement,40.34768299982261,5.992145999925924,0,0.0,1.0,0.888229329872594,1.0,1.0,1.0,0.40097778346580226,0.0,0.0,0.0,0.0,0.0,1.0,,1
approach,distribution_shift,image,1.0,18,1,0,0,1,0.0,0.0,0.0,,,,,0.001030997378084341,DEGRADED,Geometric inconsistency (calibration or depth scale error),Geometric inconsistency (calibration or depth scale error) | Low detector confidence | Unstable tracking / temporal disagreement,40.31697100003839,5.917361999991044,0,0.0,1.0,0.9004855257510103,1.0,1.0,1.0,0.38216576531731883,0.0,0.0,0.0,0.0,0.0,1.0,,1
approach,distribution_shift,image,1.0,19,1,0,0,1,0.0,0.0,0.0,,,,,0.0010354296872997287,DEGRADED,Geometric inconsistency (calibration or depth scale error),Geometric inconsistency (calibration or depth scale error) | Low detector confidence | Unstable tracking / temporal disagreement,39.062657000044965,5.940140999996402,0,0.0,1.0,0.9192974599962542,1.0,1.0,1.0,0.3940595811994473,0.0,0.0,0.0,0.0,0.0,1.0,,1
approach,distribution_shift,image,1.0,20,1,0,0,1,0.0,0.0,0.0,,,,,0.0010276138159650652,DEGRADED,Geometric inconsistency (calibration or depth scale error),Geometric inconsistency (calibration or depth scale error) | Low detector confidence | Unstable tracking / temporal disagreement,38.03500900016843,6.039780000037354,0,0.0,1.0,0.948539717591072,1.0,1.0,1.0,0.353577698114122,0.0,0.0,0.0,0.0,0.0,1.0,,1
approach,distribution_shift,image,1.0,21,1,0,0,1,0.0,0.0,0.0,,,,,0.001012108356096329,DEGRADED,Geometric inconsistency (calibration or depth scale error),Geometric inconsistency (calibration or depth scale error) | Low detector confidence | Unstable tracking / temporal disagreement,40.126996999902076,5.914634999953705,0,0.0,1.0,0.9953396389957843,1.0,1.0,1.0,0.2878194076797219,0.0,0.0,0.0,0.0,0.0,1.0,,1
approach,distribution_shift,image,1.0,22,1,0,0,1,0.0,0.0,0.0,,,,,0.0008926211409885363,DEGRADED,Geometric inconsistency (calibration or depth scale error),Geometric inconsistency (calibration or depth scale error) | Low detector confidence | Unstable tracking / temporal disagreement,40.43189900005473,5.966402000012749,0,0.0,1.0,0.9094263587443361,1.0,1.0,1.0,0.07768279156412128,0.0,0.0,0.0,0.0,0.0,1.0,,1
approach,distribution_shift,image,1.0,23,1,0,0,1,0.0,0.0,0.0,,,,,0.0003147512408323118,DEGRADED,Geometric inconsistency (calibration or depth scale error),Geometric inconsistency (calibration or depth scale error) | Low detector confidence | Distribution shift (input unlike calibration set),40.4618179999261,6.185612999956902,0,0.0,1.0,0.7031572349668385,1.0,1.0,1.0,0.0,0.0,0.0,0.0,0.0,0.0,1.0,,1
